date,ticker,close,nav,premium_pct,zscore,ret_1d,flag_1.5,flag_2.0,flag_2.5,stress_episode
2021-06-03,HYG,87.08000183105469,87.27239169913062,-0.22044757148308056,,,0,0,0,
2021-06-04,HYG,87.2699966430664,87.16832333705493,0.11664019923652294,,0.002181842076442786,0,0,0,
2021-06-07,HYG,87.30000305175781,86.97434490608798,0.3744301219186751,,0.00034383419096628565,0,0,0,
2021-06-08,HYG,87.36000061035156,86.77340310990233,0.6760107122988807,,0.0006872572336358296,0,0,0,
2021-06-09,HYG,87.43000030517578,87.11126128045395,0.36589875985799186,,0.0008012785523712207,0,0,0,
2021-06-10,HYG,87.58999633789062,87.058617567833,0.6103689501428126,,0.0018299900738463215,0,0,0,
2021-06-11,HYG,87.62000274658203,87.22382934365426,0.4542031757937198,,0.0003425780334052053,0,0,0,
2021-06-14,HYG,87.54000091552734,87.13097064807445,0.4694430285931065,,-0.0009130544230416815,0,0,0,
2021-06-15,HYG,87.52999877929688,86.95952181605162,0.6560258742590654,,-0.00011425789497210292,0,0,0,
2021-06-16,HYG,87.41000366210938,86.96980852229146,0.506147072527001,,-0.0013709027631779724,0,0,0,
2021-06-17,HYG,87.47000122070312,87.11226156884156,0.4106650951529436,,0.0006863923587703269,0,0,0,
2021-06-18,HYG,87.43000030517578,87.47763312194553,-0.05445142383236155,,-0.0004573101059689444,0,0,0,
2021-06-21,HYG,87.5999984741211,88.02848863359438,-0.48676305378456697,,0.00194439172311478,0,0,0,
2021-06-22,HYG,87.66000366210938,87.65949956990444,0.0005750571328925348,,0.0006849907423915891,0,0,0,
2021-06-23,HYG,87.56999969482422,87.52776538626235,0.048252469802573354,,-0.001026739259926135,0,0,0,
2021-06-24,HYG,87.83999633789062,87.2481536310698,0.6783441049348089,,0.0030832093640211777,0,0,0,
2021-06-25,HYG,87.93000030517578,87.34957893055282,0.664481021808269,,0.0010246353715559486,0,0,0,
2021-06-28,HYG,87.91999816894531,87.19442241933069,0.8321355076190775,,-0.00011375112243550145,0,0,0,
2021-06-29,HYG,88.02999877929688,87.20981022633696,0.940477396787439,,0.0012511443658151933,0,0,0,
2021-06-30,HYG,88.04000091552734,86.88442751284147,1.3300121043153348,,0.00011362190581820641,0,0,0,
2021-07-01,HYG,87.91999816894531,87.10129550523224,0.9399431535021066,,-0.001363047993345301,0,0,0,
2021-07-02,HYG,88.05999755859375,87.48166087706366,0.6610947662994363,,0.0015923497789367413,0,0,0,
2021-07-06,HYG,88.01000213623047,87.74241088422914,0.3049736715741659,,-0.0005677427180260652,0,0,0,
2021-07-07,HYG,88.04000091552734,87.90142503375533,0.15764918682353338,,0.0003408564773177414,0,0,0,
2021-07-08,HYG,87.8499984741211,87.2622248312839,0.6735716903546932,,-0.002158137658228254,0,0,0,
2021-07-09,HYG,88.0,87.81121568104149,0.2149888456666361,,0.001707473289519701,0,0,0,
2021-07-12,HYG,87.97000122070312,87.64922929491198,0.3659723289886018,,-0.0003408952192827108,0,0,0,
2021-07-13,HYG,87.70999908447266,87.59981545646063,0.1257806622512669,,-0.0029555772720539775,0,0,0,
2021-07-14,HYG,87.8499984741211,87.74118031412486,0.12402176447438862,,0.0015961622518501084,0,0,0,
2021-07-15,HYG,87.79000091552734,88.09469882713341,-0.34587542231567503,,-0.0006829545775282053,0,0,0,
2021-07-16,HYG,87.66999816894531,88.25635134505757,-0.664375047434012,,-0.0013669295515499336,0,0,0,
2021-07-19,HYG,87.08000183105469,87.2369850329998,-0.17995028357035334,,-0.006729740506594584,0,0,0,
2021-07-20,HYG,87.5199966430664,87.33425171229499,0.21268279870688028,,0.00505276530500498,0,0,0,
2021-07-21,HYG,87.7300033569336,87.6194940237474,0.12612413985893325,,0.002399528358343783,0,0,0,
2021-07-22,HYG,87.77999877929688,87.89979032821002,-0.1362819506916351,,0.0005698782679839365,0,0,0,
2021-07-23,HYG,87.94999694824219,88.22896037719508,-0.3161812490595739,,0.001936638998739637,0,0,0,
2021-07-26,HYG,87.81999969482422,88.37394855940597,-0.6268237117518687,,-0.0014780813863413123,0,0,0,
2021-07-27,HYG,87.69999694824219,87.96005087339562,-0.29565003950229013,,-0.0013664626167051441,0,0,0,
2021-07-28,HYG,87.7699966430664,88.27694071088914,-0.5742655598849915,,0.0007981721466367997,0,0,0,
2021-07-29,HYG,87.95999908447266,88.49535616655714,-0.6049550002114147,,0.002164776673957647,0,0,0,
2021-07-30,HYG,87.83999633789062,88.35551592849141,-0.5834605629126917,,-0.0013642877197711512,0,0,0,
2021-08-02,HYG,87.33999633789062,87.84501366802446,-0.5748958410347029,,-0.005692167814723814,0,0,0,
2021-08-03,HYG,87.44000244140625,87.84361757724312,-0.4594700753096418,,0.0011450206973759869,0,0,0,
2021-08-04,HYG,87.27999877929688,87.40355384532084,-0.14136160440641243,,-0.001829867996819834,0,0,0,
2021-08-05,HYG,87.4800033569336,87.74524998522772,-0.30229172329986786,,0.0022915281901236817,0,0,0,
2021-08-06,HYG,87.37999725341797,87.67131619050807,-0.33228534684829664,,-0.0011431881536124733,0,0,0,
2021-08-09,HYG,87.18000030517578,87.50249950679151,-0.36855998792434097,,-0.0022888184313185622,0,0,0,
2021-08-10,HYG,86.9800033569336,87.45557426787781,-0.5437857048282966,,-0.0022940691390467283,0,0,0,
2021-08-11,HYG,87.12000274658203,87.52762440170349,-0.46570629319345125,,0.0016095583380690837,0,0,0,
2021-08-12,HYG,87.2699966430664,87.00287093940162,0.3070309068890893,,0.001721692972401323,0,0,0,
2021-08-13,HYG,87.45999908447266,87.08466767808632,0.43099596793981243,,0.0021771794283820256,0,0,0,
2021-08-16,HYG,87.48999786376953,87.47953768938416,0.01195728128161041,,0.0003429999955510965,0,0,0,
2021-08-17,HYG,87.29000091552734,86.88254011959243,0.46897891725316293,,-0.0022859407146585964,0,0,0,
2021-08-18,HYG,87.08999633789062,86.84213579574076,0.2854150694000114,,-0.0022912656150647637,0,0,0,
2021-08-19,HYG,87.08000183105469,87.3440207884611,-0.30227479227895343,,-0.00011476067580895588,0,0,0,
2021-08-20,HYG,87.29000091552734,87.41317809227692,-0.14091373799445633,,0.002411564998357152,0,0,0,
2021-08-23,HYG,87.55999755859375,88.20076594524116,-0.7264884604802927,,0.0030930993267794804,0,0,0,
2021-08-24,HYG,87.68000030517578,88.41837013905992,-0.8350864562679283,,0.001370520213887838,0,0,0,
2021-08-25,HYG,87.7699966430664,88.73415706086926,-1.0865719016651845,,0.0010264180836836445,0,0,0,
2021-08-26,HYG,87.72000122070312,88.49409995557245,-0.8747461528598572,,-0.0005696185971909573,0,0,0,
2021-08-27,HYG,87.95999908447266,89.00500084195528,-1.1740933066651118,,0.002735953721269224,0,0,0,
2021-08-30,HYG,88.06999969482422,88.65952355664497,-0.6649301035822756,,0.0012505753921838725,0,0,0,
2021-08-31,HYG,88.08999633789062,88.48865714540135,-0.45052193170437405,-0.8222227575514776,0.00022705396997491079,0,0,0,
2021-09-01,HYG,87.88999938964844,88.65045316097697,-0.8578114879431572,-1.5192587623730638,-0.002270370718089887,-1,0,0,
2021-09-02,HYG,88.0,88.25150971378365,-0.28499196738882016,-0.48073202008903215,0.0012515714087548702,0,0,0,
2021-09-03,HYG,88.01000213623047,88.09997969010843,-0.10213118572155618,-0.1405674455586679,0.00011366063898265999,0,0,0,
2021-09-07,HYG,87.77999877929688,87.5949631162464,0.21124007188051624,0.4405792220617683,-0.0026133774724556025,0,0,0,
2021-09-08,HYG,87.87999725341797,87.25852156509472,0.7122234908135867,1.327024198500978,0.0011391942983789427,0,0,0,
2021-09-09,HYG,87.95999908447266,87.56026683193268,0.4565224239291569,0.8755588654438357,0.0009103531355831862,0,0,0,
2021-09-10,HYG,87.83000183105469,87.55960825387925,0.3088108576176284,0.6148455892809769,-0.0014779133102664765,0,0,0,
2021-09-13,HYG,88.05000305175781,88.31953485425404,-0.3051780140611208,-0.4777862574818998,0.0025048527395719056,0,0,0,
2021-09-14,HYG,88.01000213623047,87.90193765362358,0.12293754323450595,0.32121934475467206,-0.00045429771880678427,0,0,0,
2021-09-15,HYG,88.13999938964844,87.81626722070321,0.368647152960409,0.7812325208968963,0.0014770736309805965,0,0,0,
2021-09-16,HYG,88.11000061035156,87.89768371743551,0.24155004311442901,0.5529301553826294,-0.000340353749768707,0,0,0,
2021-09-17,HYG,88.0,87.44343157823958,0.6364896844909732,1.2498492412157225,-0.001248446369192746,0,0,0,
2021-09-20,HYG,87.69000244140625,87.25743641282327,0.4957354311172648,0.9610303281122086,-0.0035226995294744823,0,0,0,
2021-09-21,HYG,87.83999633789062,87.30849175140324,0.6087661988260658,1.1379175658868348,0.0017105016798761863,0,0,0,
2021-09-22,HYG,88.0,87.19031479532482,0.928641221878685,1.6534805465646891,0.001821535391393958,1,0,0,
2021-09-23,HYG,88.04000091552734,87.07531394319196,1.107876536586189,1.9215614492298987,0.0004545558582653708,1,0,0,
2021-09-24,HYG,87.91000366210938,86.57043975970818,1.5473687162955347,2.5430099823496,-0.0014765703324185475,1,1,1,
2021-09-27,HYG,87.83000183105469,86.2500034685198,1.8318820857921179,2.8288786524132417,-0.0009100424038449573,1,1,1,
2021-09-28,HYG,87.43000030517578,86.2727646122177,1.3413685050660793,2.013230526527089,-0.004554269811451572,1,1,0,
2021-09-29,HYG,87.58999633789062,86.26733390641951,1.5332135254184447,2.2797217117152586,0.0018299900738463215,1,1,0,
2021-09-30,HYG,87.48999786376953,86.58454984202092,1.0457385565908233,1.5269687540486063,-0.001141665467541908,1,0,0,
2021-10-01,HYG,87.41000366210938,86.37721354896655,1.1956742649001324,1.712281504441633,-0.000914323964034347,1,0,0,
2021-10-04,HYG,87.0999984741211,86.23196077221802,1.0066310613022025,1.3919983064558652,-0.0035465641803040793,0,0,0,
2021-10-05,HYG,87.05999755859375,85.96464724022182,1.274186951888551,1.7172407517354036,-0.0004592527695534976,1,0,0,
2021-10-06,HYG,87.01000213623047,86.21581539420825,0.9211613187104077,1.1971534974533353,-0.0005742639991418441,0,0,0,
2021-10-07,HYG,87.0199966430664,86.31421414029806,0.8176897742718721,1.0269484220194103,0.00011486618308875762,0,0,0,
2021-10-08,HYG,86.76000213623047,86.05610447189848,0.8179520426256883,1.0098587051077506,-0.002987755882160825,0,0,0,
2021-10-11,HYG,86.48999786376953,86.38666325990187,0.11961870035050923,0.02765961958474821,-0.003112082362987656,0,0,0,
2021-10-12,HYG,86.6500015258789,86.71010794546474,-0.069318815314633,-0.23369814640402045,0.001849967233915173,0,0,0,
2021-10-13,HYG,86.87999725341797,86.60740016185578,0.31475034587431144,0.29231412129850204,0.002654307253189936,0,0,0,
2021-10-14,HYG,87.37000274658203,87.36688120429612,0.003572912576118207,-0.16281061164829494,0.005640026572915069,0,0,0,
2021-10-15,HYG,87.22000122070312,87.27728536844836,-0.06563465797934238,-0.2641233800273428,-0.0017168538533068878,0,0,0,
2021-10-18,HYG,87.18000030517578,86.66484597098388,0.5944213347640209,0.6651170167015353,-0.0004586209007968467,0,0,0,
2021-10-19,HYG,87.23999786376953,86.689394963308,0.6351444726250245,0.7085201901313877,0.0006882032390884696,0,0,0,
2021-10-20,HYG,87.2699966430664,86.76345493003973,0.5838192052576969,0.6186022335564374,0.0003438649705576058,0,0,0,
2021-10-21,HYG,87.05000305175781,86.51213955748086,0.6217202545540766,0.651071844919152,-0.0025208387735863313,0,0,0,
2021-10-22,HYG,86.83999633789062,85.96951468343633,1.0125468983507127,1.1645570847787352,-0.002412483704823387,0,0,0,
2021-10-25,HYG,86.98999786376953,85.98685891931498,1.1666188962616193,1.3342223975879277,0.0017273322455617635,0,0,0,
2021-10-26,HYG,87.01000213623047,86.16829460126769,0.9768181427492199,1.0363601987261915,0.00022996060411761832,0,0,0,
2021-10-27,HYG,86.94000244140625,86.20714519370885,0.8501119553961032,0.832023986721325,-0.0008045017021677259,0,0,0,
2021-10-28,HYG,87.16000366210938,86.20752016537315,1.104872863653957,1.1525283171335472,0.0025304947610438333,0,0,0,
2021-10-29,HYG,86.93000030517578,86.3469486052625,0.6752429695908784,0.5265860955986754,-0.0026388635528887816,0,0,0,
2021-11-01,HYG,86.55999755859375,85.71802564839969,0.9822577034703094,0.9317820566893263,-0.004256329751329835,0,0,0,
2021-11-02,HYG,86.7699966430664,86.22388920525981,0.6333597832806686,0.41929756678105967,0.002426052338212026,0,0,0,
2021-11-03,HYG,86.94000244140625,86.34590956729078,0.6880382372398182,0.4771839645829634,0.0019592693893855095,0,0,0,
2021-11-04,HYG,87.16999816894531,86.24846475427815,1.068463557342864,0.9899036896795433,0.002645453428576472,0,0,0,
2021-11-05,HYG,87.5,86.88431472369167,0.7086264975057011,0.4537967949312702,0.0037857271766268408,0,0,0,
2021-11-08,HYG,87.38999938964844,86.97740135415448,0.4743738362726439,0.09394730160648729,-0.0012571498325892883,0,0,0,
2021-11-09,HYG,87.45999908447266,86.96279395280384,0.5717446612153037,0.21528943141791784,0.0008010034936847266,0,0,0,
2021-11-10,HYG,86.97000122070312,86.67667539686525,0.33841379182441966,-0.13179831201449005,-0.005602536804239722,0,0,0,
2021-11-11,HYG,86.81999969482422,86.72077179905956,0.11442229319012155,-0.4560688946100089,-0.001724750187116264,0,0,0,
2021-11-12,HYG,86.8499984741211,87.0270532052496,-0.2034479217754634,-0.9184563196498645,0.00034552844278179506,0,0,0,
2021-11-15,HYG,86.75,87.00608690792974,-0.29433217494396025,-1.0258138684525884,-0.0011513929289347358,0,0,0,
2021-11-16,HYG,86.79000091552734,87.18604749704846,-0.45425454288947653,-1.2275418432413263,0.0004611056544938652,0,0,0,
2021-11-17,HYG,86.69999694824219,87.0749048700186,-0.4305579458697741,-1.18644819279679,-0.0010370315282374198,0,0,0,
2021-11-18,HYG,86.62999725341797,86.9819283786607,-0.40460257872262584,-1.13638025022605,-0.0008073782847536348,0,0,0,
2021-11-19,HYG,86.55999755859375,87.06282983021197,-0.5775510313630167,-1.394699152244755,-0.0008080306711709673,0,0,0,
2021-11-22,HYG,86.2300033569336,86.81460458032974,-0.6733904119268505,-1.546011530677607,-0.003812317594357295,-1,0,0,
2021-11-23,HYG,86.11000061035156,86.71126269990107,-0.6934071432339937,-1.6119100656006282,-0.0013916588415902043,-1,0,0,
2021-11-24,HYG,86.08999633789062,86.42567813388989,-0.388405162964679,-1.1948768313891578,-0.00023231067610207656,0,0,0,
2021-11-26,HYG,85.47000122070312,86.18974697313075,-0.8350711977980452,-1.907011321445194,-0.007201709182959037,-1,0,0,
2021-11-29,HYG,86.0,86.8964002555552,-1.031573520789086,-2.1611531047319943,0.006200991830201286,-1,-1,0,
2021-11-30,HYG,85.63999938964844,86.23531724210923,-0.690341117189162,-1.629037209482443,-0.0041860536087391376,-1,0,0,
2021-12-01,HYG,85.37000274658203,86.13444857837494,-0.8875030193028195,-1.9194126291752056,-0.003152693192324363,-1,0,0,
2021-12-02,HYG,86.0,87.04555238623523,-1.2011554382422023,-2.2809468066868286,0.007379609150161226,-1,-1,0,
2021-12-03,HYG,86.0,87.10114196462537,-1.2642107092839032,-2.254351996066966,0.0,-1,-1,0,
2021-12-06,HYG,86.37999725341797,87.00028342706715,-0.7129702906878074,-1.448632684574712,0.00441857271416235,0,0,0,
2021-12-07,HYG,86.83999633789062,87.21237634753346,-0.4269806938397577,-1.0291977588670482,0.005325296354468767,0,0,0,
2021-12-08,HYG,86.81999969482422,87.67605451747785,-0.9763838340638169,-1.6974003110586466,-0.00023026996671671185,-1,0,0,
2021-12-09,HYG,86.43000030517578,87.10404351206488,-0.7738368733659682,-1.3860907958458155,-0.00449204550816984,0,0,0,
2021-12-10,HYG,86.62999725341797,87.46527566980711,-0.9549828889151735,-1.581777961945009,0.0023139760214743177,-1,0,0,
2021-12-13,HYG,86.62999725341797,87.22415228550047,-0.6811817788010368,-1.2026927284340856,0.0,0,0,0,
2021-12-14,HYG,86.4800033569336,86.70530031477429,-0.2598421976773982,-0.6574067223657647,-0.0017314313891249045,0,0,0,
2021-12-15,HYG,86.80999755859375,87.35825922563352,-0.6276014104444188,-1.090728856817366,0.003815843996885171,0,0,0,
2021-12-16,HYG,86.44999694824219,86.72943914088994,-0.3221999305147154,-0.6909870653478435,-0.004146994821749406,0,0,0,
2021-12-17,HYG,86.37000274658203,87.08022187804335,-0.8155917797912637,-1.261238946320713,-0.0009253233601390631,0,0,0,
2021-12-20,HYG,86.22000122070312,86.87424078323728,-0.7530880922074158,-1.1478460026652204,-0.0017367317483945044,0,0,0,
2021-12-21,HYG,86.68000030517578,87.42456209894638,-0.8516620225422594,-1.2259437448494843,0.005335178357225523,0,0,0,
2021-12-22,HYG,86.91000366210938,87.40255272035758,-0.5635408153627965,-0.8503527962242734,0.0026534766511745467,0,0,0,
2021-12-23,HYG,87.16000366210938,87.48423496161561,-0.370616831305088,-0.5922370798099056,0.002876538827129238,0,0,0,
2021-12-27,HYG,87.25,87.02639301981364,0.25694156959423936,0.2246400714202515,0.001032541694691913,0,0,0,
2021-12-28,HYG,87.20999908447266,87.3044835804826,-0.10822410503446674,-0.22056213181475928,-0.00045846321521314515,0,0,0,
2021-12-29,HYG,87.06999969482422,87.04978329125942,0.023223956224176362,-0.016631952092426874,-0.0016053135089799664,0,0,0,
2021-12-30,HYG,87.02999877929688,86.59814556344409,0.4986864476634733,0.6487056474898312,-0.0004594109988232953,0,0,0,
2021-12-31,HYG,87.01000213623047,86.57827684242496,0.49865313742760936,0.6758332247556996,-0.00022976724516698965,0,0,0,
2022-01-03,HYG,86.97000122070312,86.66747199504745,0.349068939812809,0.4879155929638241,-0.0004597277846829506,0,0,0,
2022-01-04,HYG,86.75,86.8152635291202,-0.07517517826610129,-0.08611262090914189,-0.00252962191117867,0,0,0,
2022-01-05,HYG,86.08000183105469,86.20049960447442,-0.13978779006226766,-0.158195878323262,-0.007723321832222574,0,0,0,
2022-01-06,HYG,86.08999633789062,86.0297011837336,0.07008643913368906,0.17242253203661306,0.00011610718660937103,0,0,0,
2022-01-07,HYG,85.87000274658203,86.0555635000528,-0.2156290028484369,-0.23476367371344078,-0.00255539087776413,0,0,0,
2022-01-10,HYG,85.94000244140625,86.22567796211437,-0.3313114230701026,-0.39951608583893705,0.000815182165893269,0,0,0,
2022-01-11,HYG,86.33999633789062,86.75883172222356,-0.48275821149128106,-0.6177412766156856,0.004654338900642818,0,0,0,
2022-01-12,HYG,86.4800033569336,86.37643977158822,0.11989795552957594,0.3005091058692844,0.0016215777737011994,0,0,0,
2022-01-13,HYG,86.16999816894531,85.83515341413225,0.39010212190980015,0.6986582317124684,-0.0035847036997533888,0,0,0,
2022-01-14,HYG,86.08999633789062,85.82060709036453,0.3138980912153649,0.5727696602005539,-0.0009284186231248714,0,0,0,
2022-01-18,HYG,85.66999816894531,85.492768008308,0.20730427235679727,0.4241219304233196,-0.004878594340936959,0,0,0,
2022-01-19,HYG,85.58999633789062,85.26648695072564,0.3794097760260033,0.6954406728776839,-0.0009338371981393312,0,0,0,
2022-01-20,HYG,85.43000030517578,85.26301895354628,0.19584264512200583,0.42752139281658036,-0.001869330991477236,0,0,0,
2022-01-21,HYG,85.44000244140625,85.72618596506501,-0.333834429278574,-0.36655617285163283,0.00011707990395337653,0,0,0,
2022-01-24,HYG,85.3499984741211,85.18156120607927,0.19773911825157614,0.48879680262724245,-0.0010534171899969635,0,0,0,
2022-01-25,HYG,85.0999984741211,85.3356056705683,-0.27609483122056805,-0.23452510492969744,-0.002929115459513465,0,0,0,
2022-01-26,HYG,84.80999755859375,84.85301405972025,-0.05069531306952328,0.16692113192462,-0.00340776640102447,0,0,0,
2022-01-27,HYG,84.44000244140625,84.00225481972323,0.5211141327366317,1.155793208824846,-0.0043626356306858405,0,0,0,
2022-01-28,HYG,84.68000030517578,83.94708636218259,0.8730665646108283,1.7864345457293849,0.0028422294745440446,1,0,0,
2022-01-31,HYG,84.69999694824219,84.06921890200357,0.7503079658369286,1.5668303553486906,0.00023614363479373957,1,0,0,
2022-02-01,HYG,84.7300033569336,84.29623778482939,0.5145728724114788,1.1974181578997685,0.00035426693946338794,0,0,0,
2022-02-02,HYG,84.86000061035156,84.29215650431013,0.673661856085505,1.4742957528149865,0.001534252900597055,0,0,0,
2022-02-03,HYG,84.0999984741211,83.72250875087174,0.45088200160440584,1.0984681518360504,-0.008955952519021815,0,0,0,
2022-02-04,HYG,83.7699966430664,83.71559234432678,0.0649870558352605,0.45936912145569486,-0.003923921962450838,0,0,0,
2022-02-07,HYG,83.70999908447266,84.19007848488157,-0.5702327507571116,-0.689107061274334,-0.0007162177509615342,0,0,0,
2022-02-08,HYG,83.62000274658203,83.65389641718684,-0.04051654741314371,0.3272666148702356,-0.001075096629732486,0,0,0,
2022-02-09,HYG,84.05999755859375,84.03180635791121,0.033548250245233655,0.4928417460506547,0.005261836851945034,0,0,0,
2022-02-10,HYG,82.94999694824219,83.30462262460601,-0.4256974765516516,-0.37682115261142896,-0.013204861320366357,0,0,0,
2022-02-11,HYG,82.66000366210938,83.16125368460804,-0.6027446680874664,-0.70044031569873,-0.0034960011669893376,0,0,0,
2022-02-14,HYG,82.5199966430664,83.44960732831014,-1.1139785015241905,-1.6342662028133774,-0.001693769814181012,-1,0,0,
2022-02-15,HYG,82.66000366210938,83.37366012346058,-0.8559735296428351,-1.1127886397868614,0.001696643537790754,0,0,0,
2022-02-16,HYG,83.12000274658203,83.40171026719277,-0.3377718750709494,-0.13624254531707466,0.005564953594159094,0,0,0,
2022-02-17,HYG,82.7699966430664,83.07638048480348,-0.36879777374643524,-0.19692843842510413,-0.004210852886792238,0,0,0,
2022-02-18,HYG,82.88999938964844,83.03043352870576,-0.1691357410638687,0.1742136397556314,0.0014498338945152511,0,0,0,
2022-02-22,HYG,82.69999694824219,82.7774270697913,-0.09354014045861883,0.3035508850110363,-0.0022922239450514637,0,0,0,
2022-02-23,HYG,82.55000305175781,82.49111729331888,0.07138436279090421,0.5956459488994994,-0.001813711028045728,0,0,0,
2022-02-24,HYG,83.13999938964844,83.08144826794144,0.07047436332376851,0.5727818941005667,0.007147138898598193,0,0,0,
2022-02-25,HYG,83.61000061035156,83.47119921220597,0.16628657483729017,0.7362079496028319,0.005653129951329383,0,0,0,
2022-02-28,HYG,83.66999816894531,83.77401235120946,-0.12416043990836727,0.16393036309152104,0.0007175883046977027,0,0,0,
2022-03-01,HYG,83.12999725341797,83.41907349238359,-0.3465349432249614,-0.290639175917378,-0.006453937221762351,0,0,0,
2022-03-02,HYG,83.33000183105469,83.92009331172122,-0.703158751831501,-0.9899848822181868,0.0024059254690820264,0,0,0,
2022-03-03,HYG,83.08000183105469,83.67571261297381,-0.7119279457761791,-1.0193827801751667,-0.003000119938876944,0,0,0,
2022-03-04,HYG,82.54000091552734,82.81307235736986,-0.329744367729905,-0.3013957820183269,-0.006499770144751005,0,0,0,
2022-03-07,HYG,81.81999969482422,82.37717593582674,-0.676372107532034,-1.0617212178952007,-0.008723058065385647,0,0,0,
2022-03-08,HYG,81.52999877929688,81.377916090369,0.18688447214474127,0.7326719624276793,-0.003544376883512612,0,0,0,
2022-03-09,HYG,82.20999908447266,81.93691023974209,0.3332916068369257,1.011798834893336,0.008340492031853941,0,0,0,
2022-03-10,HYG,81.5199966430664,81.27573345942699,0.3005364248867162,0.9170620784654383,-0.00839316931140277,0,0,0,
2022-03-11,HYG,80.93000030517578,80.73826161686638,0.23748181403666124,0.7556253215260533,-0.007237443108270902,0,0,0,
2022-03-14,HYG,79.97000122070312,79.86725192262487,0.1286500982627953,0.494520586400996,-0.011862091694706978,0,0,0,
2022-03-15,HYG,80.56999969482422,80.57609535248233,-0.007565094376244085,0.1689384081700065,0.007502794359915077,0,0,0,
2022-03-16,HYG,81.69999694824219,81.71315938345614,-0.016108097292125593,0.14100158861595205,0.014025037330247958,0,0,0,
2022-03-17,HYG,82.26000213623047,81.94468459548534,0.3847931593143252,1.0176691174969552,0.006854408921741495,0,0,0,
2022-03-18,HYG,82.52999877929688,81.69131918920105,1.0266446893254342,2.326487947269611,0.00328223481710177,1,1,0,
2022-03-21,HYG,81.58000183105469,80.64655960511779,1.1574482910460882,2.4711140076004066,-0.011510928902140005,1,1,0,
2022-03-22,HYG,82.0,81.6190480919044,0.46674387535938716,0.9799783888572258,0.005148298106380178,0,0,0,
2022-03-23,HYG,81.73999786376953,81.12151605036331,0.7624140222209885,1.5719136429295792,-0.0031707577589081826,1,0,0,
2022-03-24,HYG,81.91000366210938,81.33165476430214,0.7110993861901339,1.4133783251626812,0.002079836099619037,0,0,0,
2022-03-25,HYG,81.31999969482422,81.05727112466776,0.3241270850981062,0.5575461275245226,-0.0072030758259883365,0,0,0,
2022-03-28,HYG,81.83000183105469,81.88846457596792,-0.07139313847922081,-0.28809312885018007,0.006271546214269508,0,0,0,
2022-03-29,HYG,82.83999633789062,83.15177171593093,-0.37494736625145964,-0.9312547646768163,0.01234259421038697,0,0,0,
2022-03-30,HYG,82.58999633789062,82.6546442020234,-0.07821443641420665,-0.2882784537881539,-0.003017865898741645,0,0,0,
2022-03-31,HYG,82.29000091552734,82.6909246477232,-0.48484611086869545,-1.1268224803346616,-0.0036323457520925917,0,0,0,
2022-04-01,HYG,81.94999694824219,82.02593404797477,-0.09257693998116617,-0.2665580669546368,-0.004131777415267934,0,0,0,
2022-04-04,HYG,82.56999969482422,82.68420826578634,-0.13812621945293263,-0.34935463006622963,0.007565622570719688,0,0,0,
2022-04-05,HYG,81.5,81.6699542684187,-0.20809889015014038,-0.4957312741578135,-0.012958698059572504,0,0,0,
2022-04-06,HYG,80.86000061035156,80.96440088845705,-0.12894590333511785,-0.3247457949800508,-0.007852753247220123,0,0,0,
2022-04-07,HYG,80.7300033569336,80.10046896941995,0.7859309634678693,1.5976395555035292,-0.001607683062536669,1,0,0,
2022-04-08,HYG,80.23999786376953,80.06168351308352,0.22272121052371918,0.3892209651497001,-0.0060696825565284,0,0,0,
2022-04-11,HYG,79.69000244140625,78.96812561922037,0.9141369590899548,1.7761446175172446,-0.00685437982310344,1,0,0,
2022-04-12,HYG,80.30000305175781,79.5875792511874,0.8951444525306086,1.6695989215687166,0.00765466923909397,1,0,0,
2022-04-13,HYG,80.77999877929688,80.11340903877867,0.8320576399333403,1.489298152064869,0.0059775306263647465,0,0,0,
2022-04-14,HYG,80.23999786376953,79.38899923396636,1.0719352026282687,1.8975890968317974,-0.0066848344105909785,1,0,0,
2022-04-18,HYG,80.11000061035156,79.24527547039314,1.0912008757941585,1.8588529307502701,-0.0016201053948017297,1,0,0,
2022-04-19,HYG,80.04000091552734,79.20049226471727,1.059979081953338,1.7299816953698022,-0.0008737947109087596,1,0,0,
2022-04-20,HYG,80.29000091552734,79.70706248678503,0.7313510378568491,1.0998606960680903,0.003123438245132615,0,0,0,
2022-04-21,HYG,79.73999786376953,79.08091300172593,0.833431022766789,1.253028744892517,-0.006850206071568832,0,0,0,
2022-04-22,HYG,79.26000213623047,78.74443788545844,0.6547310065530841,0.8990050017326272,-0.006019510163006281,0,0,0,
2022-04-25,HYG,79.93000030517578,79.52396198823962,0.5105861262247073,0.6258534424993021,0.008453168696535451,0,0,0,
2022-04-26,HYG,79.45999908447266,78.93304977779542,0.6675902022798491,0.8822929965891451,-0.005880160376687593,0,0,0,
2022-04-27,HYG,79.06999969482422,78.7823494389892,0.3651201796892094,0.32286544406110074,-0.004908122251975344,0,0,0,
2022-04-28,HYG,79.51000213623047,78.74831526713407,0.9672421137043514,1.3829266028276355,0.005564720413614221,0,0,0,
2022-04-29,HYG,78.52999877929688,77.43838362936383,1.4096564245939647,2.1046818883549983,-0.012325535537711096,1,1,0,
2022-05-02,HYG,78.2300033569336,77.35935681603455,1.1254573160031538,1.5776824560060545,-0.003820137871215268,1,0,0,
2022-05-03,HYG,78.63999938964844,77.47335929848454,1.5058596938712059,2.126633735096829,0.005240905216943315,1,1,0,
2022-05-04,HYG,79.44000244140625,78.24464774862948,1.5277143257350947,2.073114692851015,0.010172978865296445,1,1,0,
2022-05-05,HYG,78.02999877929688,77.11415815396455,1.1876426420992283,1.4818321738126043,-0.017749290266567797,0,0,0,
2022-05-06,HYG,77.58999633789062,76.87694454628671,0.9275235843622748,1.0407315449512073,-0.00563888822619063,0,0,0,
2022-05-09,HYG,76.7699966430664,76.23134186772842,0.7066053963376727,0.6699037713797849,-0.010568368778537729,0,0,0,
2022-05-10,HYG,77.20999908447266,76.38225499583108,1.083686372818868,1.225853857035677,0.0057314375491246405,0,0,0,
2022-05-11,HYG,76.75,75.8634032883464,1.1686751097677004,1.3137173396781954,-0.0059577657029808995,0,0,0,
2022-05-12,HYG,76.72000122070312,75.96581790201418,0.9927929949516783,1.009468283203522,-0.00039086357390061277,0,0,0,
2022-05-13,HYG,76.80999755859375,75.93345726716352,1.1543531968341976,1.2234205850997804,0.0011730492239139245,0,0,0,
2022-05-16,HYG,76.69999694824219,75.8084345223689,1.1760728624599344,1.2410264296457363,-0.0014321131864071246,0,0,0,
2022-05-17,HYG,76.62999725341797,75.66040362301409,1.2815073459493822,1.38254202073126,-0.0009126427328471909,0,0,0,
2022-05-18,HYG,76.0,75.23471652499556,1.0171946015775633,0.9190211183364552,-0.008221287694093804,0,0,0,
2022-05-19,HYG,76.51000213623047,75.88054545541115,0.8295363153249833,0.584718400649396,0.00671055442408508,0,0,0,
2022-05-20,HYG,76.45999908447266,75.7258435433391,0.9694914005327543,0.7925451912111959,-0.0006535492139809751,0,0,0,
2022-05-23,HYG,76.76000213623047,75.71412195312321,1.3813541729438428,1.433425582396169,0.003923660153675623,0,0,0,
2022-05-24,HYG,77.22000122070312,76.70727375989715,0.6684209145678598,0.22944082133705151,0.005992692439693581,0,0,0,
2022-05-25,HYG,78.38999938964844,78.12938334763192,0.3335698182294967,-0.33977707083405645,0.015151491199816736,0,0,0,
2022-05-26,HYG,79.4800033569336,79.00003436490978,0.6075554218201786,0.1095310918749854,0.013904885518204235,0,0,0,
2022-05-27,HYG,80.19000244140625,79.9450059844623,0.3064562369181232,-0.41363924679779057,0.008933053025729665,0,0,0,
2022-05-31,HYG,79.5,79.03435540170311,0.5891673259434925,0.043141750990994925,-0.00860459434342109,0,0,0,
2022-06-01,HYG,78.9000015258789,78.52562507892912,0.4767570415052179,-0.19218418362879006,-0.0075471506178753645,0,0,0,
2022-06-02,HYG,79.2300033569336,78.98811768267134,0.3062304576417512,-0.5539025837406306,0.004182532632099445,0,0,0,
2022-06-03,HYG,78.63999938964844,78.36342913629187,0.3529328111401921,-0.49785139087592767,-0.007446723997059146,0,0,0,
2022-06-06,HYG,78.05000305175781,77.30942170576499,0.9579444906617341,0.655474696119165,-0.007502496725200758,0,0,0,
2022-06-07,HYG,78.2300033569336,77.40452850630386,1.066442579729046,0.8487508552458796,0.002306217785237097,0,0,0,
2022-06-08,HYG,77.55999755859375,76.87409559539537,0.8922406928966329,0.47642510279521133,-0.008564563077964604,0,0,0,
2022-06-09,HYG,76.94000244140625,76.63121513288961,0.4029523843268834,-0.5266384528386746,-0.007993748539240397,0,0,0,
2022-06-10,HYG,75.62999725341797,75.52277882454797,0.14196833132833336,-1.0541456213898268,-0.017026321112816656,0,0,0,
2022-06-13,HYG,73.0999984741211,72.69785734018474,0.5531677942783945,-0.2315156117260642,-0.033452318804395254,0,0,0,
2022-06-14,HYG,73.58000183105469,73.38454708372406,0.26634319498849784,-0.8392684616239902,0.006566393528770309,0,0,0,
2022-06-15,HYG,75.01000213623047,74.81034851623275,0.2668796816985777,-0.8567873285320978,0.019434632639167004,0,0,0,
2022-06-16,HYG,73.81999969482422,73.67000594515282,0.20360219569286517,-0.9789697389919828,-0.015864583489079376,0,0,0,
2022-06-17,HYG,74.05000305175781,73.9275955365197,0.16557756863286668,-1.0256462744357793,0.0031157322932056086,0,0,0,
2022-06-21,HYG,74.0,73.99965232536222,0.00046983279901275965,-1.3238564011315106,-0.0006752606306155151,0,0,0,
2022-06-22,HYG,73.9800033569336,73.88317250799123,0.1310594085979285,-1.034230300137991,-0.00027022490630279616,0,0,0,
2022-06-23,HYG,74.51000213623047,74.47121249037517,0.05208676555429555,-1.160996181276164,0.00716408157944759,0,0,0,
2022-06-24,HYG,75.04000091552734,75.65267640828047,-0.809853030772705,-2.690210240565524,0.007113122588935816,-1,-1,-1,
2022-06-27,HYG,74.58000183105469,74.76265541791301,-0.24431126186906224,-1.5642219736931857,-0.0061300516905706814,-1,0,0,
2022-06-28,HYG,73.76000213623047,73.98257676776751,-0.3008473633403014,-1.6469026714918222,-0.010994900438347499,-1,0,0,
2022-06-29,HYG,73.6500015258789,73.73974716567324,-0.12170592284876704,-1.3376107991546249,-0.0014913314420517132,0,0,0,
2022-06-30,HYG,73.61000061035156,73.67403454248293,-0.08691519682479447,-1.2715587537848063,-0.0005431217202798155,0,0,0,
2022-07-01,HYG,73.9800033569336,74.09214582050264,-0.15135539985671637,-1.4274275442957247,0.005026528236844019,0,0,0,
2022-07-05,HYG,73.91000366210938,73.91633817077988,-0.008569835610457327,-1.1607468457167223,-0.0009461975080818918,0,0,0,
2022-07-06,HYG,73.62999725341797,73.63408010164287,-0.0055447806494778405,-1.1651332537487495,-0.003788477808382984,0,0,0,
2022-07-07,HYG,74.83000183105469,75.0601933638497,-0.30667591232969377,-1.7339389614202054,0.016297767518672845,-1,0,0,
2022-07-08,HYG,74.88999938964844,74.90141887234496,-0.015246016522046005,-1.1837235960020958,0.0008017848072383593,0,0,0,
2022-07-11,HYG,74.47000122070312,74.54400719715629,-0.09927823742749944,-1.3015299456541027,-0.005608200993033607,0,0,0,
2022-07-12,HYG,74.7699966430664,74.75676291442473,0.017702383203548815,-1.0669359249437727,0.0040284063038242834,0,0,0,
2022-07-13,HYG,74.69000244140625,74.17640846872506,0.6923953090796232,0.21662152902722223,-0.001069870339061696,0,0,0,
2022-07-14,HYG,74.55000305175781,74.50660658320022,0.05824512824796099,-0.9568077830715004,-0.0018744060124815665,0,0,0,
2022-07-15,HYG,75.5,75.10103132038954,0.5312426109149105,-0.054699737557938694,0.012743083961815893,0,0,0,
2022-07-18,HYG,74.7699966430664,74.52887627034724,0.32352610798064674,-0.42794410214811074,-0.009668918634882062,0,0,0,
2022-07-19,HYG,75.76000213623047,75.50249582345796,0.3410566895359517,-0.374759088413226,0.013240678582481458,0,0,0,
2022-07-20,HYG,76.08999633789062,75.72788208096613,0.47817824422626415,-0.09470550091747112,0.004355783954002046,0,0,0,
2022-07-21,HYG,76.98999786376953,76.41845549689981,0.7479114346833508,0.4265648286864554,0.011828118927517117,0,0,0,
2022-07-22,HYG,76.88999938964844,76.15492046685563,0.9652415343441035,0.8404344441955378,-0.0012988501999705582,0,0,0,
2022-07-25,HYG,76.87000274658203,75.97505740189564,1.1779462566935313,1.2200834937932683,-0.0002600681912490188,0,0,0,
2022-07-26,HYG,76.33000183105469,75.62905484680758,0.9268223511016133,0.7257354477587608,-0.007024858803603373,0,0,0,
2022-07-27,HYG,77.16999816894531,76.51111741124667,0.8611568880338797,0.5938342998538323,0.011004799131930199,0,0,0,
2022-07-28,HYG,77.95999908447266,77.60344775938064,0.4594529436340845,-0.16957679622049177,0.010237150891176938,0,0,0,
2022-07-29,HYG,78.19000244140625,77.68258313154564,0.6531957221367862,0.20790550102799957,0.0029502739819735613,0,0,0,
2022-08-01,HYG,77.91000366210938,77.5134870590912,0.511545304000957,-0.0354015749761652,-0.0035810048670442685,0,0,0,
2022-08-02,HYG,77.55000305175781,77.59662435215371,-0.06008160894257305,-1.1129557347458943,-0.004620723827877926,0,0,0,
2022-08-03,HYG,78.2300033569336,78.65230538092071,-0.5369226266691933,-1.9766726700510757,0.008768540018263327,-1,0,0,
2022-08-04,HYG,78.44000244140625,79.31574885163138,-1.104126762849218,-2.887516912707995,0.002684380358703331,-1,-1,-1,
2022-08-05,HYG,78.04000091552734,78.98005716973661,-1.1902450921110193,-2.823059251746847,-0.0050994583558013895,-1,-1,-1,
2022-08-08,HYG,78.11000061035156,78.78457887650882,-0.8562313536188663,-2.1134575783232714,0.0008969719887623739,-1,-1,0,
2022-08-09,HYG,77.52999877929688,78.31221223488771,-0.9988396870269521,-2.2229758780596334,-0.0074254490657093,-1,-1,0,
2022-08-10,HYG,78.69000244140625,79.31749573475275,-0.7911158660945586,-1.8026533575752748,0.014961997683135886,-1,0,0,
2022-08-11,HYG,78.23999786376953,78.2266453939334,0.017068953639639377,-0.4609265489912,-0.005718700771064289,0,0,0,
2022-08-12,HYG,78.94000244140625,78.66304658260907,0.3520787343347186,0.11163290041651082,0.008946889017757309,0,0,0,
2022-08-15,HYG,78.80000305175781,78.6879900361564,0.14235084102407075,-0.2161436394474135,-0.001773491073202793,0,0,0,
2022-08-16,HYG,78.43000030517578,78.16143353829247,0.34360522155947354,0.15196389023538562,-0.004695466145337668,0,0,0,
2022-08-17,HYG,77.62000274658203,77.25685973195192,0.47004630513078244,0.4039988406028592,-0.010327649565752939,0,0,0,
2022-08-18,HYG,77.73999786376953,77.42176221479441,0.411041598474889,0.3208145175052804,0.0015459303393645651,0,0,0,
2022-08-19,HYG,76.94999694824219,76.54234324626991,0.5325858664408543,0.5529832169550936,-0.010162090779983424,0,0,0,
2022-08-22,HYG,76.08000183105469,75.74908159188625,0.4368636981651288,0.3995725126823781,-0.011305979879020267,0,0,0,
2022-08-23,HYG,76.2699966430664,75.77554533964516,0.6525209435379021,0.8467214898083113,0.00249730293689554,0,0,0,
2022-08-24,HYG,76.36000061035156,75.63045901826287,0.9646134660012148,1.4185019387841582,0.0011800704241060611,0,0,0,
2022-08-25,HYG,77.08000183105469,76.24300535920692,1.0978009955200372,1.6123461513460404,0.009429036340336427,1,0,0,
2022-08-26,HYG,75.80999755859375,75.26521215270756,0.7238209928656794,0.9149579558411842,-0.016476443205652114,0,0,0,
2022-08-29,HYG,75.5199966430664,74.97654952346706,0.7248227919974565,0.8987110816571477,-0.0038253650556208108,0,0,0,
2022-08-30,HYG,74.94000244140625,74.35949602336908,0.7806755681274894,0.9908448457439707,-0.007680008308281749,0,0,0,
2022-08-31,HYG,74.52999877929688,73.90265694648484,0.8488758844845226,1.095222182440339,-0.005471092190448612,0,0,0,
2022-09-01,HYG,74.36000061035156,73.59028045944156,1.0459535499857573,1.4070667306809286,-0.002280936156308311,0,0,0,
2022-09-02,HYG,74.30999755859375,73.55453517995208,1.0270779045689282,1.3348700433085985,-0.0006724455533537732,0,0,0,
2022-09-06,HYG,74.11000061035156,73.58212001811111,0.7174033475938454,0.8042544771534361,-0.0026913868229437865,0,0,0,
2022-09-07,HYG,75.18000030517578,74.90236851232841,0.37065822932111525,0.21524092863070954,0.014437993334394328,0,0,0,
2022-09-08,HYG,75.51000213623047,74.75014978323586,1.0165228500519004,1.3643817010442147,0.004389489621110965,0,0,0,
2022-09-09,HYG,75.80999755859375,75.36714157704208,0.5875982189121178,0.5916536348868249,0.003972922975449711,0,0,0,
2022-09-12,HYG,76.04000091552734,75.50333034818894,0.7107905901150459,0.7912809667068326,0.0030339449194127788,0,0,0,
2022-09-13,HYG,74.30999755859375,73.61783184590558,0.9402147486997225,1.1762652804860791,-0.022751227460602652,0,0,0,
2022-09-14,HYG,74.41999816894531,73.6636749587205,1.0267247875545624,1.289141214989878,0.001480293553566936,0,0,0,
2022-09-15,HYG,73.94999694824219,73.36784561048933,0.793469309216887,0.8650767687500723,-0.006315523142531476,0,0,0,Gilt/LDI stress (Sep 2022)
2022-09-16,HYG,74.19999694824219,73.65733992378205,0.7367317704137328,0.749447114379128,0.0033806627493842,0,0,0,Gilt/LDI stress (Sep 2022)
2022-09-19,HYG,74.4800033569336,73.93785708133653,0.7332458594257952,0.7251891178569817,0.003773671431371195,0,0,0,Gilt/LDI stress (Sep 2022)
2022-09-20,HYG,73.72000122070312,73.27933280827256,0.6013542912345144,0.48379171007491034,-0.010204109854671684,0,0,0,Gilt/LDI stress (Sep 2022)
2022-09-21,HYG,73.5,73.30473984383804,0.2663677090702859,-0.09232653074277991,-0.002984281294902358,0,0,0,Gilt/LDI stress (Sep 2022)
2022-09-22,HYG,73.05999755859375,73.10808695318094,-0.06577848852479336,-0.6558996571664428,-0.005986427774234748,0,0,0,Gilt/LDI stress (Sep 2022)
2022-09-23,HYG,72.12999725341797,72.4506678925669,-0.4426054976117459,-1.3309953652992674,-0.01272926822136733,0,0,0,Gilt/LDI stress (Sep 2022)
2022-09-26,HYG,71.27999877929688,71.90919678547674,-0.8749896178884028,-2.0105880905854474,-0.011784257680403809,-1,-1,0,Gilt/LDI stress (Sep 2022)
2022-09-27,HYG,71.12999725341797,71.35857098354376,-0.3203171349640681,-1.0717538142765386,-0.0021043985472467552,0,0,0,Gilt/LDI stress (Sep 2022)
2022-09-28,HYG,72.4000015258789,72.52558356302798,-0.17315550041722363,-0.8208307321752653,0.017854693118238618,0,0,0,Gilt/LDI stress (Sep 2022)
2022-09-29,HYG,71.72000122070312,71.99047861579466,-0.37571273353388973,-1.1467446942453272,-0.009392269210556803,0,0,0,Gilt/LDI stress (Sep 2022)
2022-09-30,HYG,71.38999938964844,71.71889978611564,-0.4585965449108549,-1.2667383841950375,-0.004601252446150617,0,0,0,Gilt/LDI stress (Sep 2022)
2022-10-03,HYG,71.97000122070312,72.09639945922487,-0.17531837854570098,-0.7893109689018962,0.008124412887147159,0,0,0,Rates vol spike (Oct 2022)
2022-10-04,HYG,73.5199966430664,73.6404795148817,-0.16360956991181766,-0.7637025125801209,0.02153668745412496,0,0,0,Rates vol spike (Oct 2022)
2022-10-05,HYG,73.2300033569336,73.17995132279125,0.06839582869024312,-0.3929124535322054,-0.0039444137564464965,0,0,0,Rates vol spike (Oct 2022)
2022-10-06,HYG,73.01000213623047,73.43438587255038,-0.5779087429919453,-1.432195330767237,-0.0030042497694668935,0,0,0,Rates vol spike (Oct 2022)
2022-10-07,HYG,72.12000274658203,72.87457776743345,-1.035443420693996,-2.086758657694369,-0.012190102227195854,-1,-1,0,Rates vol spike (Oct 2022)
2022-10-10,HYG,71.23999786376953,72.1145373640983,-1.2127090213632137,-2.2417397589117853,-0.012201952985286146,-1,-1,0,Rates vol spike (Oct 2022)
2022-10-11,HYG,71.45999908447266,72.06211958643529,-0.8355575792360842,-1.6021974686079599,0.003088169950872688,-1,0,0,Rates vol spike (Oct 2022)
2022-10-12,HYG,71.58000183105469,72.45963999765966,-1.2139698273872017,-2.0626756081963644,0.0016792995818566414,-1,-1,0,Rates vol spike (Oct 2022)
2022-10-13,HYG,71.73999786376953,72.34970825206176,-0.842726809855316,-1.4717002310304872,0.002235205764488102,0,0,0,Rates vol spike (Oct 2022)
2022-10-14,HYG,71.51000213623047,72.23445296464995,-1.0029159198783013,-1.6326140287127935,-0.0032059622858620074,-1,0,0,Rates vol spike (Oct 2022)
2022-10-17,HYG,72.38999938964844,72.64271418739533,-0.3478873285144129,-0.7061120032486439,0.012305932416859955,0,0,0,Rates vol spike (Oct 2022)
2022-10-18,HYG,72.9000015258789,73.12145742809962,-0.3028603504497554,-0.6256969011728574,0.007045201554503722,0,0,0,Rates vol spike (Oct 2022)
2022-10-19,HYG,72.19999694824219,72.59335402975586,-0.5418637653144311,-0.925895022183947,-0.009602257379764612,0,0,0,Rates vol spike (Oct 2022)
2022-10-20,HYG,71.80000305175781,71.96421486152744,-0.22818536975022877,-0.4718600786350539,-0.0055400819029274295,0,0,0,Rates vol spike (Oct 2022)
2022-10-21,HYG,72.48999786376953,72.49260071112978,-0.0035905007334786285,-0.13591444238873737,0.00960995519059149,0,0,0,Rates vol spike (Oct 2022)
2022-10-24,HYG,72.54000091552734,72.28986007909444,0.34602478986571394,0.37614685191848307,0.0006897924297333269,0,0,0,Rates vol spike (Oct 2022)
2022-10-25,HYG,73.23999786376953,73.10955108234072,0.1784264565951148,0.15336104121326694,0.009649806167735475,0,0,0,Rates vol spike (Oct 2022)
2022-10-26,HYG,73.44000244140625,73.16458045668392,0.37644169214554307,0.4419168289778446,0.0027308108065313696,0,0,0,Rates vol spike (Oct 2022)
2022-10-27,HYG,73.9800033569336,73.65364517667768,0.4430984773028581,0.5450394718598288,0.007352953398363171,0,0,0,Rates vol spike (Oct 2022)
2022-10-28,HYG,74.55000305175781,74.42871167398688,0.16296315634510997,0.1468463682507477,0.007704780602322048,0,0,0,Rates vol spike (Oct 2022)
2022-10-31,HYG,73.43000030517578,73.49450665251548,-0.087770297778431,-0.2176810321769751,-0.015023510405552165,0,0,0,Rates vol spike (Oct 2022)
2022-11-01,HYG,73.58999633789062,73.8334686711182,-0.3297587633490293,-0.5769171532893403,0.0021788918977243554,0,0,0,
2022-11-02,HYG,72.91999816894531,73.3834464445888,-0.6315433494847262,-1.0449880916997698,-0.009104473464966567,0,0,0,
2022-11-03,HYG,72.4000015258789,72.74927232783762,-0.48010212443741634,-0.8569193472924871,-0.007131056721390028,0,0,0,
2022-11-04,HYG,72.9000015258789,73.58727852920714,-0.9339617078724417,-1.5404264574973012,0.006906077202516014,-1,0,0,
2022-11-07,HYG,72.88999938964844,73.1740273055732,-0.3881540027019048,-0.7411909739007401,-0.00013720351194945746,0,0,0,
2022-11-08,HYG,72.81999969482422,73.46803588512269,-0.8820654894214985,-1.4961938731641389,-0.0009603470354008214,0,0,0,
2022-11-09,HYG,71.94999694824219,72.58605831092002,-0.8762858563738063,-1.4405127528931256,-0.011947305001758557,0,0,0,
2022-11-10,HYG,74.19000244140625,74.85594909698234,-0.8896375820621839,-1.409420214972028,0.0311328087306999,0,0,0,
2022-11-11,HYG,74.44999694824219,74.97201352401758,-0.6962819207305483,-1.0910295331615287,0.0035044412761850996,0,0,0,
2022-11-14,HYG,73.9000015258789,74.26739515701873,-0.4946903420579959,-0.7715849591410157,-0.0073874472116586265,0,0,0,
2022-11-15,HYG,74.55000305175781,74.36736410502078,0.2455901845318981,0.32253971903859546,0.008795690290361868,0,0,0,
2022-11-16,HYG,74.38999938964844,74.30170560107561,0.11883144250668265,0.14293657571714904,-0.002146259631918279,0,0,0,
2022-11-17,HYG,74.06999969482422,73.89655045738121,0.23471899076404576,0.3223459205058914,-0.00430164938096167,0,0,0,
2022-11-18,HYG,74.2300033569336,74.39716306073743,-0.22468558870633895,-0.3440930647109655,0.002160168256630346,0,0,0,
2022-11-21,HYG,74.19999694824219,74.15513415809797,0.06049856244420681,0.09441640544698163,-0.0004042355831120892,0,0,0,
2022-11-22,HYG,74.73999786376953,74.28301341156502,0.6151937451333409,0.9428532200541574,0.007277640670309227,0,0,0,
2022-11-23,HYG,75.16000366210938,74.86796794717436,0.39006763899491265,0.6319322143514964,0.005619558607767194,0,0,0,
2022-11-25,HYG,75.01000213623047,74.42171156925843,0.7904824473494656,1.2458845886744818,-0.001995762620678576,0,0,0,
2022-11-28,HYG,74.22000122070312,73.79330508445717,0.5782315018382672,0.9259914350392611,-0.010531940981584942,0,0,0,
2022-11-29,HYG,74.54000091552734,73.88893564578085,0.8811404089885181,1.3873548300244531,0.004311502149840329,0,0,0,
2022-11-30,HYG,75.66000366210938,75.18728482428264,0.6287217831199865,1.0101934715227439,0.015025526332516081,0,0,0,
2022-12-01,HYG,75.62000274658203,74.99158402533236,0.8379856612141859,1.3505012038244248,-0.0005286930160086634,0,0,0,
2022-12-02,HYG,75.55999755859375,75.10982820017297,0.5993481401941794,1.0023580560599132,-0.0007935094658667596,0,0,0,
2022-12-05,HYG,74.83999633789062,74.71725980945286,0.16426797335820084,0.3297350123799388,-0.009528867707344624,0,0,0,
2022-12-06,HYG,74.56999969482422,74.46393374128077,0.14243936388314862,0.3013987105610441,-0.0036076517407539477,0,0,0,
2022-12-07,HYG,74.9800033569336,74.82363036874163,0.20898877456404175,0.4389533243644914,0.005498238752679407,0,0,0,
2022-12-08,HYG,75.04000091552734,74.95024769051392,0.11975040480724705,0.306967417637881,0.000800180793646188,0,0,0,
2022-12-09,HYG,75.04000091552734,75.01731343344517,0.03024299464190287,0.17876647979526059,0.0,0,0,0,
2022-12-12,HYG,75.33000183105469,75.00218091657476,0.43708184278609935,0.8923684336153923,0.0038646176970840163,0,0,0,
2022-12-13,HYG,76.11000061035156,75.95788469825942,0.20026349166570226,0.5239202140253758,0.01035442400554043,0,0,0,
2022-12-14,HYG,75.68000030517578,74.98384469777922,0.92840745923659,1.7913079677003372,-0.005649721478484637,1,0,0,
2022-12-15,HYG,75.0,74.02114790150709,1.3223951887308927,2.3884493054843308,-0.008985204841883143,1,1,0,
2022-12-16,HYG,74.5999984741211,73.76080323388771,1.137725192026964,2.025970165326778,-0.0053333536783853885,1,1,0,
2022-12-19,HYG,74.22000122070312,73.74100624595664,0.6495639253264852,1.2102159360393836,-0.00509379706689661,0,0,0,
2022-12-20,HYG,74.02999877929688,73.7113691715928,0.4322665706593099,0.8419996861444276,-0.0025599897370151004,0,0,0,
2022-12-21,HYG,74.66000366210938,74.67075776937568,-0.014402033121885276,0.10052465238741755,0.008510129585314719,0,0,0,
2022-12-22,HYG,74.19999694824219,74.57922332059533,-0.5084879614835303,-0.7155271923338322,-0.0061613540222827945,0,0,0,
2022-12-23,HYG,74.38999938964844,74.62266441878367,-0.3117886917431862,-0.410161750283093,0.0025606799086363985,0,0,0,
2022-12-27,HYG,73.62000274658203,74.08915817674702,-0.6332308825074946,-0.9354430456617746,-0.010350808568141412,0,0,0,
2022-12-28,HYG,72.62999725341797,72.92684167510491,-0.40704412102392673,-0.5509059685680382,-0.013447506876248072,0,0,0,
2022-12-29,HYG,73.56999969482422,73.61397983051495,-0.05974427111805205,0.018502862093916925,0.01294234444380371,0,0,0,
2022-12-30,HYG,73.62999725341797,73.60594225877757,0.03268077807607433,0.1600780270814147,0.0008155166350771736,0,0,0,
2023-01-03,HYG,73.7699966430664,74.10865064734371,-0.45696959979589175,-0.6491862618032144,0.001901390667808922,0,0,0,
2023-01-04,HYG,74.62000274658203,74.78130290145671,-0.21569583387338762,-0.24555387957493166,0.011522382298976508,0,0,0,
2023-01-05,HYG,74.47000122070312,74.60492927722412,-0.18085675816354224,-0.18093171176506345,-0.002010205311682056,0,0,0,
2023-01-06,HYG,75.52999877929688,75.8288833346439,-0.39415660920128387,-0.543161967648134,0.014233886682132324,0,0,0,
2023-01-09,HYG,75.80000305175781,76.14411339643262,-0.4519198258744513,-0.6672927583772897,0.0035747951386826404,0,0,0,
2023-01-10,HYG,75.70999908447266,76.0152211674893,-0.4015275866186445,-0.6214275274531307,-0.0011873873833976312,0,0,0,
2023-01-11,HYG,76.20999908447266,76.764268997051,-0.7220415433118259,-1.191712199444827,0.0066041474844311665,0,0,0,
2023-01-12,HYG,76.63999938964844,77.79290496974994,-1.4820189328960205,-2.4799065748031035,0.005642308231747384,-1,-1,0,
2023-01-13,HYG,76.63999938964844,77.59672813131868,-1.2329498481574552,-2.001094951168351,0.0,-1,-1,0,
2023-01-17,HYG,76.37999725341797,76.98527618652346,-0.7862268775122632,-1.2582032435284676,-0.0033925122429683263,0,0,0,
2023-01-18,HYG,76.47000122070312,76.8397897960025,-0.48124620887317815,-0.7299577378003952,0.0011783709154444821,0,0,0,
2023-01-19,HYG,76.0199966430664,76.476562229064,-0.5970006662042171,-0.9150228506401681,-0.005884720419160772,0,0,0,
2023-01-20,HYG,76.16999816894531,76.60450391835056,-0.5672065311830331,-0.8631369135065758,0.0019731851157953617,0,0,0,
2023-01-23,HYG,76.16000366210938,76.80201340598768,-0.8359282724588727,-1.2867610562908778,-0.00013121316891417933,0,0,0,
2023-01-24,HYG,76.20999908447266,76.43006313842788,-0.2879286564982332,-0.3590564173663825,0.0006564524679526507,0,0,0,
2023-01-25,HYG,76.19999694824219,76.1930867903607,0.00906927146882112,0.14850603324024883,-0.00013124440822231964,0,0,0,
2023-01-26,HYG,76.38999938964844,76.51589712989333,-0.16453801754577999,-0.13476490414476752,0.002493470459523861,0,0,0,
2023-01-27,HYG,76.16000366210938,75.9616600473424,0.26111016352638083,0.5871050908891976,-0.003010809390976754,0,0,0,
2023-01-30,HYG,75.73999786376953,75.58991631158442,0.19854705430083042,0.4902354246096332,-0.005514781750841746,0,0,0,
2023-01-31,HYG,76.33000183105469,76.21335615858897,0.15305148381472608,0.41333555535924316,0.007789859835306112,0,0,0,
2023-02-01,HYG,76.76000213623047,76.30571291787999,0.5953541366416257,1.133555898927972,0.0056334376373725625,0,0,0,
2023-02-02,HYG,77.19999694824219,77.14825545541426,0.06706761225188297,0.23600371686507735,0.005732084415928318,0,0,0,
2023-02-03,HYG,76.38999938964844,75.95081117173089,0.5782534921510015,1.0608956934702582,-0.010492196769603557,0,0,0,
2023-02-06,HYG,75.9000015258789,75.94906122257494,-0.06459552745788455,-0.028762600393811302,-0.006414424239882033,0,0,0,
2023-02-07,HYG,76.16999816894531,76.23682983547253,-0.08766322874580644,-0.09194561273722975,0.00355726795307576,0,0,0,
2023-02-08,HYG,75.8499984741211,75.95115904797478,-0.13319161303357024,-0.17752119970989022,-0.004201125147915263,0,0,0,
2023-02-09,HYG,75.36000061035156,75.72415948428605,-0.48090183689665666,-0.7969556906149008,-0.006460090621316361,0,0,0,
2023-02-10,HYG,74.77999877929688,74.97370737703541,-0.25836870619775226,-0.433432092378894,-0.00769641489327455,0,0,0,
2023-02-13,HYG,74.97000122070312,75.01037651194946,-0.05382627460869058,-0.09626889462906782,0.002540818995825589,0,0,0,
2023-02-14,HYG,74.98999786376953,75.1339241704381,-0.1915596826036728,-0.36423691905083905,0.000266728594648713,0,0,0,
2023-02-15,HYG,74.87000274658203,75.10406074719191,-0.3116449340838456,-0.5918009515246159,-0.0016001482945163792,0,0,0,
2023-02-16,HYG,74.2699966430664,74.19357274169964,0.10300609411657713,0.1747562907018224,-0.008013971971478462,0,0,0,
2023-02-17,HYG,74.55999755859375,74.63661100010019,-0.10264860700378761,-0.19727889992909448,0.0039046846456860518,0,0,0,
2023-02-21,HYG,73.41000366210938,73.72764667135837,-0.43083296916405467,-0.7791094225154034,-0.015423738387070673,0,0,0,
2023-02-22,HYG,73.88999938964844,73.72373726700073,0.2255204752379376,0.41152793392533227,0.006538560190629816,0,0,0,
2023-02-23,HYG,74.62000274658203,74.56273711915928,0.07680193838811815,0.13830984979048994,0.009879596196557427,0,0,0,
2023-02-24,HYG,74.16999816894531,74.22724912793825,-0.07712930179355067,-0.12510599795570618,-0.0060306159350460575,0,0,0,
2023-02-27,HYG,74.66999816894531,74.78818466107562,-0.15802829372835078,-0.259910734040035,0.0067412702217020115,0,0,0,
2023-02-28,HYG,74.52999877929688,74.19242396319406,0.45499903908016576,0.901309359374525,-0.0018749081703696158,0,0,0,
2023-03-01,HYG,73.87000274658203,73.45560884468553,0.5641419469719418,1.1077871788827367,-0.00885544134609828,0,0,0,
2023-03-02,HYG,73.95999908447266,73.65590762093294,0.4128541394190865,0.852322222170022,0.0012183069520028678,0,0,0,
2023-03-03,HYG,74.72000122070312,74.73331002966265,-0.01780840291195381,0.04617910929949606,0.010275853780939537,0,0,0,
2023-03-06,HYG,74.72000122070312,74.67917087255894,0.054674345827782384,0.21648984670973873,0.0,0,0,0,
2023-03-07,HYG,74.19000244140625,74.03806074593219,0.20522106325213668,0.5351304675062434,-0.007093131298692046,0,0,0,
2023-03-08,HYG,73.83999633789062,73.62210637980041,0.295957245458537,0.7120491076269463,-0.004717699042968149,0,0,0,
2023-03-09,HYG,73.43000030517578,72.85502060350106,0.7892108147274207,1.6475739636103748,-0.005552492592750258,1,0,0,
2023-03-10,HYG,73.44000244140625,73.01783616339712,0.5781687053344313,1.2085044565213812,0.00013621321243229012,0,0,0,
2023-03-13,HYG,73.04000091552734,72.91744061782487,0.16808090994970767,0.40769498062966925,-0.005446643689834385,0,0,0,
2023-03-14,HYG,73.56999969482422,73.37036999639791,0.2720849008068347,0.601076583733437,0.0072562811151910545,0,0,0,
2023-03-15,HYG,73.33000183105469,73.14035176696052,0.2592960787205795,0.5841707766773836,-0.0032621702428308197,0,0,0,
2023-03-16,HYG,73.80999755859375,73.8634892036626,-0.07241960222235641,-0.0544066087549478,0.006545693652714402,0,0,0,
2023-03-17,HYG,73.37000274658203,73.64179904344277,-0.36907883890832743,-0.6102874158567045,-0.005961181771648616,0,0,0,
2023-03-20,HYG,73.16999816894531,73.79784408383208,-0.8507645754170663,-1.581086048541371,-0.002725972061463966,-1,0,0,
2023-03-21,HYG,73.97000122070312,74.30454657362073,-0.45023537366739014,-0.7233646802851741,0.010933484649140679,0,0,0,
2023-03-22,HYG,74.04000091552734,74.09102285116413,-0.06886385647459183,0.15360896394621484,0.0009463254517918518,0,0,0,
2023-03-23,HYG,73.75,73.74612971811518,0.005248115256500545,0.3423613126364681,-0.003916814045669792,0,0,0,
2023-03-24,HYG,73.5999984741211,73.56186865080834,0.051833679611589176,0.44707229006242594,-0.002033918994968187,0,0,0,
2023-03-27,HYG,73.41999816894531,73.72054618791907,-0.40768555649009697,-0.6181982580547479,-0.002445656371026561,0,0,0,
2023-03-28,HYG,73.37999725341797,73.55392242727554,-0.23645941388038516,-0.22513951916755418,-0.000544823161603758,0,0,0,
2023-03-29,HYG,74.30000305175781,74.25996272512708,0.05391913106520111,0.4257624543068976,0.012537555638801656,0,0,0,
2023-03-30,HYG,74.73999786376953,74.92708891491876,-0.24969747771953318,-0.29031838202475074,0.005921868020721588,0,0,0,
2023-03-31,HYG,75.55000305175781,75.76627186120906,-0.2854420629900044,-0.36535069772246576,0.010837639967085533,0,0,0,
2023-04-03,HYG,75.1500015258789,75.6224698122717,-0.6247723561074786,-1.1248052101171335,-0.005294526932115073,0,0,0,
2023-04-04,HYG,74.93000030517578,75.71160542019777,-1.0323451876156868,-1.9901694376283923,-0.002927494560693633,-1,0,0,
2023-04-05,HYG,74.51000213623047,75.02450803319053,-0.6857837664626132,-1.1791568854310686,-0.0056052070897469886,0,0,0,
2023-04-06,HYG,74.83999633789062,75.59345665995536,-0.9967269064755911,-1.7937187009729005,0.004428857766730632,-1,0,0,
2023-04-10,HYG,74.7699966430664,75.38561193710727,-0.8166217375199663,-1.3698626210523415,-0.000935324669287585,0,0,0,
2023-04-11,HYG,74.93000030517578,74.53694676136892,0.527327132227758,1.4495910633075892,0.0021399447544874217,0,0,0,
2023-04-12,HYG,74.91000366210938,74.89620549459752,0.01842305283789889,0.36344207799040773,-0.0002668709860531582,0,0,0,
2023-04-13,HYG,75.41999816894531,75.42668662996378,-0.008867499445233558,0.2851781210635938,0.006808096140754838,0,0,0,
2023-04-14,HYG,75.27999877929688,75.20452468335249,0.10035845085407961,0.49821480350985986,-0.0018562634983738668,0,0,0,
2023-04-17,HYG,75.08000183105469,74.93856364613404,0.1887388522530636,0.6838126727068602,-0.0026567076445966897,0,0,0,
2023-04-18,HYG,75.12999725341797,74.76441028806177,0.48898528584338596,1.369480544713444,0.0006658953269045309,0,0,0,
2023-04-19,HYG,74.83000183105469,74.44958028550982,0.5109787645356336,1.3740976860110312,-0.0039930178800803295,0,0,0,
2023-04-20,HYG,74.76000213623047,74.58218674582314,0.23841536185219234,0.691791088763896,-0.0009354495938975749,0,0,0,
2023-04-21,HYG,74.98999786376953,74.89986752966318,0.12033443726806747,0.3822316256167879,0.003076454266546902,0,0,0,
2023-04-24,HYG,75.19999694824219,75.32197659532012,-0.16194429911643413,-0.3512240682692322,0.00280036125423222,0,0,0,
2023-04-25,HYG,75.08000183105469,75.24534097995277,-0.21973340374938946,-0.5019324622007946,-0.0015956798145895235,0,0,0,
2023-04-26,HYG,74.79000091552734,75.04786650508781,-0.3436014927126344,-0.7993615771592654,-0.003862558716765996,0,0,0,
2023-04-27,HYG,75.04000091552734,75.17268283880044,-0.17650284420155485,-0.3749046619610088,0.0033426928324598038,0,0,0,
2023-04-28,HYG,75.36000061035156,75.51795733752316,-0.20916445934258523,-0.44007090345025673,0.004264388205224678,0,0,0,
2023-05-01,HYG,74.69000244140625,74.7715860377716,-0.10911042641804555,-0.1736073824406573,-0.008890633804656267,0,0,0,
2023-05-02,HYG,74.62000274658203,74.80124033232852,-0.24229221994352107,-0.4972763295154443,-0.0009372030062407832,0,0,0,
2023-05-03,HYG,74.58000183105469,74.7688148717504,-0.25252913399734056,-0.4991740300184318,-0.0005360615660011669,0,0,0,
2023-05-04,HYG,74.36000061035156,74.75202830626417,-0.5244375367400581,-1.1702860101439907,-0.0029498688026515785,0,0,0,
2023-05-05,HYG,74.76000213623047,75.23437548246694,-0.6305273928232801,-1.403938472014449,0.005379256624471029,0,0,0,
2023-05-08,HYG,74.55000305175781,74.81325678322375,-0.35188112747013817,-0.6668119712018773,-0.0028089764375606174,0,0,0,
2023-05-09,HYG,74.36000061035156,74.68233241955299,-0.4316038328725766,-0.8536307984723663,-0.002548657728079995,0,0,0,
2023-05-10,HYG,74.80999755859375,75.35350651551632,-0.7212789186003565,-1.5430149039599028,0.006051599577038491,-1,0,0,
2023-05-11,HYG,74.69000244140625,75.07385714859274,-0.5113027647250465,-1.0116700779502055,-0.0016039984106872573,0,0,0,
2023-05-12,HYG,74.41999816894531,74.55840778322948,-0.1856391765856673,-0.1954074003966717,-0.0036149988436906533,0,0,0,
2023-05-15,HYG,74.4000015258789,74.15698234882564,0.3277090967781521,1.0718851161912324,-0.0002686998596937995,0,0,0,
2023-05-16,HYG,73.87999725341797,73.63268412895367,0.3358741126850361,1.0618581396789029,-0.006989304594033685,0,0,0,
2023-05-17,HYG,74.08000183105469,73.92454191248103,0.21029541009223068,0.7294366871033857,0.0027071546436401306,0,0,0,
2023-05-18,HYG,74.12000274658203,74.0430720297248,0.10389995275499903,0.4668631177833799,0.0005399691487395497,0,0,0,
2023-05-19,HYG,74.19999694824219,74.6733117748222,-0.6338473750933825,-1.3137298544627338,0.0010792525458163116,0,0,0,
2023-05-22,HYG,74.52999877929688,74.74713402118493,-0.29049306669941083,-0.48573756629215986,0.004447464213305441,0,0,0,
2023-05-23,HYG,74.13999938964844,74.44532229896603,-0.4101304150332577,-0.7533529995495392,-0.005232784060594575,0,0,0,
2023-05-24,HYG,73.62000274658203,73.95880520266654,-0.4580961728033607,-0.8460598161870465,-0.007013712535031469,0,0,0,
2023-05-25,HYG,73.56999969482422,73.84708759196262,-0.3752184496014688,-0.6310299799818425,-0.0006792046983472577,0,0,0,
2023-05-26,HYG,74.0199966430664,74.78286577340873,-1.0201121907440789,-2.0826525492720425,0.0061165821681230526,-1,-1,0,
2023-05-30,HYG,74.33999633789062,74.8377525852083,-0.6651138364302823,-1.2157818828869706,0.004323151976989292,0,0,0,
2023-05-31,HYG,74.11000061035156,74.66379678085039,-0.7417198084960824,-1.357418725356335,-0.0030938356049102778,0,0,0,
2023-06-01,HYG,74.19999694824219,75.01076453645435,-1.0808683169975357,-2.059952637747418,0.0012143615861481827,-1,-1,0,
2023-06-02,HYG,74.58000183105469,75.61078093816607,-1.363270018272062,-2.5244164817491344,0.005121359817273019,-1,-1,-1,
2023-06-05,HYG,74.5199966430664,75.4660363811213,-1.2535966951771107,-2.1573719629985435,-0.0008045747722588148,-1,-1,0,
2023-06-06,HYG,74.63999938964844,75.52258499270359,-1.1686379685499595,-1.8877675200446145,0.0016103428876521608,-1,0,0,
2023-06-07,HYG,74.2300033569336,75.49005108667382,-1.669157341400524,-2.7087078295040197,-0.005492980118803503,-1,-1,-1,
2023-06-08,HYG,74.69999694824219,75.73745003771711,-1.3698019790186664,-2.0589148433753266,0.006331585208862789,-1,-1,0,
2023-06-09,HYG,74.72000122070312,75.55697476666913,-1.107738297557173,-1.5032429026229925,0.0002677948230012106,-1,0,0,
2023-06-12,HYG,74.63999938964844,75.14357346930082,-0.6701492308695054,-0.6157441118522081,-0.001070688299621203,0,0,0,
2023-06-13,HYG,74.7300033569336,74.89074404191,-0.21463357993405743,0.3082535167366796,0.0012058409434771988,0,0,0,
2023-06-14,HYG,74.76000213623047,75.10381625840941,-0.45778515567834915,-0.15992590320292238,0.0004014288498501717,0,0,0,
2023-06-15,HYG,75.12000274658203,75.02405284990375,0.12789217995225988,1.0213329559322848,0.004815417336339278,0,0,0,
2023-06-16,HYG,74.93000030517578,74.75620226235132,0.23248645271535737,1.1995399798077317,-0.0025293188825781243,0,0,0,
2023-06-20,HYG,74.7300033569336,74.72182946988286,0.010939088494916194,0.7309796327849097,-0.0026691171417007054,0,0,0,
2023-06-21,HYG,74.54000091552734,74.2604876269741,0.3763957085190448,1.4154984157574981,-0.0025425188394377907,0,0,0,
2023-06-22,HYG,74.31999969482422,73.89775941123341,0.5713844194396832,1.7401506372916933,-0.0029514518111214416,1,0,0,
2023-06-23,HYG,74.19000244140625,73.99448666234794,0.26423019859640384,1.130861185555603,-0.0017491557313208395,0,0,0,
2023-06-26,HYG,74.2300033569336,74.21477171737614,0.020523730256101626,0.66492442988238,0.0005391685430786719,0,0,0,
2023-06-27,HYG,74.4800033569336,73.94376655299972,0.7251954139359714,1.922050906239627,0.0033679103959873835,1,0,0,
2023-06-28,HYG,74.91000366210938,74.0815777098797,1.1182617566191473,2.478577701230909,0.005773365813573683,1,1,0,
2023-06-29,HYG,74.70999908447266,74.05357900133592,0.8864123678950014,1.984898235385288,-0.0026699314892422166,1,0,0,
2023-06-30,HYG,75.06999969482422,74.73188096941665,0.4524424128250437,1.2083499447658563,0.004818640272562735,0,0,0,
2023-07-03,HYG,74.55000305175781,74.38839023468036,0.21725543000406197,0.7930511880871256,-0.006926823567074747,0,0,0,
2023-07-05,HYG,74.31999969482422,73.66322811656195,0.8915867455917282,1.8397505586178704,-0.0030852226360595925,1,0,0,
2023-07-06,HYG,73.77999877929688,73.10356418393569,0.9253100076751541,1.8193765621447198,-0.007265889635962308,1,0,0,
2023-07-07,HYG,73.8499984741211,73.16773549975588,0.9324642476703303,1.752695241265791,0.0009487624828188324,1,0,0,
2023-07-10,HYG,74.22000122070312,73.52320358774729,0.947724798368222,1.7100828306904536,0.005010193015937414,1,0,0,
2023-07-11,HYG,74.62000274658203,74.38560175441225,0.3151160797806924,0.6932526026169207,0.0053894033858803425,0,0,0,
2023-07-12,HYG,75.19999694824219,74.85313093152905,0.4633954684279371,0.9301601332263555,0.007772637098793389,0,0,0,
2023-07-13,HYG,75.6500015258789,75.7499692203746,-0.13197060741352803,-0.0064207208644795,0.00598410366886637,0,0,0,
2023-07-14,HYG,75.0999984741211,75.23168151594304,-0.17503668556715396,-0.07031989473433968,-0.007270364053722611,0,0,0,
2023-07-17,HYG,75.23999786376953,75.40652402103458,-0.2208378643983129,-0.13477821455339745,0.001864173002569025,0,0,0,
2023-07-18,HYG,75.44999694824219,75.59688035836027,-0.1942982427605362,-0.08334932759259704,0.002791056491693089,0,0,0,
2023-07-19,HYG,75.51000213623047,76.19572944408361,-0.8999550405989148,-1.1636510633651873,0.0007952974210116981,0,0,0,
2023-07-20,HYG,75.18000030517578,75.39501779227692,-0.28518792540581006,-0.17352674236468266,-0.004370306207372665,0,0,0,
2023-07-21,HYG,75.37000274658203,75.47905991107395,-0.14448664917183843,0.06083195775795781,0.0025273003542827244,0,0,0,
2023-07-24,HYG,75.23999786376953,75.4842260697987,-0.32354866539047566,-0.21488284615854478,-0.0017248889223159258,0,0,0,
2023-07-25,HYG,75.19000244140625,75.53995425938521,-0.4632671827908648,-0.43058854622939186,-0.0006644793166236118,0,0,0,
2023-07-26,HYG,75.48999786376953,75.62408583572666,-0.1773085525270345,0.026147099638842628,0.003989831262434906,0,0,0,
2023-07-27,HYG,74.88999938964844,75.16328086064098,-0.36358374443397473,-0.27153416973530115,-0.007948052604317968,0,0,0,
2023-07-28,HYG,75.31999969482422,75.81114517652557,-0.6478539277539261,-0.7116441649011152,0.005741758695156474,0,0,0,
2023-07-31,HYG,75.5,75.85385605018448,-0.46649711512407027,-0.41543757666850095,0.0023898075664510188,0,0,0,
2023-08-01,HYG,74.7699966430664,74.99690686737354,-0.3025594438293394,-0.14958210231545122,-0.009668918634882062,0,0,0,
2023-08-02,HYG,74.44999694824219,74.80465505779046,-0.4741123520645557,-0.4162361035552139,-0.0042797874707928285,0,0,0,
2023-08-03,HYG,74.20999908447266,74.54073068658685,-0.44369246057539885,-0.3626755594851536,-0.003223611465509868,0,0,0,
2023-08-04,HYG,74.6500015258789,75.14546847822064,-0.6593437533566383,-0.7002897321089164,0.005929153036444479,0,0,0,
2023-08-07,HYG,74.79000091552734,74.77344957035562,0.022135323790494453,0.36415053955594956,0.0018754104057172594,0,0,0,
2023-08-08,HYG,74.94999694824219,74.85964665682167,0.12069291728654889,0.5079472504059415,0.002139270367111701,0,0,0,
2023-08-09,HYG,74.95999908447266,75.07560834910424,-0.1539904466627826,0.06539835223276062,0.00013345078902915475,0,0,0,
2023-08-10,HYG,74.94000244140625,74.7991347690735,0.1883279435887128,0.5876642295397011,-0.00026676418504045785,0,0,0,
2023-08-11,HYG,74.83000183105469,74.89826232782487,-0.09113762408987194,0.13234089799924612,-0.0014678490361348384,0,0,0,
2023-08-14,HYG,74.81999969482422,74.96132935820316,-0.1885367623399465,-0.02300277930658512,-0.00013366478665932657,0,0,0,
2023-08-15,HYG,74.58000183105469,74.62619326990358,-0.0618970857616053,0.18988484927462831,-0.003207669937829949,0,0,0,
2023-08-16,HYG,74.3499984741211,74.60896073144856,-0.3470927014512246,-0.25136934745971634,-0.00308398164771595,0,0,0,
2023-08-17,HYG,74.04000091552734,74.3097475562623,-0.3630030374288609,-0.2631023630513591,-0.0041694359778857715,0,0,0,
2023-08-18,HYG,74.08999633789062,74.7143397726386,-0.8356407038433251,-0.996805326777471,0.000675248808010176,0,0,0,
2023-08-21,HYG,74.06999969482422,74.84322742250113,-1.0331298559747106,-1.2907600175610938,-0.0002698966669563152,0,0,0,
2023-08-22,HYG,74.11000061035156,74.55338293298621,-0.5947179124429413,-0.5842792265873094,0.0005400420641574755,0,0,0,
2023-08-23,HYG,74.70999908447266,75.28297885296055,-0.7611013501564765,-0.8351033714859788,0.008096052748342464,0,0,0,
2023-08-24,HYG,74.30000305175781,74.74893974388786,-0.600592722342602,-0.5772675550163398,-0.005487833459230429,0,0,0,
2023-08-25,HYG,74.61000061035156,75.0603539907953,-0.5999883513725115,-0.5694070690869594,0.004172241532450549,0,0,0,
2023-08-28,HYG,74.88999938964844,75.21166136823989,-0.42767567254840694,-0.3170404203054655,0.003752831751860697,0,0,0,
2023-08-29,HYG,75.36000061035156,75.39357446864095,-0.04453145845121243,0.2775517801126082,0.0062758876289708,0,0,0,
2023-08-30,HYG,75.33000183105469,75.83870548724862,-0.6707704897197414,-0.724545657451202,-0.00039807297046057233,0,0,0,
2023-08-31,HYG,75.27999877929688,76.07214659466955,-1.0413112431195404,-1.319467224628396,-0.0006637866791767699,0,0,0,
2023-09-01,HYG,75.06999969482422,75.78863538002125,-0.948210350527659,-1.2005859315639682,-0.002789573430896586,0,0,0,
2023-09-05,HYG,74.58000183105469,75.35016674483421,-1.0221144120193,-1.3391317316930702,-0.006527212811528904,0,0,0,
2023-09-06,HYG,74.4000015258789,74.30791927364814,0.12391983671573828,0.5183082504594855,-0.0024135197205215064,0,0,0,
2023-09-07,HYG,74.6500015258789,74.19828493476268,0.6087965395876552,1.3189694923376616,0.0033602149848483975,0,0,0,
2023-09-08,HYG,74.62000274658203,74.13661412206608,0.6520241452085377,1.3690652363445905,-0.00040185905805345534,0,0,0,
2023-09-11,HYG,74.75,74.14026453330344,0.8224079999372982,1.6240867092033988,0.001742123407036722,1,0,0,
2023-09-12,HYG,74.62999725341797,74.1804584338944,0.6060070657613585,1.1979489762400979,-0.0016053879141408878,0,0,0,
2023-09-13,HYG,74.83000183105469,74.11906209686488,0.9591860906991686,1.7490726935529906,0.0026799488811124483,1,0,0,
2023-09-14,HYG,74.91999816894531,74.16613751251809,1.016448586526407,1.7682807358497452,0.001202677210857317,1,0,0,
2023-09-15,HYG,74.63999938964844,73.89763649466123,1.0045827311957969,1.6848319275647636,-0.003737303605713893,1,0,0,
2023-09-18,HYG,74.69000244140625,73.81061742730883,1.191407205018263,1.9121915782936676,0.0006699229925870576,1,0,0,
2023-09-19,HYG,74.45999908447266,73.43560770823363,1.3949518608316334,2.1218000667268395,-0.0030794396762007237,1,1,0,
2023-09-20,HYG,74.4000015258789,73.1874776337203,1.6567368235135673,2.382919846236587,-0.000805768994513234,1,1,0,
2023-09-21,HYG,73.87000274658203,72.68692171929449,1.6276394698023067,2.229764767107876,-0.007123639360578804,1,1,0,
2023-09-22,HYG,74.0,73.52138515629495,0.6509872504273219,0.8247256757992697,0.0017598111355692225,0,0,0,
2023-09-25,HYG,73.9000015258789,73.45860258301249,0.6008812138341555,0.7373071367607557,-0.0013513307313661738,0,0,0,
2023-09-26,HYG,73.58000183105469,72.76962441037898,1.1136204525471265,1.437723333493085,-0.004330171694410079,0,0,0,
2023-09-27,HYG,73.4800033569336,72.5892658334505,1.2270926193506533,1.58799615346496,-0.0013590441917995522,1,0,0,
2023-09-28,HYG,73.83000183105469,72.81787447203331,1.3899435631152606,1.774596640664783,0.004763179887471658,1,0,0,
2023-09-29,HYG,73.72000122070312,72.97309040372282,1.0235428057767977,1.2464962639452717,-0.0014899174810164562,0,0,0,
2023-10-02,HYG,72.88999938964844,71.94251253929819,1.317005504683598,1.5870393500564979,-0.01125884179749026,1,0,0,
2023-10-03,HYG,72.1500015258789,71.48448794594059,0.9309902036951123,1.0729568751498786,-0.010152255041377067,0,0,0,
2023-10-04,HYG,72.5199966430664,72.16973220544739,0.4853342625990506,0.49492074807633823,0.005128137343902717,0,0,0,
2023-10-05,HYG,72.58999633789062,72.42851858081862,0.2229477562651281,0.1610146307271654,0.0009652468017717908,0,0,0,
2023-10-06,HYG,72.69000244140625,72.67858175550086,0.015713963632109324,-0.09959917315246458,0.0013776843719639498,0,0,0,
2023-10-09,HYG,73.2300033569336,73.24881067490264,-0.025675936299526966,-0.14873779419934074,0.007428819609170079,0,0,0,
2023-10-10,HYG,73.20999908447266,73.22642713555975,-0.022434593260541414,-0.13407338635372798,-0.0002731704430414261,0,0,0,
2023-10-11,HYG,73.19999694824219,73.60352119184088,-0.5482404062530468,-0.8394098417336862,-0.00013662254276125552,0,0,0,
2023-10-12,HYG,72.80999755859375,73.00880226813956,-0.2723023846024223,-0.4616889998773237,-0.005327860736445089,0,0,0,
2023-10-13,HYG,72.75,73.03174452662142,-0.3857836457935391,-0.611208954564343,-0.0008240291251963017,0,0,0,
2023-10-16,HYG,72.7300033569336,72.99120562152586,-0.3578544324184165,-0.5688728553761297,-0.00027486794593001296,0,0,0,
2023-10-17,HYG,72.38999938964844,72.73379830374611,-0.4726810947806203,-0.7406010073962156,-0.0046748790264250495,0,0,0,
2023-10-18,HYG,72.04000091552734,72.22736140670108,-0.2594037599113398,-0.4497195479903055,-0.004834900912723872,0,0,0,
2023-10-19,HYG,71.77999877929688,71.68500918337803,0.13250970740040363,0.08022714213323008,-0.0036091356597196533,0,0,0,
2023-10-20,HYG,71.93000030517578,71.81977609406351,0.15347334272931365,0.09878299612726041,0.002089739877819241,0,0,0,
2023-10-23,HYG,72.22000122070312,71.92731691434193,0.406916758357263,0.4287621482541186,0.004031710194591476,0,0,0,
2023-10-24,HYG,72.58999633789062,72.36761587376995,0.30729278757582856,0.2812633881998613,0.005123166864215323,0,0,0,
2023-10-25,HYG,72.19999694824219,72.0047820424103,0.2711138070203578,0.21825146468619053,-0.005372632722463244,0,0,0,
2023-10-26,HYG,72.44999694824219,72.23352624286596,0.29968176362925886,0.23898763556887034,0.0034626040244740697,0,0,0,
2023-10-27,HYG,72.36000061035156,72.45977731715818,-0.13769943891753544,-0.3790642747958887,-0.0012421855304551865,0,0,0,
2023-10-30,HYG,72.37999725341797,72.61848403539412,-0.3284105763759976,-0.6450268647125093,0.00027634940433585164,0,0,0,
2023-10-31,HYG,72.56999969482422,72.8278454360775,-0.3540482897844254,-0.684963986988579,0.002625068369939365,0,0,0,
2023-11-01,HYG,72.87000274658203,72.91203470582505,-0.057647491820250835,-0.2795558598114189,0.004133981714474322,0,0,0,
2023-11-02,HYG,73.69000244140625,73.57227211982256,0.16001996158546372,0.008684779775500062,0.011252911539963995,0,0,0,
2023-11-03,HYG,74.41000366210938,74.3741124694546,0.048257641621624534,-0.15093708595143646,0.009770677118319027,0,0,0,
2023-11-06,HYG,74.11000061035156,73.9594825349196,0.2035142354611455,0.06811407232420276,-0.0040317569814954934,0,0,0,
2023-11-07,HYG,74.12000274658203,73.98891151128336,0.17717686693995702,0.0231949373257978,0.0001349633807596895,0,0,0,
2023-11-08,HYG,74.16000366210938,74.46887778643423,-0.41476940905523596,-0.8025382813949468,0.0005396777394099939,0,0,0,
2023-11-09,HYG,73.69999694824219,74.1270877194737,-0.5761601924087455,-1.012789736310435,-0.00620289497237736,0,0,0,
2023-11-10,HYG,74.05999755859375,74.39240614259265,-0.44683133835159133,-0.8219395152782059,0.004884676055066706,0,0,0,
2023-11-13,HYG,73.98999786376953,74.50593252887536,-0.69247460919421,-1.1406369948498323,-0.0009451754946229185,0,0,0,
2023-11-14,HYG,74.73999786376953,75.45976356621176,-0.9538403891375524,-1.4686565632157902,0.01013650522575893,0,0,0,
2023-11-15,HYG,74.5,74.82325126310242,-0.43201980353107905,-0.7525983967002239,-0.0032111034336257394,0,0,0,
2023-11-16,HYG,74.5999984741211,74.80772609730354,-0.27768204438169314,-0.5602584143622844,0.001342261397598632,0,0,0,
2023-11-17,HYG,74.7699966430664,74.53436045313063,0.31614437757730535,0.23585934146157117,0.002278795876976991,0,0,0,
2023-11-20,HYG,74.8499984741211,74.61112720412957,0.32015502103056187,0.22295428122101835,0.0010699723772438219,0,0,0,
2023-11-21,HYG,74.94999694824219,75.07268441701294,-0.16342491243452317,-0.48520938504638733,0.0013359849854328587,0,0,0,
2023-11-22,HYG,75.08000183105469,75.1900842831325,-0.14640554419821805,-0.47506178988744624,0.0017345548779978959,0,0,0,
2023-11-24,HYG,75.0,75.53280166353211,-0.7053911039941647,-1.2816545355659135,-0.001065554463287155,0,0,0,
2023-11-27,HYG,75.11000061035156,75.20291676935356,-0.12355392981228945,-0.44719977868541516,0.001466674804687429,0,0,0,
2023-11-28,HYG,75.44000244140625,75.64915355761327,-0.27647515718432775,-0.6628000035982634,0.004393580460299029,0,0,0,
2023-11-29,HYG,75.8499984741211,76.42225878652118,-0.7488136591181481,-1.344026102416787,0.005434729844200126,0,0,0,
2023-11-30,HYG,75.70999908447266,76.14758846936896,-0.574659544303656,-1.1200265263022366,-0.0018457401775189286,0,0,0,
2023-12-01,HYG,75.98999786376953,76.04175306669566,-0.0680615593919,-0.403393913383343,0.0036983064678743904,0,0,0,
2023-12-04,HYG,75.80000305175781,76.1352484205322,-0.44032872516901833,-0.9977749161796206,-0.0025002607889571538,0,0,0,
2023-12-05,HYG,75.87000274658203,76.29029423484941,-0.550910823562392,-1.1390615241594924,0.000923478786358567,0,0,0,
2023-12-06,HYG,75.87999725341797,76.32895568488712,-0.5881888825030048,-1.1576582835312181,0.0001317319951776863,0,0,0,
2023-12-07,HYG,76.01000213623047,76.02229004595868,-0.016163561661700247,-0.27996102158000363,0.001713295829180339,0,0,0,
2023-12-08,HYG,75.86000061035156,75.89615241473162,-0.047633250474285224,-0.30893556481162215,-0.001973444568651117,0,0,0,
2023-12-11,HYG,75.80999755859375,76.12621666296913,-0.4153879152767613,-0.8432212879834394,-0.0006591491082982293,0,0,0,
2023-12-12,HYG,75.9800033569336,76.00087472325639,-0.027462008034503965,-0.23201799013017516,0.002242524783204747,0,0,0,
2023-12-13,HYG,77.13999938964844,76.84891609827973,0.3787734507490644,0.4153806291895692,0.015267122683128909,0,0,0,
2023-12-14,HYG,77.0999984741211,76.77185276747693,0.4274297086954998,0.5128832946922466,-0.0005185495961088638,0,0,0,
2023-12-15,HYG,76.93000030517578,76.66028779984673,0.35182819301859275,0.4240195327309805,-0.0022049049586216896,0,0,0,
2023-12-18,HYG,76.9800033569336,76.79571284002436,0.23997500653862094,0.2826626731721617,0.000649981171967351,0,0,0,
2023-12-19,HYG,77.19999694824219,77.36443643309752,-0.2125517775826345,-0.4564504562417232,0.0028578017889731022,0,0,0,
2023-12-20,HYG,77.20999908447266,77.36158154303398,-0.19594022709709058,-0.4018621586859319,0.0001295613552572128,0,0,0,
2023-12-21,HYG,77.55999755859375,77.6192515409554,-0.07633928591850475,-0.15215979939108482,0.004533071859490256,0,0,0,
2023-12-22,HYG,77.47000122070312,77.45566273141958,0.01851186701902596,0.05051887284224459,-0.001160344774671196,0,0,0,
2023-12-26,HYG,77.62000274658203,77.9489898768787,-0.4220543855876852,-0.7948880492936071,0.0019362530465383276,0,0,0,
2023-12-27,HYG,77.94000244140625,78.41601180421515,-0.6070308242624857,-1.1641884336260364,0.004122644724311231,0,0,0,
2023-12-28,HYG,77.69000244140625,77.9692691861644,-0.3581754038137146,-0.6238565665749372,-0.003207595485873238,0,0,0,
2023-12-29,HYG,77.38999938964844,78.31792326751484,-1.184816756053202,-2.466714768824119,-0.0038615399965274966,-1,-1,0,
2024-01-02,HYG,77.12999725341797,78.04016975405447,-1.1662871871049703,-2.450816915009957,-0.0033596348143303256,-1,-1,0,
2024-01-03,HYG,76.91999816894531,78.18472660229214,-1.6176157266370155,-3.326235158798979,-0.0027226642285839153,-1,-1,-1,
2024-01-04,HYG,76.62000274658203,77.54014911364425,-1.186670876417368,-2.206564342245845,-0.003900096587422963,-1,-1,0,
2024-01-05,HYG,76.68000030517578,77.53922836072506,-1.1081204620092586,-1.9325763805144185,0.0007830534644091003,-1,0,0,
2024-01-08,HYG,77.11000061035156,77.9045401755249,-1.0198886526808055,-1.66262118020344,0.005607724353996257,-1,0,0,
2024-01-09,HYG,77.2300033569336,78.35947102637338,-1.4413926672114041,-2.4244054487420663,0.0015562539960078947,-1,-1,0,
2024-01-10,HYG,77.37000274658203,78.4990750259759,-1.4383255841170728,-2.2738789172008596,0.0018127590776009228,-1,-1,0,
2024-01-11,HYG,77.62000274658203,78.64492755481345,-1.3032306597486183,-1.9197738507107376,0.0032312264589009487,-1,0,0,
2024-01-12,HYG,77.69999694824219,78.21723205612534,-0.6612802502548374,-0.646422729486731,0.0010305874623752764,0,0,0,
2024-01-16,HYG,77.20999908447266,77.84311928265775,-0.813328402072585,-0.9239318891102719,-0.006306279060679154,0,0,0,
2024-01-17,HYG,76.87999725341797,77.39184986139709,-0.6613779214423888,-0.6176770224661167,-0.004274081530471818,0,0,0,
2024-01-18,HYG,77.04000091552734,77.87408868017577,-1.0710722639387522,-1.371224319280049,0.0020812131611029905,0,0,0,
2024-01-19,HYG,77.16999816894531,78.0937132392443,-1.182828978139548,-1.5266797992066279,0.0016873994272210702,-1,0,0,
2024-01-22,HYG,77.2300033569336,78.00231995298952,-0.9901200329956725,-1.129205650629302,0.0007775714579767445,0,0,0,
2024-01-23,HYG,77.13999938964844,77.90425575049153,-0.9810200398946369,-1.0772802177920076,-0.001165401571578184,0,0,0,
2024-01-24,HYG,77.0999984741211,77.693917628979,-0.7644345567617186,-0.6495602066658845,-0.0005185495961088638,0,0,0,
2024-01-25,HYG,77.69000244140625,78.23532784855828,-0.6970321747837911,-0.4988294039651137,0.007652451088999701,0,0,0,
2024-01-26,HYG,77.62999725341797,78.1443389523175,-0.6581944460664924,-0.4017205552908502,-0.000772366921130363,0,0,0,
2024-01-29,HYG,77.80000305175781,77.91933392004469,-0.15314667398123452,0.6024942040516436,0.0021899498177859744,0,0,0,
2024-01-30,HYG,77.69999694824219,77.84574987271964,-0.1872329892328868,0.5373172689072042,-0.0012854254446377222,0,0,0,
2024-01-31,HYG,77.4800033569336,78.10248596623806,-0.7970074212151901,-0.6497671591447098,-0.002831320462665321,0,0,0,
2024-02-01,HYG,77.54000091552734,78.25508382268889,-0.9137846031598232,-0.8572596193529196,0.0007743618481448333,0,0,0,
2024-02-02,HYG,77.19000244140625,78.07788795321191,-1.1371792130669927,-1.251525535279066,-0.0045137795974801165,0,0,0,
2024-02-05,HYG,76.83000183105469,77.2383330917184,-0.5286639992331694,-0.04889643358033794,-0.0046638243161714055,0,0,0,
2024-02-06,HYG,77.11000061035156,77.40248851141503,-0.37787919573197165,0.26366795442938545,0.0036443937605594723,0,0,0,
2024-02-07,HYG,77.23999786376953,77.64095316061366,-0.5164224298157266,0.011303842324340662,0.0016858676227338165,0,0,0,
2024-02-08,HYG,77.19999694824219,77.7084794867438,-0.6543462719385106,-0.24460511746600344,-0.0005178782578152408,0,0,0,
2024-02-09,HYG,77.36000061035156,78.35102970283367,-1.2648577769058553,-1.4457566940533075,0.002072586378684127,0,0,0,
2024-02-12,HYG,77.19000244140625,77.72842020034476,-0.6926909842638477,-0.28674871101673144,-0.0021974944106006866,0,0,0,
2024-02-13,HYG,76.56999969482422,77.16516946090331,-0.771293279386428,-0.43442004185355626,-0.008032163842107254,0,0,0,
2024-02-14,HYG,76.87000274658203,77.57192587034476,-0.904867470914585,-0.694463195665568,0.003918023415874439,0,0,0,
2024-02-15,HYG,77.13999938964844,77.90589493534293,-0.9831034562020459,-0.8499942841777005,0.003512379776497543,0,0,0,
2024-02-16,HYG,76.91000366210938,77.63245693036433,-0.930607244471197,-0.7259985085712348,-0.002981536548598007,0,0,0,
2024-02-20,HYG,77.06999969482422,77.25953235241589,-0.24531944709052225,0.6425793644439041,0.002080301977591237,0,0,0,
2024-02-21,HYG,76.93000030517578,77.21200847392191,-0.3652387424183874,0.43518717772324916,-0.0018165225146333785,0,0,0,
2024-02-22,HYG,77.30000305175781,78.11110031962652,-1.0383892488388156,-0.9186546448207278,0.004809602822231307,0,0,0,
2024-02-23,HYG,77.3499984741211,77.61752550403642,-0.34467348472918763,0.5412354723196305,0.0006467712857631813,0,0,0,
2024-02-26,HYG,77.0999984741211,77.66672728646584,-0.7296931802655047,-0.25024403512620047,-0.003232062119350121,0,0,0,
2024-02-27,HYG,77.19999694824219,77.48365148763378,-0.3660830819735721,0.5070471591680574,0.0012969970959813004,0,0,0,
2024-02-28,HYG,77.19000244140625,77.35992454737502,-0.21965133363684455,0.8221253919476463,-0.00012946252889933785,0,0,0,
2024-02-29,HYG,77.33000183105469,77.52685419802802,-0.25391507111910994,0.74833788663236,0.0018136984741605744,0,0,0,
2024-03-01,HYG,77.18000030517578,77.2977830384246,-0.15237530575782074,0.9372209493398651,-0.001939758467956798,0,0,0,
2024-03-04,HYG,77.16000366210938,77.65296151793295,-0.6348217069734473,-0.07594286969943384,-0.00025909099491239207,0,0,0,
2024-03-05,HYG,77.0999984741211,77.60743681756159,-0.6538527288736212,-0.09741513774160372,-0.000777672176521027,0,0,0,
2024-03-06,HYG,77.29000091552734,77.57278861637926,-0.3645449724005444,0.5144657462339817,0.002464363750539267,0,0,0,
2024-03-07,HYG,77.37999725341797,77.61112775965586,-0.29780588545710635,0.6455099806213351,0.0011643981993090247,0,0,0,
2024-03-08,HYG,77.4000015258789,77.52385334750701,-0.159759630462294,0.9169045928693536,0.00025851994276271384,0,0,0,
2024-03-11,HYG,77.38999938964844,77.52347210651445,-0.17217071583509932,0.9010767170431401,-0.00012922656373748342,0,0,0,
2024-03-12,HYG,77.45999908447266,77.9425769637695,-0.6191453992099339,-0.024774040753438597,0.000904505690351165,0,0,0,
2024-03-13,HYG,77.48999786376953,77.54629159279193,-0.07259370869468185,1.1216811285781605,0.00038728091468431813,0,0,0,
2024-03-14,HYG,77.12000274658203,77.109821122882,0.013204055659537245,1.2997859869281017,-0.004774746772324923,0,0,0,
2024-03-15,HYG,77.06999969482422,76.85946563129886,0.2739208005105154,1.8677795796031755,-0.000648379797419385,1,0,0,
2024-03-18,HYG,77.25,77.13032005635768,0.15516588490087546,1.6538824469465276,0.002335543089250436,1,0,0,
2024-03-19,HYG,77.55999755859375,77.48316333051896,0.09916248223763985,1.5663978713500404,0.0040129133798543215,1,0,0,
2024-03-20,HYG,77.81999969482422,78.01901393781058,-0.2550842838708532,0.8225023788692729,0.0033522710729076977,0,0,0,
2024-03-21,HYG,77.77999877929688,78.36100110522267,-0.7414432150319624,-0.2584591613437999,-0.000514018448781961,0,0,0,
2024-03-22,HYG,77.69999694824219,77.96068044452586,-0.33437816960713823,0.6744945389729051,-0.0010285655992576803,0,0,0,
2024-03-25,HYG,77.58000183105469,77.63389519289136,-0.0694198863818005,1.278534431546158,-0.0015443387631974836,0,0,0,
2024-03-26,HYG,77.48999786376953,77.52168582604038,-0.04087625537705594,1.3499817824986449,-0.00116014391803132,0,0,0,
2024-03-27,HYG,77.9000015258789,77.57019332893226,0.42517387516118427,2.285660567807592,0.005291052695990173,1,1,0,
2024-03-28,HYG,77.7300033569336,77.4991238988883,0.29791234588215243,1.914881454207075,-0.0021822614328042,1,0,0,
2024-04-01,HYG,77.0199966430664,76.86986415947618,0.19530733562733765,1.6441615610710911,-0.00913426840607301,1,0,0,
2024-04-02,HYG,76.88999938964844,77.24007627279481,-0.45323218209932603,0.27253602622078854,-0.0016878376925983929,0,0,0,
2024-04-03,HYG,76.94999694824219,77.44436988907735,-0.6383587877895416,-0.13700249529769398,0.0007803037985434358,0,0,0,
2024-04-04,HYG,76.88999938964844,77.6786809035637,-1.015312701942499,-0.9952774854560704,-0.000779695399261704,0,0,0,
2024-04-05,HYG,76.81999969482422,77.31829939421183,-0.6444783489701522,-0.1984266634309833,-0.0009103875065662459,0,0,0,
2024-04-08,HYG,77.0,77.36413714047046,-0.47067950852899165,0.17073849695015178,0.002343143789258706,0,0,0,
2024-04-09,HYG,77.16000366210938,77.74241616585152,-0.7491566797971141,-0.4749951480548849,0.0020779696377841717,0,0,0,
2024-04-10,HYG,76.4800033569336,77.06965370380182,-0.7650875779647343,-0.554264628792387,-0.00881285993911518,0,0,0,
2024-04-11,HYG,76.41000366210938,77.51390559588857,-1.424134063808224,-2.1166546205692716,-0.0009152679360843186,-1,-1,0,
2024-04-12,HYG,76.37000274658203,77.60331053453628,-1.5892463600575124,-2.4400082130585883,-0.0005235036462533094,-1,-1,0,
2024-04-15,HYG,75.93000030517578,76.82401941279366,-1.1637234219861663,-1.413807904532726,-0.005761456404110743,0,0,0,
2024-04-16,HYG,75.68000030517578,76.4911709250691,-1.06047614395646,-1.1602893102911398,-0.0032925062425287477,0,0,0,
2024-04-17,HYG,75.77999877929688,76.35721263616254,-0.7559388785130978,-0.4680826836227973,0.0013213328979631012,0,0,0,
2024-04-18,HYG,75.83999633789062,76.63933552026016,-1.0429881430250985,-1.1182981465694541,0.0007917334330986847,0,0,0,
2024-04-19,HYG,75.9800033569336,76.63472999696573,-0.8543471609517784,-0.7129849150454772,0.0018460842009959677,0,0,0,
2024-04-22,HYG,76.4000015258789,76.62330948808561,-0.2914360704315788,0.5536539435012883,0.005527746122519606,0,0,0,
2024-04-23,HYG,76.70999908447266,77.00700278678023,-0.3856840177638547,0.31733872292789356,0.004057559586418957,0,0,0,
2024-04-24,HYG,76.54000091552734,76.54752751487182,-0.00983258321832903,1.1524866501697413,-0.002216114860829399,0,0,0,
2024-04-25,HYG,76.37999725341797,76.68826762160062,-0.4019785264986446,0.2390524480211056,-0.0020904580636987857,0,0,0,
2024-04-26,HYG,76.62000274658203,77.11325604585937,-0.6396478693416905,-0.3094946321748468,0.00314225584962724,0,0,0,
2024-04-29,HYG,76.8499984741211,77.43037768383843,-0.7495497595105682,-0.5426713030717615,0.003001771329867564,0,0,0,
2024-04-30,HYG,76.29000091552734,76.2821432416567,0.010300803748727105,1.1984838099351076,-0.007286890952669656,0,0,0,
2024-05-01,HYG,76.29000091552734,76.1634186120126,0.16619829548298798,1.4983204958445366,0.0,0,0,0,
2024-05-02,HYG,76.76000213623047,77.14246169585041,-0.4957834520861794,-0.01361209118302223,0.006160718509147012,0,0,0,
2024-05-03,HYG,77.08000183105469,77.36572132637929,-0.3693101937474963,0.2510949264966069,0.004168833844693021,0,0,0,
2024-05-06,HYG,77.16999816894531,77.68662737132526,-0.6650169016999155,-0.42883234815459526,0.001167570520922867,0,0,0,
2024-05-07,HYG,77.18000030517578,77.56599567086006,-0.49763477197172235,-0.036943175372615995,0.00012961172045855562,0,0,0,
2024-05-08,HYG,77.0,77.07011326838345,-0.09097335583158431,0.8836316242220311,-0.002332214362063323,0,0,0,
2024-05-09,HYG,77.0199966430664,76.72833801340441,0.38011852884268493,1.8761301667634522,0.0002596966632000264,1,0,0,
2024-05-10,HYG,76.9000015258789,76.58244908958709,0.4146543236301347,1.8886173826997474,-0.001557973544761282,1,0,0,
2024-05-13,HYG,76.87999725341797,76.33642417274031,0.7120756396024246,2.3891519944756783,-0.0002601335769051305,1,1,0,
2024-05-14,HYG,77.0,76.78769199000278,0.2764870313133733,1.4093634432639937,0.0015609098708271318,0,0,0,
2024-05-15,HYG,77.44999694824219,77.58198237845808,-0.1701238176308054,0.4480770483080107,0.0058441162109375,0,0,0,
2024-05-16,HYG,77.2699966430664,77.39419767146137,-0.16047847530146603,0.44612030795314067,-0.0023240840835161425,0,0,0,
2024-05-17,HYG,77.27999877929688,77.21548338822022,0.0835524019869001,0.9401483140716607,0.0001294439842760564,0,0,0,
2024-05-20,HYG,77.31999969482422,76.99502228481515,0.42207586979705386,1.6130076143713556,0.0005176101987474091,1,0,0,
2024-05-21,HYG,77.26000213623047,76.98103678067645,0.36238191536548164,1.4375612239577418,-0.0007759642890656782,0,0,0,
2024-05-22,HYG,77.08999633789062,76.61332029507497,0.6221842898594452,1.8985985050810854,-0.0022004374014911177,1,0,0,
2024-05-23,HYG,76.81999969482422,76.60307373476898,0.2831817960808219,1.1696673733405467,-0.0035023564131848595,0,0,0,
2024-05-24,HYG,77.08999633789062,76.85384401937574,0.30727456970837513,1.1791436930553516,0.0035146660262821428,0,0,0,
2024-05-28,HYG,76.77999877929688,76.78999197756048,-0.01301367275376327,0.5206266582154329,-0.004021242357244548,0,0,0,
2024-05-29,HYG,76.55000305175781,76.47166427089451,0.1024415796494196,0.7395383102163436,-0.002995516165612111,0,0,0,
2024-05-30,HYG,76.86000061035156,76.82411954710975,0.04670546626937146,0.6163140932306564,0.00404960870326998,0,0,0,
2024-05-31,HYG,77.12999725341797,76.89371199781444,0.30728813769616103,1.1115091965166495,0.003512836858214241,0,0,0,
2024-06-03,HYG,77.01000213623047,76.86938134149935,0.18293472937735678,0.838789110220295,-0.0015557516071632582,0,0,0,
2024-06-04,HYG,76.97000122070312,76.82593576786525,0.18752189790851637,0.8213894558793677,-0.0005194249372514337,0,0,0,
2024-06-05,HYG,77.22000122070312,77.08237794576972,0.17854051548620709,0.7831038866891411,0.003248018657076024,0,0,0,
2024-06-06,HYG,77.08999633789062,77.1160200867107,-0.033746229111432983,0.3568346615500734,-0.001683564889372824,0,0,0,
2024-06-07,HYG,76.88999938964844,76.66369436340992,0.29519191335309775,0.9815947821349567,-0.0025943307529240345,0,0,0,
2024-06-10,HYG,76.95999908447266,77.1889796958193,-0.2966493562280428,-0.16898903195868034,0.0009103875065661349,0,0,0,
2024-06-11,HYG,77.05999755859375,77.34093785242372,-0.3632491428614956,-0.3081711551408443,0.0012993564879246744,0,0,0,
2024-06-12,HYG,77.37000274658203,77.59450103631319,-0.2893224219923735,-0.15666607719104358,0.004022906797428449,0,0,0,
2024-06-13,HYG,77.36000061035156,77.72446508124794,-0.46891859662899305,-0.4934070680544958,-0.00012927666893369771,0,0,0,
2024-06-14,HYG,77.05999755859375,77.32385601039162,-0.34123809314736275,-0.22579872787899752,-0.0038780125309056945,0,0,0,
2024-06-17,HYG,77.11000061035156,77.36281454984949,-0.32678999719564644,-0.18300200924458668,0.0006488846787178204,0,0,0,
2024-06-18,HYG,77.3499984741211,77.59555296684793,-0.31645433705685466,-0.14995632401791706,0.0031124090503160673,0,0,0,
2024-06-20,HYG,77.30000305175781,77.13894495313723,0.2087896051967403,0.8743282463620441,-0.0006463532430450725,0,0,0,
2024-06-21,HYG,77.38999938964844,77.27693156778147,0.14631510280372406,0.7259169320820528,0.0011642475334749935,0,0,0,
2024-06-24,HYG,77.30999755859375,76.84696928976868,0.6025328950568221,1.5695109454725222,-0.001033748955751923,1,0,0,
2024-06-25,HYG,77.41000366210938,76.81162022406339,0.7790272309065616,1.834742620768708,0.0012935727159975041,1,0,0,
2024-06-26,HYG,77.23999786376953,76.71542259983555,0.6837937485794509,1.5993749140843012,-0.0021961734956363888,1,0,0,
2024-06-27,HYG,77.33000183105469,77.16767562103647,0.21035518915379947,0.7331914555228272,0.0011652507738788564,0,0,0,
2024-06-28,HYG,77.13999938964844,77.3263913357338,-0.24104570621444524,-0.0925248394633271,-0.0024570339700928923,0,0,0,
2024-07-01,HYG,76.72000122070312,77.01597830674054,-0.3843060784848933,-0.34510652442834444,-0.005444622404309651,0,0,0,
2024-07-02,HYG,76.93000030517578,77.35573663980273,-0.5503616837227405,-0.6535965112193098,0.0027372143004604776,0,0,0,
2024-07-03,HYG,77.19999694824219,77.53425113854398,-0.4311052024021247,-0.4374630174431249,0.003509640478296383,0,0,0,
2024-07-05,HYG,77.43000030517578,77.52083940914602,-0.11718023780779918,0.1302763333825453,0.0029793182127688667,0,0,0,
2024-07-08,HYG,77.41000366210938,77.46363655301234,-0.06923621622934899,0.20618859835792264,-0.000258254461934615,0,0,0,
2024-07-09,HYG,77.31999969482422,77.14232901877678,0.23031541607227765,0.7627657030335548,-0.0011626916810134613,0,0,0,
2024-07-10,HYG,77.5,77.27300948752962,0.29375135506662464,0.8571493687550928,0.002327991540173713,0,0,0,
2024-07-11,HYG,77.77999877929688,77.63206161477073,0.19056194238437374,0.6329541533225423,0.0036128874747984874,0,0,0,
2024-07-12,HYG,77.9800033569336,77.641548198791,0.4359201561463249,1.104012692944516,0.0025714139981440898,0,0,0,
2024-07-15,HYG,77.98999786376953,77.84327714294223,0.18848219937848087,0.5843410254700102,0.00012816756098588122,0,0,0,
2024-07-16,HYG,78.29000091552734,78.20552581953878,0.10801678666990137,0.3793958461769851,0.0038466862415080794,0,0,0,
2024-07-17,HYG,78.19999694824219,78.39326692618988,-0.24653900204167295,-0.4977527300737218,-0.0011496227644992585,0,0,0,
2024-07-18,HYG,78.04000091552734,78.34226444791953,-0.38582434975839647,-0.8676183802244617,-0.0020459851529245343,0,0,0,
2024-07-19,HYG,77.9800033569336,78.55306990479468,-0.7295278829403334,-1.780813431452714,-0.0007688052010492719,-1,0,0,
2024-07-22,HYG,78.2699966430664,78.49946474825173,-0.29231805072967637,-0.7119082820444673,0.003718816025249927,0,0,0,
2024-07-23,HYG,78.27999877929688,78.66012768147232,-0.4832548756019611,-1.1979718434641469,0.0001277901706842055,0,0,0,
2024-07-24,HYG,78.02999877929688,78.60229350390156,-0.7280890914159924,-1.788882010853625,-0.003193663820880377,-1,0,0,
2024-07-25,HYG,78.04000091552734,78.16952121042794,-0.1656915545791048,-0.33943073308848326,0.00012818321654428644,0,0,0,
2024-07-26,HYG,78.29000091552734,78.6845740396338,-0.5014618544007233,-1.190754438156589,0.00320348535452486,0,0,0,
2024-07-29,HYG,78.22000122070312,78.70916931730538,-0.6214880691095102,-1.4994850001937583,-0.0008941077277511145,0,0,0,
2024-07-30,HYG,78.26000213623047,78.8911840462463,-0.8000664683215108,-1.9460202351827098,0.0005113898606889933,-1,0,0,
2024-07-31,HYG,78.54000091552734,78.91870312349516,-0.4798636989449903,-1.1004168574700393,0.003577801835597638,0,0,0,
2024-08-01,HYG,77.95999908447266,78.53528959216257,-0.7325248441527681,-1.6657673926265202,-0.007384795318228998,-1,0,0,
2024-08-02,HYG,77.69999694824219,78.10473948973026,-0.5182048415145083,-1.1349660703667097,-0.0033350710528965433,0,0,0,
2024-08-05,HYG,77.22000122070312,77.19830038895655,0.02811050455415932,0.196991874439379,-0.0061775514336094295,0,0,0,
2024-08-06,HYG,77.51000213623047,77.60506953752936,-0.12250153484227883,-0.20103764814105124,0.0037555155522270844,0,0,0,
2024-08-07,HYG,77.66000366210938,77.81564468041036,-0.20001250255035774,-0.4124632646061716,0.0019352537962167293,0,0,0,
2024-08-08,HYG,77.9800033569336,77.88867117613218,0.11725990368340423,0.386985839216432,0.004120521243039077,0,0,0,
2024-08-09,HYG,77.97000122070312,77.87655682819793,0.11999040059171705,0.40763292140584984,-0.0001282653988188276,0,0,0,
2024-08-12,HYG,78.0199966430664,78.12454179954652,-0.13381858513597186,-0.22344374477954126,0.000641213563941978,0,0,0,
2024-08-13,HYG,78.37999725341797,78.52362675706343,-0.18291246797580804,-0.32410519981622365,0.004614209508346123,0,0,0,
2024-08-14,HYG,78.5199966430664,78.59692469770302,-0.09787667257019111,-0.08109066867538794,0.0017861622168191538,0,0,0,
2024-08-15,HYG,78.58999633789062,78.65874586241193,-0.08740226375025562,-0.056433277196501354,0.0008914887648610037,0,0,0,
2024-08-16,HYG,78.83999633789062,78.92581245296698,-0.10873010034264019,-0.11621247436275482,0.0031810664416518364,0,0,0,
2024-08-19,HYG,78.97000122070312,79.34896018855643,-0.4775852978448487,-1.0783275028200783,0.0016489711929377204,0,0,0,
2024-08-20,HYG,78.9000015258789,78.98082778682671,-0.1023365583935842,-0.052812008744097146,-0.0008864086835782548,0,0,0,
2024-08-21,HYG,79.08000183105469,79.24151378577744,-0.2038223994046714,-0.30742380324013563,0.0022813726450530147,0,0,0,
2024-08-22,HYG,78.9800033569336,79.19995635677552,-0.27771858718089487,-0.48576648268550865,-0.0012645229110480605,0,0,0,
2024-08-23,HYG,79.4000015258789,79.39004716342758,0.012538552132149609,0.351407202073061,0.005317778565382181,0,0,0,
2024-08-26,HYG,79.23999786376953,79.10085448533889,0.17590628993323398,0.82921410208817,-0.0020151594336836887,0,0,0,
2024-08-27,HYG,79.29000091552734,78.76380614109526,0.6680667177122884,2.130513338509791,0.000631032977105539,1,1,0,
2024-08-28,HYG,79.25,78.46537565337863,0.9999625186113357,2.814825361739474,-0.0005044887762072348,1,1,1,
2024-08-29,HYG,79.33000183105469,78.63981183174135,0.8776597797437145,2.3520697171188925,0.0010094868271883772,1,1,0,
2024-08-30,HYG,79.33999633789062,78.9681050112442,0.4709386487031271,1.3308562063646707,0.00012598646924555368,0,0,0,
2024-09-03,HYG,78.68000030517578,78.46851753026768,0.26951289710109605,0.8313970447225476,-0.008318579067032927,0,0,0,
2024-09-04,HYG,78.97000122070312,79.08762610606306,-0.14872729294236967,-0.17930563384287043,0.003685827585186985,0,0,0,
2024-09-05,HYG,79.23999786376953,79.09692114473891,0.18088784867972538,0.6293967496729375,0.003418977319144645,0,0,0,
2024-09-06,HYG,79.13999938964844,78.87624335710609,0.3343922343616334,0.9839018509229409,-0.0012619696720967966,0,0,0,
2024-09-09,HYG,79.33000183105469,79.52345426316354,-0.24326462413047623,-0.40361552616807367,0.002400839561177648,0,0,0,
2024-09-10,HYG,79.18000030517578,78.96831298454074,0.26806615544196477,0.8230162960509544,-0.001890854940333364,0,0,0,
2024-09-11,HYG,79.30000305175781,79.02557537468765,0.34726438342145294,0.9849459593898049,0.0015155689077988033,0,0,0,
2024-09-12,HYG,79.41000366210938,78.98851835179975,0.5336032617201469,1.387233399057447,0.0013871450960698528,0,0,0,
2024-09-13,HYG,79.62999725341797,79.32667087589942,0.38237628551571995,0.9926663330193802,0.0027703511039323114,0,0,0,
2024-09-16,HYG,79.83000183105469,79.60873092836127,0.2779480342332522,0.718839004183415,0.0025116737980062087,0,0,0,
2024-09-17,HYG,79.8499984741211,79.55826999281776,0.3666853003838242,0.9032241663093695,0.00025049032453638986,0,0,0,
2024-09-18,HYG,79.91999816894531,79.67042886377844,0.3132521171607966,0.7512260411031076,0.0008766399018391713,0,0,0,
2024-09-19,HYG,80.16000366210938,79.72824730967663,0.5415349854057813,1.270379159104943,0.003003071805090629,0,0,0,
2024-09-20,HYG,80.26000213623047,79.72829637344138,0.666897183276835,1.5192852179655176,0.001247485897613032,1,0,0,
2024-09-23,HYG,80.11000061035156,79.8400195927639,0.33815249415612225,0.7735940702866216,-0.0018689449524845747,0,0,0,
2024-09-24,HYG,80.12000274658203,80.04482626173368,0.09391798116038264,0.23188404761367515,0.0001248550262671344,0,0,0,
2024-09-25,HYG,80.02999877929688,80.13172703962358,-0.12695128894003052,-0.27600612656134615,-0.0011233645057381336,0,0,0,
2024-09-26,HYG,80.16000366210938,80.2193508600241,-0.07398114953370041,-0.13451831113077417,0.0016244518904844352,0,0,0,
2024-09-27,HYG,80.36000061035156,80.28520953325094,0.09315673152681006,0.26617432855583173,0.002494971795226064,0,0,0,
2024-09-30,HYG,80.30000305175781,80.1740895196325,0.1570501553303912,0.4054413416673703,-0.0007466097329275057,0,0,0,
2024-10-01,HYG,79.87000274658203,79.60044102835094,0.3386434983885073,0.8306734457054213,-0.005354922650483873,0,0,0,
2024-10-02,HYG,79.87999725341797,79.71230809129507,0.2103679671787222,0.48633978608446543,0.00012513467499997155,0,0,0,
2024-10-03,HYG,79.69000244140625,79.78722011310687,-0.1218461698036388,-0.35600509361088295,-0.0023785029862852802,0,0,0,
2024-10-04,HYG,79.5999984741211,79.56462614047697,0.044457361719599894,0.061189564174210044,-0.0011294260826674174,0,0,0,
2024-10-07,HYG,79.26000213623047,79.18350456820521,0.09660795950167722,0.19927748055042738,-0.0042713108593985805,0,0,0,
2024-10-08,HYG,79.44999694824219,79.33657769930961,0.1429595934455838,0.32421816451848184,0.0023971083382656744,0,0,0,
2024-10-09,HYG,79.4000015258789,79.21913476472768,0.2283119623666389,0.5399376813295339,-0.000629269028113999,0,0,0,
2024-10-10,HYG,79.36000061035156,79.39765948212647,-0.047430707681485516,-0.1444923976506506,-0.0005037898584209222,0,0,0,
2024-10-11,HYG,79.56999969482422,79.81928623982269,-0.312313673476696,-0.8024600110311311,0.0026461577981045092,0,0,0,
2024-10-14,HYG,79.61000061035156,79.64535487090748,-0.044389607671688446,-0.10967123452532246,0.0005027135312398734,0,0,0,
2024-10-15,HYG,79.58999633789062,79.80157461754709,-0.26513045722526607,-0.6745942866468168,-0.0002512783859762724,0,0,0,
2024-10-16,HYG,79.7300033569336,79.89982443790838,-0.21254249576825537,-0.5498894843958751,0.0017591032225781067,0,0,0,
2024-10-17,HYG,79.61000061035156,79.80555346778397,-0.24503665338445973,-0.6707980296874866,-0.0015051140289660259,0,0,0,
2024-10-18,HYG,79.80000305175781,80.03090166863163,-0.2885118273811943,-0.7860717342140566,0.0023866654936508525,0,0,0,
2024-10-21,HYG,79.4800033569336,79.56621171897673,-0.10834795345996955,-0.32944950911430654,-0.004010021085045223,0,0,0,
2024-10-22,HYG,79.37000274658203,79.66905095259168,-0.3753630831972598,-1.0858783714781346,-0.001384003594684935,0,0,0,
2024-10-23,HYG,79.12999725341797,79.47325305373332,-0.43191361511685683,-1.217122002328219,-0.003023881628558933,0,0,0,
2024-10-24,HYG,79.36000061035156,79.32333688396409,0.0462206052187468,0.05972327418050974,0.0029066519008840164,0,0,0,
2024-10-25,HYG,79.27999877929688,78.96301115018694,0.40143812209367713,1.0147058024183415,-0.0010080875811416812,0,0,0,
2024-10-28,HYG,79.4800033569336,79.50594304162507,-0.03262609523152129,-0.25276415281468584,0.002522762118015498,0,0,0,
2024-10-29,HYG,79.5,79.54432892921422,-0.0557285853195955,-0.34759113641553535,0.0002515933847737628,0,0,0,
2024-10-30,HYG,79.36000061035156,79.33051440077466,0.03716881177391436,-0.10999571234718901,-0.0017609986119300203,0,0,0,
2024-10-31,HYG,79.13999938964844,79.34238854781951,-0.25508326869828635,-1.0679044914599736,-0.0027721927798779467,0,0,0,
2024-11-01,HYG,78.75,78.70474676021512,0.05749747206830409,-0.061647974922032264,-0.00492796806490059,0,0,0,
2024-11-04,HYG,78.97000122070312,79.25448819811763,-0.3589537752150411,-1.3753215894739197,0.002793666294642838,0,0,0,
2024-11-05,HYG,79.19000244140625,79.34866110373592,-0.19995127847494462,-0.8689089657206117,0.0027858834659033604,0,0,0,
2024-11-06,HYG,79.33000183105469,79.53580343833754,-0.25875341467117324,-1.0283246852243502,0.0017678922254362739,0,0,0,
2024-11-07,HYG,79.66999816894531,79.83077990064034,-0.2014031829516612,-0.8266395538345765,0.0042858481034036,0,0,0,
2024-11-08,HYG,79.80000305175781,80.34167354210174,-0.6742086223285837,-2.1990766586609225,0.001631792215393446,-1,-1,0,
2024-11-11,HYG,79.70999908447266,80.3163478496431,-0.7549506189020923,-2.316719139257429,-0.0011278692210924257,-1,-1,0,
2024-11-12,HYG,79.38999938964844,79.72872625126708,-0.42484920748781657,-1.3269400579629995,-0.004014548971266407,0,0,0,
2024-11-13,HYG,79.41000366210938,79.71397272818972,-0.3813246983898561,-1.1767566953297457,0.0002519747148850282,0,0,0,
2024-11-14,HYG,79.23999786376953,79.67226602992396,-0.5425578908375401,-1.5824448816206376,-0.0021408612328394083,-1,0,0,
2024-11-15,HYG,79.2300033569336,79.78335242521517,-0.69356457388809,-1.9602726088160483,-0.0001261295697296827,-1,0,0,
2024-11-18,HYG,79.37999725341797,80.07998134090256,-0.87410620702413,-2.313700714715163,0.001893145148671005,-1,-1,0,
2024-11-19,HYG,79.5,80.08819188935207,-0.7344302268238326,-1.8753966088473895,0.0015117504501660495,-1,0,0,
2024-11-20,HYG,79.4800033569336,79.83032344385185,-0.4388308499897969,-1.110740269908345,-0.00025153010146428123,0,0,0,
2024-11-21,HYG,79.51000213623047,79.92532317802771,-0.5196363621478828,-1.2762097919553823,0.0003774380728465143,0,0,0,
2024-11-22,HYG,79.48999786376953,79.63436276976215,-0.18128468788028515,-0.4186955474922714,-0.00025159441483424416,0,0,0,
2024-11-25,HYG,79.79000091552734,79.99489282912573,-0.2561312433233086,-0.5810971827095438,0.0037740981232878834,0,0,0,
2024-11-26,HYG,79.63999938964844,79.9600991058571,-0.40032431148551695,-0.9397643009289682,-0.0018799539310409008,0,0,0,
2024-11-27,HYG,79.87999725341797,80.08097629272172,-0.2509697666136128,-0.516602373849482,0.0030135342241190965,0,0,0,
2024-11-29,HYG,80.04000091552734,79.90368206726812,0.1706039630870328,0.6990756995921393,0.002003050420767538,0,0,0,
2024-12-02,HYG,79.6500015258789,79.52458516128033,0.15770766278657974,0.6700218325652377,-0.004872556036825126,0,0,0,
2024-12-03,HYG,79.6500015258789,79.52214483216481,0.16078124399680266,0.6625715607268357,0.0,0,0,0,
2024-12-04,HYG,79.83999633789062,79.5306982049883,0.388904083433443,1.2959199373291377,0.0023853711032257863,0,0,0,
2024-12-05,HYG,79.7699966430664,79.71357660849293,0.0707784507657713,0.4064038130416397,-0.0008767497248869383,0,0,0,
2024-12-06,HYG,79.9000015258789,79.91555481801016,-0.019462158733274885,0.13724137516801244,0.0016297466250903003,0,0,0,
2024-12-09,HYG,79.80000305175781,79.8905374508383,-0.11332305673396412,-0.11633021295848057,-0.0012515453343102667,0,0,0,
2024-12-10,HYG,79.83999633789062,79.87359865723307,-0.04206936948796985,0.10953655599267026,0.0005011689799920838,0,0,0,
2024-12-11,HYG,79.86000061035156,79.56299002833158,0.3733024386265732,1.3524788342635075,0.00025055452628386377,0,0,0,
2024-12-12,HYG,79.63999938964844,79.40889598107715,0.29102962044247194,1.1184731973485151,-0.0027548362011232674,0,0,0,
2024-12-13,HYG,79.41000366210938,79.08847191482593,0.4065469208075189,1.4461389856344586,-0.0028879423568775042,0,0,0,
2024-12-16,HYG,79.55999755859375,79.26139647680546,0.37672952415829825,1.3564105186172535,0.0018888539172294827,0,0,0,
2024-12-17,HYG,79.38999938964844,78.96589656103504,0.5370708712027328,1.7924258373268214,-0.002136729187555808,1,0,0,
2024-12-18,HYG,78.16999816894531,78.32867271838103,-0.2025753072648205,-0.3387672849323939,-0.015367190201316494,0,0,0,
2024-12-19,HYG,78.08999633789062,78.02876841337122,0.07846839795680807,0.5531507058316935,-0.0010234339635237788,0,0,0,
2024-12-20,HYG,78.58000183105469,78.5094624227408,0.0898482885210268,0.608482069206454,0.006274881753660644,0,0,0,
2024-12-23,HYG,78.37000274658203,78.34843164896664,0.02753226473254796,0.41563207363241694,-0.0026724240211161154,0,0,0,
2024-12-24,HYG,78.62000274658203,78.54614570454993,0.09403012887470584,0.6131505390151054,0.0031899960602068678,0,0,0,
2024-12-26,HYG,78.81999969482422,79.00300796294214,-0.231647215513313,-0.4061870710649706,0.0025438430584496796,0,0,0,
2024-12-27,HYG,78.55000305175781,78.85832033536595,-0.3909762245720325,-0.8812347165371668,-0.0034254839395049252,0,0,0,
2024-12-30,HYG,78.66000366210938,78.88413672801573,-0.28412945264159417,-0.5254523328027559,0.0014003896381655778,0,0,0,
2024-12-31,HYG,78.6500015258789,78.60894071597329,0.05223427453879008,0.557414411084217,-0.00012715656960093913,0,0,0,
2025-01-02,HYG,78.83999633789062,78.72294082327336,0.14869301552141367,0.8718221031145679,0.0024157000422841968,0,0,0,
2025-01-03,HYG,78.95999908447266,78.93232652133668,0.03505859304489043,0.4981513335408814,0.0015221049233402617,0,0,0,
2025-01-06,HYG,79.0999984741211,79.0758616510499,0.03052362954665067,0.48451277683478666,0.0017730419360650895,0,0,0,
2025-01-07,HYG,78.83999633789062,78.80334345410576,0.04651183843007105,0.5391441782029783,-0.0032870055783317254,0,0,0,
2025-01-08,HYG,78.94000244140625,79.2625154798101,-0.4068922572688299,-0.8872616242645829,0.001268469154755092,0,0,0,
2025-01-10,HYG,78.52999877929688,79.1203810738424,-0.7461823193122914,-1.8891897152003414,-0.00519386432010438,-1,0,0,
2025-01-13,HYG,78.51000213623047,79.1264371248418,-0.7790506068644928,-1.898873009329081,-0.0002546369970360951,-1,0,0,
2025-01-14,HYG,78.61000061035156,79.11234245247202,-0.6349727824356205,-1.4217037274342887,0.00127370362247059,0,0,0,
2025-01-15,HYG,79.30000305175781,79.93380475764567,-0.7929082167544874,-1.8122260360264737,0.008777540211790669,-1,0,0,
2025-01-16,HYG,79.38999938964844,79.94956769087679,-0.6999015972067683,-1.492409641979329,0.0011348844190066654,0,0,0,
2025-01-17,HYG,79.45999908447266,79.91745813097143,-0.5724144100642816,-1.0982102281460533,0.0008817193017052194,0,0,0,
2025-01-21,HYG,79.66999816894531,80.0675203897526,-0.49648374131262085,-0.8653552297953376,0.002642827672945325,0,0,0,
2025-01-22,HYG,79.55999755859375,79.72243384132038,-0.20375228765587408,-0.04016914746273161,-0.0013807030611234783,0,0,0,
2025-01-23,HYG,79.66000366210938,79.94967118304167,-0.36231233555559633,-0.477379841464336,0.0012569897760739135,0,0,0,
2025-01-24,HYG,79.75,80.1750263378515,-0.5301231034966885,-0.9404453585832055,0.0011297556333584868,0,0,0,
2025-01-27,HYG,79.80999755859375,80.02379657061124,-0.2671692936098546,-0.20821600899594825,0.0007523204839341435,0,0,0,
2025-01-28,HYG,79.77999877929688,80.19551370230188,-0.5181273911997886,-0.8892776643105518,-0.0003758774616532401,0,0,0,
2025-01-29,HYG,79.7300033569336,79.9315347092187,-0.2521299672504081,-0.1135434396481818,-0.0006266661209357594,0,0,0,
2025-01-30,HYG,79.87999725341797,80.0035110980944,-0.1543855300612926,0.1744287807827663,0.0018812729232291492,0,0,0,
2025-01-31,HYG,79.72000122070312,79.7362159771362,-0.020335497783995446,0.5599117263230895,-0.0020029549100666344,0,0,0,
2025-02-03,HYG,79.26000213623047,79.22099449399838,0.049239021147415934,0.7600320825852326,-0.00577018411225505,0,0,0,
2025-02-04,HYG,79.51000213623047,79.8702117613594,-0.4509937023895531,-0.6730553023665125,0.00315417604418311,0,0,0,
2025-02-05,HYG,79.72000122070312,79.64973865220236,0.08821443697081517,0.8759394385416304,0.002641165624833519,0,0,0,
2025-02-06,HYG,79.5999984741211,79.29923933813815,0.3792711487439153,1.643397385522759,-0.0015053028693490234,1,0,0,
2025-02-07,HYG,79.3499984741211,78.92242876087464,0.5417594465344445,1.998602125915107,-0.003140703577793169,1,0,0,
2025-02-10,HYG,79.51000213623047,79.2844373934723,0.28450065381524386,1.2591232401319403,0.0020164293029136804,0,0,0,
2025-02-11,HYG,79.4800033569336,79.3108765317942,0.21324543686211944,1.0407950492551135,-0.0003772956670969885,0,0,0,
2025-02-12,HYG,79.30999755859375,79.26303196711868,0.05925283238541121,0.6069689060568305,-0.0021389757317493707,0,0,0,
2025-02-13,HYG,79.66999816894531,79.64578809702311,0.03039717793074726,0.5052112575530916,0.004539158005717914,0,0,0,
2025-02-14,HYG,79.76000213623047,79.70742118967597,0.06596744163805668,0.5824391609090512,0.001129709669307255,0,0,0,
2025-02-18,HYG,79.69000244140625,79.74563775547222,-0.06976596542692885,0.19647685311998572,-0.0008776290490145611,0,0,0,
2025-02-19,HYG,79.75,79.71388573120493,0.04530486560001838,0.4919448636033914,0.0007528868961681479,0,0,0,
2025-02-20,HYG,79.80000305175781,79.99162605126374,-0.2395538245254819,-0.3260307931815128,0.0006269975142045858,0,0,0,
2025-02-21,HYG,79.6500015258789,79.69583763066309,-0.05751380015177943,0.1590765569388263,-0.0018797182975245352,0,0,0,
2025-02-24,HYG,79.75,79.87904367895865,-0.16154885313511116,-0.17895629358790444,0.0012554735995655708,0,0,0,
2025-02-25,HYG,79.94999694824219,79.95400070901408,-0.005007580279147885,0.2764029790837674,0.0025077987240400557,0,0,0,
2025-02-26,HYG,80.05999755859375,80.30999483956245,-0.3112903711027825,-0.6753811116613436,0.0013758675991291103,0,0,0,
2025-02-27,HYG,79.91000366210938,79.91149721807002,-0.0018690126110066138,0.26993282365558935,-0.0018735186242617718,0,0,0,
2025-02-28,HYG,80.12999725341797,80.33249002537335,-0.2520683373457229,-0.5018140106122814,0.002753016909357253,0,0,0,
2025-03-03,HYG,79.58999633789062,79.81001184012732,-0.27567406289504,-0.5835038426531023,-0.006739060701818622,0,0,0,
2025-03-04,HYG,79.58000183105469,79.63839584577829,-0.07332394645000755,0.034847933607906445,-0.00012557491262477072,0,0,0,
2025-03-05,HYG,79.62000274658203,79.48573579103495,0.1689195604857445,0.7871944295063092,0.0005026503469083288,0,0,0,
2025-03-06,HYG,79.31999969482422,78.94316477734485,0.47734964583978207,1.6958743787233148,-0.003767935712243986,1,0,0,
2025-03-07,HYG,79.44999694824219,78.76073087477351,0.8751392550744342,2.7067204032266106,0.0016388962924624995,1,1,1,
2025-03-10,HYG,79.1500015258789,78.9208124012329,0.2904039095299938,1.03892482430991,-0.0037759022515597707,0,0,0,
2025-03-11,HYG,78.87000274658203,78.84479942126167,0.03196574219905443,0.2953265348244253,-0.0035375713695384725,0,0,0,
2025-03-12,HYG,78.95999908447266,78.96981421104825,-0.012428959943298973,0.16684133777634857,0.0011410718239708295,0,0,0,
2025-03-13,HYG,78.5199966430664,78.97964686291155,-0.581985660993116,-1.4312776546193398,-0.005572472726798394,0,0,0,
2025-03-14,HYG,78.87999725341797,78.93029365232488,-0.06372255388844263,0.04055467543780619,0.004584827123567559,0,0,0,
2025-03-17,HYG,79.06999969482422,78.96502088726461,0.13294343036960424,0.6160099666515346,0.0024087531442962273,0,0,0,
2025-03-18,HYG,78.93000030517578,78.6239386993622,0.3892727976702913,1.3394153103726705,-0.0017705753154012571,0,0,0,
2025-03-19,HYG,79.44999694824219,79.05644604863046,0.49781000700390404,1.634520238936064,0.006588073496210489,1,0,0,
2025-03-20,HYG,79.33999633789062,79.00660359025173,0.42198086297691745,1.4135821778726498,-0.001384526300526101,0,0,0,
2025-03-21,HYG,79.22000122070312,79.05832798036269,0.20449868403565555,0.8299662602850916,-0.0015124164699538145,0,0,0,
2025-03-24,HYG,79.44999694824219,79.25469440486017,0.24642394352609653,0.9246460208000216,0.0029032532693140656,0,0,0,
2025-03-25,HYG,79.41000366210938,79.2945172829508,0.14564232574425312,0.6317408096439382,-0.0005033768114410808,0,0,0,
2025-03-26,HYG,79.08999633789062,78.9771365554089,0.14290184147476684,0.620661518666487,-0.00402981122605639,0,0,0,
2025-03-27,HYG,78.94000244140625,78.21768376751203,0.9234723391211428,2.645816710123644,-0.0018964964398729967,1,1,1,
2025-03-28,HYG,78.80000305175781,78.31328912172837,0.6214959625471755,1.7665650413440275,-0.001773491073202793,1,0,0,
2025-03-31,HYG,78.88999938964844,78.7337302730164,0.19847797899344358,0.6377049402401516,0.0011420854619956788,0,0,0,
2025-04-01,HYG,78.69000244140625,78.6614552836307,0.036291164042943067,0.19627474351778454,-0.0025351368968121735,0,0,0,
2025-04-02,HYG,78.8499984741211,79.14166222883145,-0.3685337741163877,-0.8653545415760363,0.0020332447293285316,0,0,0,
2025-04-03,HYG,77.87000274658203,77.94452951133866,-0.09561513197123743,-0.14149758743169075,-0.012428608072335035,0,0,0,
2025-04-04,HYG,76.76000213623047,76.82568494043619,-0.08549589145433063,-0.10530593857839023,-0.014254534110701322,0,0,0,
2025-04-07,HYG,76.0999984741211,76.02883796799904,0.09359672990399659,0.3640440330765548,-0.008598275713151082,0,0,0,
2025-04-08,HYG,75.75,75.49686039939847,0.33529818228513436,0.9804343439562745,-0.004599191604979014,0,0,0,
2025-04-09,HYG,77.77999877929688,77.89329593490956,-0.14545174171004382,-0.26821737814506924,0.026798663753094143,0,0,0,
2025-04-10,HYG,76.51000213623047,76.84309225776803,-0.43346787817989485,-1.0187243451905008,-0.016328062008204247,0,0,0,
2025-04-11,HYG,76.73999786376953,77.05344743270474,-0.40679499669234903,-0.9830102132267051,0.0030060870620489677,0,0,0,
2025-04-14,HYG,77.12000274658203,77.18741309200584,-0.08733333936642951,-0.16644656213186304,0.004951849014735332,0,0,0,
2025-04-15,HYG,77.33000183105469,77.13335860226393,0.254939279650388,0.7510781811871567,0.0027230170772001294,0,0,0,
2025-04-16,HYG,77.31999969482422,77.11873537685646,0.26097979561547024,0.7477379457966037,-0.0001293435405875787,0,0,0,
2025-04-17,HYG,77.7699966430664,77.91437640301854,-0.18530567350666347,-0.5935611731286295,0.005819929513945832,0,0,0,
2025-04-21,HYG,77.30999755859375,77.51472057898627,-0.26410857042813113,-0.862102355829192,-0.005914865685077375,0,0,0,
2025-04-22,HYG,77.61000061035156,77.8388431487309,-0.29399529736339697,-0.9760886126711642,0.0038805207765066907,0,0,0,
2025-04-23,HYG,78.0,78.15801398045986,-0.20217246116228174,-0.6909905243162542,0.005025117724279715,0,0,0,
2025-04-24,HYG,78.69999694824219,78.67912360145868,0.02652971439950836,0.00025834384433533983,0.008974319849258894,0,0,0,
2025-04-25,HYG,78.7699966430664,78.95261119982284,-0.23129641183652666,-0.8415395198133334,0.0008894497781271049,0,0,0,
2025-04-28,HYG,78.80999755859375,78.55575020071477,0.32365212887581546,0.9082505368917774,0.0005078191853757907,0,0,0,
2025-04-29,HYG,79.0199966430664,78.67858810931534,0.433928139733156,1.231264151647267,0.0026646249331061522,0,0,0,
2025-04-30,HYG,78.5999984741211,78.66311298832356,-0.08023393914227155,-0.4542986854529,-0.005315087152463982,0,0,0,
2025-05-01,HYG,78.30000305175781,78.37092273298934,-0.09049233919722242,-0.4922247603478036,-0.003816735727572018,0,0,0,
2025-05-02,HYG,78.54000091552734,78.86741538341384,-0.4151454264029999,-1.509461376367705,0.0030651066975169172,-1,0,0,
2025-05-05,HYG,78.51000213623047,78.59934057288079,-0.11366308673732975,-0.5281590238235642,-0.0003819554233153166,0,0,0,
2025-05-06,HYG,78.44999694824219,78.66787256285106,-0.27695628153005114,-1.0752384379252393,-0.000764299915368194,0,0,0,
2025-05-07,HYG,78.5199966430664,78.98712800438399,-0.5914018816985687,-1.9955096503660845,0.0008922842262237829,-1,0,0,
2025-05-08,HYG,78.5,79.08237891219332,-0.7364205783945205,-2.310400349709584,-0.00025466943353691374,-1,-1,0,
2025-05-09,HYG,78.55000305175781,79.11061036129959,-0.708637320558489,-2.127323250972639,0.0006369815510549603,-1,-1,0,
2025-05-12,HYG,79.33000183105469,79.85817989684799,-0.661395071206908,-1.894566955997752,0.009929964977632322,-1,0,0,
2025-05-13,HYG,79.47000122070312,79.90463936477146,-0.5439460681177349,-1.4951081028042947,0.001764772298210593,0,0,0,
2025-05-14,HYG,79.18000030517578,79.99808044269984,-1.0226247092391534,-2.6511527019185555,-0.0036491872539671233,-1,-1,-1,
2025-05-15,HYG,79.33000183105469,80.15806437442573,-1.0330370996773202,-2.496323713062866,0.0018944370459810234,-1,-1,0,
2025-05-16,HYG,79.41999816894531,80.0140116838166,-0.7423868674634095,-1.6818346397750392,0.0011344552604737324,-1,0,0,
2025-05-19,HYG,79.37999725341797,80.60063168029299,-1.5144229039255412,-3.2338372603597563,-0.000503663012460076,-1,-1,-1,
2025-05-20,HYG,79.33999633789062,80.85790812203433,-1.877258290992152,-3.5550189486307877,-0.0005039168167220165,-1,-1,-1,
2025-05-21,HYG,78.80999755859375,80.48094330901729,-2.076200503773574,-3.48982846543477,-0.006680095837662159,-1,-1,-1,
2025-05-22,HYG,78.97000122070312,80.22440072724726,-1.5636134332856293,-2.3962623206542633,0.002030245743763759,-1,-1,0,
2025-05-23,HYG,78.94999694824219,79.86903374013585,-1.15067974264452,-1.6203369727774306,-0.00025331483033708135,-1,0,0,
2025-05-27,HYG,79.43000030517578,79.34916544898567,0.10187234576786815,0.4913476864126642,0.006079840094842304,0,0,0,
2025-05-28,HYG,79.37999725341797,79.11618274927638,0.3334520131963841,0.8597301836061676,-0.0006295234995051802,0,0,0,
2025-05-29,HYG,79.5,78.99554657899016,0.6385846327494208,1.3354203552063124,0.0015117504501660495,0,0,0,
2025-05-30,HYG,79.56999969482422,79.05943505079227,0.6457984979325099,1.3053690421610442,0.0008804993059650101,0,0,0,
2025-06-02,HYG,79.18000030517578,79.02213036143613,0.19977940738572877,0.5645220502270896,-0.004901337076086532,0,0,0,
2025-06-03,HYG,79.33000183105469,79.2075901847626,0.1545453485032826,0.484177245765929,0.0018944370459810234,0,0,0,
2025-06-04,HYG,79.4800033569336,79.17658065060556,0.38322279622934796,0.846768394883973,0.001890854940333364,0,0,0,
2025-06-05,HYG,79.30999755859375,79.49063410849136,-0.22724255747044983,-0.12368026971098657,-0.0021389757317493707,0,0,0,
2025-06-06,HYG,79.30000305175781,79.35327735897575,-0.06713561051414721,0.16563958982384072,-0.00012601824667257677,0,0,0,
2025-06-09,HYG,79.33999633789062,79.02192390842309,0.40251162428814313,0.9442189129059108,0.0005043289356081448,0,0,0,
2025-06-10,HYG,79.52999877929688,78.75713462487593,0.9813258926980184,1.8319552054102202,0.0023947876251100286,1,0,0,
2025-06-11,HYG,79.51000213623047,78.9584284107887,0.6985621884115468,1.3361573137611458,-0.00025143522410830954,0,0,0,
2025-06-12,HYG,79.5999984741211,79.39214726066648,0.26180323952214574,0.6179826522741538,0.0011318870012910764,0,0,0,
2025-06-13,HYG,79.36000061035156,79.06006674433077,0.37937466836543193,0.7906418436732904,-0.0030150485976147,0,0,0,
2025-06-16,HYG,79.5199966430664,79.3413848691274,0.22511804430138016,0.5424027564915614,0.0020160790257601757,0,0,0,
2025-06-17,HYG,79.43000030517578,79.58247609133103,-0.19159467466212632,-0.10544751129133752,-0.0011317447395601254,0,0,0,
2025-06-18,HYG,79.55000305175781,79.81645360183863,-0.3338291017162921,-0.3137976023328136,0.001510798767732302,0,0,0,
2025-06-20,HYG,79.80000305175781,80.26011761896756,-0.5732792087274565,-0.6755697391105409,0.0031426774407203872,0,0,0,
2025-06-23,HYG,79.94999694824219,80.1287675379867,-0.2231041300613622,-0.09991075689157197,0.0018796226910804403,0,0,0,
2025-06-24,HYG,80.16999816894531,80.3490528634423,-0.22284605495138413,-0.08775117269582194,0.0027517351982584426,0,0,0,
2025-06-25,HYG,80.1500015258789,80.93208435727517,-0.9663446056124751,-1.2524103090713246,-0.00024942800951877064,0,0,0,
2025-06-26,HYG,80.37999725341797,80.64209258180384,-0.32501057449618775,-0.21099920817156545,0.0028695661030624375,0,0,0,
2025-06-27,HYG,80.33999633789062,81.13551855490499,-0.9804857739043474,-1.234856062878195,-0.0004976476349113357,0,0,0,
2025-06-30,HYG,80.6500015258789,81.65418047165832,-1.2297948984105718,-1.5856668936285772,0.003858665697275887,-1,0,0,
2025-07-01,HYG,80.16999816894531,81.19930765259808,-1.2676333252206406,-1.5829390687784897,-0.005951684412300651,-1,0,0,
2025-07-02,HYG,80.31999969482422,81.03165917518135,-0.8782486840342237,-0.932908234706511,0.0018710431496182789,0,0,0,
2025-07-03,HYG,80.37000274658203,80.91237908576508,-0.6703255364771135,-0.5931922427179637,0.000622547957517483,0,0,0,
2025-07-07,HYG,80.0999984741211,80.52153731254394,-0.5235106686881135,-0.34967407310837073,-0.0033595155310905955,0,0,0,
2025-07-08,HYG,79.98999786376953,80.26732201569233,-0.34550069064043387,-0.06110686587955717,-0.0013732910417857402,0,0,0,
2025-07-09,HYG,80.20999908447266,80.31345019453468,-0.1288091967303689,0.28895840207914575,0.0027503591271225147,0,0,0,
2025-07-10,HYG,80.12999725341797,80.48555734490824,-0.4417688132127586,-0.1907360373137316,-0.0009974047122284224,0,0,0,
2025-07-11,HYG,80.02999877929688,80.15678229256477,-0.1581694145420501,0.26444393510852565,-0.0012479530456595,0,0,0,
2025-07-14,HYG,80.08999633789062,79.74921536716393,0.42731576625268153,1.1686083484264258,0.0007496883607258642,0,0,0,
2025-07-15,HYG,79.8499984741211,79.76116863346441,0.11136978329003173,0.6522231583944487,-0.002996602256753911,0,0,0,
2025-07-16,HYG,80.05999755859375,79.66336446598746,0.4978864441202927,1.2341149512322307,0.002629919705517736,0,0,0,
2025-07-17,HYG,80.13999938964844,79.87130492974465,0.3364092525345991,0.9779198271548841,0.0009992734635813072,0,0,0,
2025-07-18,HYG,80.25,80.28611548184344,-0.04498347145915417,0.3925198241140593,0.001372605580101549,0,0,0,
2025-07-21,HYG,80.36000061035156,80.53408980010391,-0.21616832099855243,0.1250054857095585,0.0013707241165303863,0,0,0,
2025-07-22,HYG,80.5,80.33775022886697,0.2019595652987733,0.7651324618588929,0.0017421526702976475,0,0,0,
2025-07-23,HYG,80.54000091552734,80.41345986356885,0.15736302376889355,0.6817756260021326,0.0004969057829484758,0,0,0,
2025-07-24,HYG,80.44000244140625,80.78585384888397,-0.42810887178919377,-0.22242104167466342,-0.0012416001115517217,0,0,0,
2025-07-25,HYG,80.48999786376953,80.86875033568302,-0.4683545502326916,-0.2730998019119477,0.0006215243765028688,0,0,0,
2025-07-28,HYG,80.44999694824219,80.82828719196438,-0.46801714704626174,-0.26659435315512103,-0.0004969675312334054,0,0,0,
2025-07-29,HYG,80.5,80.89049073512781,-0.48273997546442954,-0.27149812840495674,0.0006215419969497482,0,0,0,
2025-07-30,HYG,80.33000183105469,81.04691416656237,-0.8845646288695638,-0.8722387984650548,-0.002111778496215022,0,0,0,
2025-07-31,HYG,80.37999725341797,80.85674742123676,-0.5896232324744437,-0.3953791166618734,0.000622375466496683,0,0,0,
2025-08-01,HYG,79.9800033569336,80.64429328561329,-0.8237283775641948,-0.7430035689341076,-0.004976286515951167,0,0,0,
2025-08-04,HYG,80.25,80.37604480556963,-0.15681887044148277,0.29638506843957024,0.003375801847137483,0,0,0,
2025-08-05,HYG,80.20999908447266,80.13683541564606,0.09129842530855727,0.678363151337781,-0.0004984537760416297,0,0,0,
2025-08-06,HYG,80.29000091552734,80.4024977363556,-0.13991707222471972,0.31329644017579855,0.0009974047122283114,0,0,0,
2025-08-07,HYG,80.20999908447266,80.16593946185775,0.05496052676570064,0.6006630120127966,-0.0009964108873140587,0,0,0,
2025-08-08,HYG,80.22000122070312,80.54035741071047,-0.39775858998701624,-0.11407104027986675,0.00012469936846559726,0,0,0,
2025-08-11,HYG,80.22000122070312,80.67619433097899,-0.5654618615304313,-0.3806602490901566,0.0,0,0,0,
2025-08-12,HYG,80.4000015258789,81.05282822558038,-0.8054335844821825,-0.7514068272472308,0.0022438332390517512,0,0,0,
2025-08-13,HYG,80.61000061035156,81.71472405758082,-1.3519270363696152,-1.5555580213289164,0.0026119288617807435,-1,0,0,
2025-08-14,HYG,80.4000015258789,81.06569263639696,-0.8211748877590807,-0.7498071512839721,-0.002605124462009889,0,0,0,
2025-08-15,HYG,80.45999908447266,80.86771979062665,-0.5041822710095183,-0.2768414889472933,0.0007462382768044229,0,0,0,
2025-08-18,HYG,80.4000015258789,80.77306679974694,-0.46186840323017797,-0.21865324019880478,-0.0007456818204877314,0,0,0,
2025-08-19,HYG,80.37999725341797,80.6464327307423,-0.33037478323919867,-0.044199589709145504,-0.00024880935424487216,0,0,0,
2025-08-20,HYG,80.3499984741211,80.55602684890569,-0.2557578654804189,0.03621718855304254,-0.00037321199703821417,0,0,0,
2025-08-21,HYG,80.19999694824219,80.21692096514577,-0.021097814151880546,0.41117060001084965,-0.0018668516331984408,0,0,0,
2025-08-22,HYG,80.8499984741211,80.98312899626877,-0.16439290973038956,0.11207841680831478,0.00810475748893591,0,0,0,
2025-08-25,HYG,80.69000244140625,80.54927054391582,0.17471529728341617,0.7446507684218464,-0.001978924375194091,0,0,0,
2025-08-26,HYG,80.87000274658203,80.91160386563885,-0.05141551652579248,0.30223843672929657,0.0022307634121896402,0,0,0,
2025-08-27,HYG,80.97000122070312,80.79927942295731,0.21129123794797863,0.8306691625089136,0.0012365335813633305,0,0,0,
2025-08-28,HYG,81.01000213623047,80.43208996495324,0.7185094550310056,1.830512035787861,0.0004940214267541432,1,0,0,
2025-08-29,HYG,80.86000061035156,80.49751590883291,0.45030545033114255,1.3170492890191319,-0.001851642043246171,0,0,0,
2025-09-02,HYG,80.38999938964844,79.89362169967961,0.6212982706363087,1.619137300819706,-0.005812530511444924,1,0,0,
2025-09-03,HYG,80.61000061035156,79.93621276504672,0.8429068903793093,1.9758967101422293,0.0027366739939478357,1,0,0,
2025-09-04,HYG,80.83000183105469,80.4987230612343,0.4115329501169689,1.1485753072521583,0.0027292050494647224,0,0,0,
2025-09-05,HYG,80.87000274658203,80.74402113753756,0.15602592894138717,0.6463752215982455,0.0004948770830286442,0,0,0,
2025-09-08,HYG,80.87000274658203,80.49650158797152,0.46399675916638905,1.202941286739442,0.0,0,0,0,
2025-09-09,HYG,80.77999877929688,80.95649471746019,-0.2180133153977179,-0.06332047084958405,-0.0011129462622524455,0,0,0,
2025-09-10,HYG,80.83999633789062,80.97461998079477,-0.16625412127414108,0.07271698987510619,0.0007427278967615525,0,0,0,
2025-09-11,HYG,81.04000091552734,81.4384667587273,-0.4892845593231363,-0.5435603450652331,0.0024740794989741577,0,0,0,
2025-09-12,HYG,80.95999908447266,81.37433202072945,-0.5091690782189773,-0.562114505350781,-0.0009871894144976023,0,0,0,
2025-09-15,HYG,81.19000244140625,81.58253837421141,-0.4811518992025408,-0.48230909367896213,0.0028409505871362928,0,0,0,
2025-09-16,HYG,81.12999725341797,81.55152271601781,-0.516882393560816,-0.5347396100048712,-0.000739071144031378,0,0,0,
2025-09-17,HYG,81.05000305175781,81.58964278379138,-0.6614071512282301,-0.8151221862312313,-0.0009860003003610007,0,0,0,
2025-09-18,HYG,81.2300033569336,81.96744090682716,-0.8996713106266424,-1.2718759719686707,0.0022208550079982903,0,0,0,
2025-09-19,HYG,81.26000213623047,81.75265939948812,-0.6026192504029292,-0.6648312754516233,0.00036930663618295334,0,0,0,
2025-09-22,HYG,81.31999969482422,81.57429291265345,-0.31173205277000215,-0.06921484455563687,0.0007383405982830382,0,0,0,
2025-09-23,HYG,81.26000213623047,81.55182867579538,-0.3578418096852842,-0.15879688994636126,-0.0007377958536510798,0,0,0,
2025-09-24,HYG,81.1500015258789,81.67499213824077,-0.6427801198600391,-0.7585825437820559,-0.001353687022640604,0,0,0,
2025-09-25,HYG,80.91999816894531,81.33953732503636,-0.5157874877189811,-0.4896444800213498,-0.0028342988614762366,0,0,0,
2025-09-26,HYG,81.08000183105469,81.36465870373883,-0.3498532129540634,-0.17176327807451675,0.0019773067934989452,0,0,0,
2025-09-29,HYG,81.22000122070312,81.84853949544986,-0.7679285160386679,-1.0886187877365159,0.0017266821224319884,0,0,0,
2025-09-30,HYG,81.19000244140625,81.81105682719618,-0.7591325792328322,-1.119519471123894,-0.0003693521158090185,0,0,0,
2025-10-01,HYG,80.95999908447266,81.31846269239257,-0.4408145408206916,-0.43785160614429114,-0.0028329024512542267,0,0,0,
2025-10-02,HYG,80.93000030517578,81.0991358366147,-0.20855404893545623,0.06675047122830267,-0.00037053828601918415,0,0,0,
2025-10-03,HYG,80.83999633789062,80.9982967314897,-0.19543669433425875,0.08489462241762699,-0.001112121178126313,0,0,0,
2025-10-06,HYG,80.86000061035156,80.439020910037,0.5233525912571521,1.6452194000396212,0.00024745513813884124,1,0,0,
2025-10-07,HYG,80.7699966430664,80.30505761973646,0.5789660540828497,1.7022134213798106,-0.0011130839303213902,1,0,0,
2025-10-08,HYG,80.6500015258789,80.35269703817946,0.3699993885185777,1.2100612845902765,-0.0014856397446415537,0,0,0,
2025-10-09,HYG,80.41999816894531,80.61498046918304,-0.24186856971609924,-0.09753460192589845,-0.0028518704597890743,0,0,0,
2025-10-10,HYG,79.94999694824219,79.96013028409894,-0.012672985675168762,0.41380053172499,-0.005844332646162909,0,0,0,
2025-10-13,HYG,80.44999694824219,80.75224722429408,-0.374293331072726,-0.3553979430477879,0.00625390893165001,0,0,0,
2025-10-14,HYG,80.54000091552734,80.5402015272454,-0.00024908271180475237,0.4846289223053413,0.0011187566277106598,0,0,0,
2025-10-15,HYG,80.80000305175781,80.56116749073229,0.29646487068723293,1.1455491813206162,0.003228236072447599,0,0,0,
2025-10-16,HYG,80.51000213623047,80.45623242289008,0.0668310107509944,0.6305488246421884,-0.003589120106116561,0,0,0,
2025-10-17,HYG,80.72000122070312,80.34953812776718,0.46106437145520446,1.4542529587115849,0.002608360190045955,0,0,0,
2025-10-20,HYG,80.87999725341797,80.24885647202512,0.7864794704119685,2.0786816143546374,0.0019821113763041076,1,1,0,
2025-10-21,HYG,80.76000213623047,79.98592679859811,0.9677644163347006,2.3339580038249284,-0.0014836192045299956,1,1,0,
2025-10-22,HYG,80.68000030517578,80.21383645594864,0.5811514195348937,1.4936364390993946,-0.0009906120472822355,0,0,0,
2025-10-23,HYG,80.86000061035156,80.53168035502044,0.40769080426949444,1.112334712018797,0.0022310399664715597,0,0,0,
2025-10-24,HYG,81.08000183105469,80.74952136783196,0.4092661574021172,1.0808525230568355,0.002720766992857948,0,0,0,
2025-10-27,HYG,81.27999877929688,80.6889701134878,0.7324776422078558,1.6461859299074286,0.0024666618614404,1,0,0,
2025-10-28,HYG,81.19999694824219,80.76258592368126,0.5416010638568127,1.2412138438597224,-0.0009842745110260065,0,0,0,
2025-10-29,HYG,80.94999694824219,81.12758924888641,-0.2189049400930633,-0.24515578193381435,-0.003078817849702098,0,0,0,
2025-10-30,HYG,80.80000305175781,80.79955567556061,0.0005536864571349718,0.1600844033781973,-0.0018529203476100875,0,0,0,
2025-10-31,HYG,80.80000305175781,80.64666635906272,0.19013395050006374,0.5241337162447649,0.0,0,0,0,
2025-11-03,HYG,80.13999938964844,80.40615698288784,-0.3310164335997836,-0.4936827235802032,-0.008168361846305872,0,0,0,
2025-11-04,HYG,80.1500015258789,80.68543275920457,-0.6636033482321322,-1.1232099237767301,0.00012480828932681653,0,0,0,
2025-11-05,HYG,80.2300033569336,80.67760880983933,-0.5548075352118571,-0.8861824682197006,0.000998151335391606,0,0,0,
2025-11-06,HYG,80.26000213623047,80.35841550591829,-0.12246803159100478,-0.05365471545112378,0.000373909735032818,0,0,0,
2025-11-07,HYG,80.33000183105469,79.90401889309067,0.5331182884980735,1.1857760146562273,0.0008721616366942353,0,0,0,
2025-11-10,HYG,80.5999984741211,80.19192221800411,0.5088745160735983,1.105384423601754,0.00336109345091562,0,0,0,
2025-11-11,HYG,80.69000244140625,80.56011776352314,0.16122702087449348,0.40003768782715593,0.0011166745532142919,0,0,0,
2025-11-12,HYG,80.52999877929688,80.46662369897751,0.0787594625026699,0.20482538517183485,-0.001982942833910095,0,0,0,
2025-11-13,HYG,80.19999694824219,79.70733832565075,0.6180843984259496,1.2977304816748265,-0.004097874531938106,0,0,0,
2025-11-14,HYG,80.22000122070312,79.76922187754315,0.5651043504623731,1.1487172879518446,0.0002494298406749973,0,0,0,
2025-11-17,HYG,80.08999633789062,79.97116334489913,0.14859480345308695,0.2628661488933493,-0.0016206043484694455,0,0,0,
2025-11-18,HYG,80.11000061035156,79.86217258759547,0.3103196603927471,0.5834612753521103,0.0002497724232193299,0,0,0,
2025-11-19,HYG,80.1500015258789,79.94906101136888,0.251335677953052,0.4498801482502737,0.000499324868587836,0,0,0,
2025-11-20,HYG,80.0999984741211,80.05616144389478,0.05475784678614126,0.030674419593091667,-0.0006238683818573509,0,0,0,
2025-11-21,HYG,80.37000274658203,80.33290038163295,0.0461857654495455,0.016976925887204748,0.0033708399201552997,0,0,0,
2025-11-24,HYG,80.58999633789062,80.9370585592821,-0.42880508331948264,-0.9608824898551981,0.002737259970019723,0,0,0,
2025-11-25,HYG,80.87000274658203,80.90813544705013,-0.04713086052150175,-0.15679457449730805,0.0034744561535580143,0,0,0,
2025-11-26,HYG,80.94999694824219,80.81097732350824,0.1720306192776437,0.32391184524231276,0.0009891702602116137,0,0,0,
2025-11-28,HYG,80.98999786376953,80.56651808984824,0.5256274988190746,1.068727797722502,0.0004941435087750801,0,0,0,
2025-12-01,HYG,80.47000122070312,80.13689482070203,0.41567170870095554,0.8493033885663234,-0.006420504466996935,0,0,0,
2025-12-02,HYG,80.62000274658203,80.42583141018002,0.24142906948852494,0.510270394186391,0.0018640676476131546,0,0,0,
2025-12-03,HYG,80.69000244140625,80.51180502900864,0.2213307878681932,0.475140958342851,0.0008682670855799657,0,0,0,
2025-12-04,HYG,80.75,80.81201504892913,-0.07673988687397298,-0.17063535080767797,0.0007435562867570411,0,0,0,
2025-12-05,HYG,80.75,80.88733657219998,-0.16978748221904685,-0.3554302075616058,0.0,0,0,0,
2025-12-08,HYG,80.55000305175781,80.91992707568636,-0.4571482418447416,-0.9764815628988279,-0.002476742393092146,0,0,0,
2025-12-09,HYG,80.45999908447266,81.10938548229002,-0.8006304004844887,-1.6712362771575013,-0.0011173676458748893,-1,0,0,
2025-12-10,HYG,80.7300033569336,81.31177311537968,-0.7154803494698941,-1.466338497197158,0.0033557578366048,0,0,0,
2025-12-11,HYG,80.72000122070312,81.1096544093665,-0.48040296990635056,-0.967947759458765,-0.00012389614535557314,0,0,0,
2025-12-12,HYG,80.56999969482422,80.63477516452484,-0.08033192821391846,-0.13017825517115458,-0.0018582943955708364,0,0,0,
2025-12-15,HYG,80.61000061035156,80.75283649309519,-0.1768803288486824,-0.3519715184445903,0.0004964740682493751,0,0,0,
2025-12-16,HYG,80.66000366210938,80.83383098955002,-0.2150427924950384,-0.45655804481061313,0.0006203082915172686,0,0,0,
2025-12-17,HYG,80.55999755859375,80.62598373628488,-0.08184232257799234,-0.1987673417427653,-0.001239847495352886,0,0,0,
2025-12-18,HYG,80.77999877929688,81.19960838148349,-0.5167630861164322,-1.193368042253526,0.0027308990487879825,0,0,0,
2025-12-19,HYG,80.36000061035156,80.45437302840934,-0.11729930208324317,-0.2915353534479292,-0.0051992841704888715,0,0,0,
2025-12-22,HYG,80.43000030517578,80.2972562685453,0.16531578138428094,0.3372385029989593,0.0008710763351487127,0,0,0,
2025-12-23,HYG,80.48999786376953,80.38268362619941,0.13350417369636694,0.240323191491107,0.0007459599448724763,0,0,0,
2025-12-24,HYG,80.63999938964844,80.48200326244722,0.19631236897272453,0.3654406506740079,0.0018636045454092365,0,0,0,
2025-12-26,HYG,80.5999984741211,80.71026715373623,-0.13662286534759316,-0.4342220711266747,-0.0004960431030518464,0,0,0,
2025-12-29,HYG,80.62999725341797,80.72862947997636,-0.12217750653485085,-0.43724310717354603,0.00037219329857074435,0,0,0,
2025-12-30,HYG,80.70999908447266,80.16341585782207,0.6818362476219869,1.5044855175923666,0.000992209274214062,1,0,0,
2025-12-31,HYG,80.62999725341797,80.00708612977405,0.7785699414593539,1.681002084558476,-0.0009912257708113437,1,0,0,
2026-01-02,HYG,80.66999816894531,80.319870849123,0.43591618875981925,0.8088249902154274,0.000496104637107031,0,0,0,
2026-01-05,HYG,80.87999725341797,80.38149226965692,0.6201738356495177,1.2221592413202036,0.002603186924993617,0,0,0,
2026-01-06,HYG,80.9000015258789,80.89442468510363,0.006893974210194846,-0.2618070662306945,0.00024733275395960597,0,0,0,
2026-01-07,HYG,80.87999725341797,80.9994306417022,-0.1474496639520155,-0.619026713512718,-0.0002472715955949001,0,0,0,
2026-01-08,HYG,80.94000244140625,81.17872266403968,-0.294067478274304,-0.9537711911843445,0.0007419039320719634,0,0,0,
2026-01-09,HYG,81.0,81.44081300248756,-0.5412679297222813,-1.5327562329438715,0.0007412596588094456,-1,0,0,
2026-01-12,HYG,81.04000091552734,81.84808743379105,-0.9873004288797684,-2.454799684324761,0.0004938384633006443,-1,-1,0,
2026-01-13,HYG,81.04000091552734,81.32966993950777,-0.3561664816737557,-0.991771547356748,0.0,0,0,0,
2026-01-14,HYG,81.04000091552734,80.91365175666259,0.15615307938978487,0.19196594752354607,0.0,0,0,0,
2026-01-15,HYG,81.04000091552734,81.47082573795704,-0.5288087097771721,-1.3502376248168304,0.0,0,0,0,
2026-01-16,HYG,81.08999633789062,81.63543904065907,-0.6681445082898115,-1.6076548987120278,0.0006169227763879181,-1,0,0,
2026-01-20,HYG,80.87999725341797,81.38891668523162,-0.625293286285991,-1.4572718142049155,-0.0025897039580272674,0,0,0,
2026-01-21,HYG,81.12000274658203,81.82371892935345,-0.8600393528666228,-1.9064569270414051,0.0029674270686739224,-1,0,0,
2026-01-22,HYG,81.18000030517578,81.51829913599119,-0.41499741088935643,-0.905729034136289,0.0007396148491412013,0,0,0,
2026-01-23,HYG,81.13999938964844,81.29011515016168,-0.18466668454823348,-0.3595251472301023,-0.0004927434759419702,0,0,0,
2026-01-26,HYG,81.18000030517578,81.48840189469243,-0.37846071630561184,-0.7803181032525282,0.0004929863917702004,0,0,0,
2026-01-27,HYG,81.16999816894531,81.26046326447754,-0.11132731945889622,-0.14428711314117962,-0.00012320936428755758,0,0,0,
2026-01-28,HYG,81.04000091552734,81.00648041549812,0.04138002275533145,0.24448842064673562,-0.001601543136016792,0,0,0,
2026-01-29,HYG,81.02999877929688,81.01642293069519,0.01675690941490103,0.2089205163238609,-0.00012342221270322806,0,0,0,
2026-01-30,HYG,81.12000274658203,81.03887962088517,0.10010395760204421,0.39994141885468304,0.0011107487182655529,0,0,0,
2026-02-02,HYG,80.7699966430664,80.49459879062387,0.34213208908448717,0.9700519782545002,-0.0043146707552395025,0,0,0,
2026-02-03,HYG,80.72000122070312,80.35088572046611,0.45937950394366106,1.2318061469884256,-0.0006189850741756819,0,0,0,
2026-02-04,HYG,80.62000274658203,80.12223701498273,0.6212579056001893,1.5577364868973373,-0.0012388314247875343,1,0,0,
2026-02-05,HYG,80.52999877929688,80.15354893051982,0.46966086193311024,1.165581511739648,-0.0011163974723255032,0,0,0,
2026-02-06,HYG,80.80999755859375,80.54471561364643,0.3293598381050992,0.8053521756794462,0.003476950000511625,0,0,0,
2026-02-09,HYG,80.91999816894531,80.66264833816099,0.31904460873319773,0.7607120049279086,0.0013612252651264978,0,0,0,
2026-02-10,HYG,80.83999633789062,80.8379784857425,0.0024961684915022113,0.026195675824106916,-0.0009886533967494726,0,0,0,
2026-02-11,HYG,80.83000183105469,81.0982198617504,-0.33073232822242293,-0.7532876738415556,-0.00012363319258656968,0,0,0,
2026-02-12,HYG,80.79000091552734,81.39240029132414,-0.7401174724429457,-1.6788474177499926,-0.0004948770830285332,-1,0,0,
2026-02-13,HYG,80.8499984741211,81.51282721334755,-0.8131588142460092,-1.772853348675837,0.0007426359439763885,-1,0,0,
2026-02-17,HYG,80.80999755859375,81.29789369787964,-0.6001338006357463,-1.2420666349454652,-0.0004947546850003759,0,0,0,
2026-02-18,HYG,80.91000366210938,81.32965204783467,-0.5159844843286385,-1.014940406256319,0.0012375461766733764,0,0,0,
2026-02-19,HYG,80.94000244140625,81.30607348164932,-0.45023824736253276,-0.8343828850601486,0.00037076724680606965,0,0,0,
2026-02-20,HYG,81.0,81.61022839572574,-0.7477351892299096,-1.479885218501016,0.0007412596588094456,0,0,0,
2026-02-23,HYG,80.87000274658203,81.50847797960198,-0.7833237091971325,-1.5049218054350304,-0.0016049043631848336,-1,0,0,
2026-02-24,HYG,80.80999755859375,81.22102854317968,-0.5060647371233641,-0.8427071605543592,-0.0007419956219899548,0,0,0,
2026-02-25,HYG,80.91999816894531,80.90326079407889,0.020688133830630725,0.36522411083425976,0.0013612252651264978,0,0,0,
2026-02-26,HYG,80.8499984741211,80.69068508435764,0.1974371510130334,0.7468360649125257,-0.0008650481513614583,0,0,0,
2026-02-27,HYG,80.72000122070312,80.57434621179029,0.18077094728138976,0.6977896607170875,-0.0016078819526457178,0,0,0,
2026-03-02,HYG,80.27999877929688,80.04765492769052,0.2902569123558238,0.9399712762551505,-0.005450971689200057,0,0,0,
2026-03-03,HYG,80.12000274658203,79.56905701970044,0.6924120349260711,1.8296767647232017,-0.0019929750267523305,1,0,0,
2026-03-04,HYG,80.4000015258789,79.84176418234622,0.6991796201518717,1.806720812490459,0.0034947425074671745,1,0,0,
2026-03-05,HYG,80.08000183105469,79.71947232887399,0.45224772774883853,1.2425358884845727,-0.00398009563123225,0,0,0,
2026-03-06,HYG,79.69000244140625,79.50238110007996,0.23599461894117157,0.766127899290298,-0.004870122137000221,0,0,0,
2026-03-09,HYG,80.16999816894531,79.90106338692507,0.3365847344457831,0.9654323058910813,0.006023286646176018,0,0,0,
2026-03-10,HYG,80.04000091552734,80.11619317171497,-0.09510219241735564,0.0210561165240318,-0.001621519974891572,0,0,0,
2026-03-11,HYG,79.86000061035156,79.69108910352755,0.21195783458873582,0.6686817113370727,-0.0022488793492861925,0,0,0,
2026-03-12,HYG,79.3499984741211,78.98321115179115,0.46438643982838756,1.18601521563165,-0.0063862025085479335,0,0,0,
2026-03-13,HYG,79.19999694824219,78.85970729444783,0.4315127020745561,1.0810023185100288,-0.0018903784343212715,0,0,0,
2026-03-16,HYG,79.44999694824219,79.21227955932159,0.30010168908543466,0.763960346665928,0.0031565657781953416,0,0,0,
2026-03-17,HYG,79.80999755859375,79.70734566460771,0.12878598971037566,0.37521663571901653,0.004531159523971873,0,0,0,
2026-03-18,HYG,79.4000015258789,79.24100565976168,0.20064847081813453,0.5207622579990616,-0.00513715130004655,0,0,0,
2026-03-19,HYG,79.66000366210938,79.83963007128271,-0.2249840198570096,-0.42286233085871994,0.003274586035690863,0,0,0,
2026-03-20,HYG,78.91999816894531,79.2978446597751,-0.476490240624976,-0.9594866006498289,-0.009289548821801663,0,0,0,
2026-03-23,HYG,79.44000244140625,79.70609729065106,-0.3338450360635327,-0.6555373974628146,0.006589005125769987,0,0,0,
2026-03-24,HYG,79.16999816894531,79.29243523797581,-0.15441204279201826,-0.2570217520021053,-0.003398845218567148,0,0,0,
2026-03-25,HYG,79.41999816894531,79.24287457159853,0.2235199042239958,0.5765536709782594,0.0031577618514846417,0,0,0,
2026-03-26,HYG,78.91999816894531,78.8544268904639,0.0831548475680367,0.2682264956919828,-0.006295643559905195,0,0,0,
2026-03-27,HYG,78.72000122070312,78.43101592211792,0.368457931071766,0.8893089571654651,-0.0025341732499036818,0,0,0,
2026-03-30,HYG,78.80999755859375,78.49231101436699,0.4047358781022659,0.9436968187146233,0.0011432461445002318,0,0,0,
2026-03-31,HYG,79.55999755859375,79.60359709209057,-0.054770808216591194,-0.0635225989364777,0.00951655910714111,0,0,0,
2026-04-01,HYG,79.37000274658203,79.27133661729691,0.12446633738681297,0.3545897254582324,-0.002388069605856802,0,0,0,
2026-04-02,HYG,79.55999755859375,79.35794927856158,0.25460370620584577,0.6793068618088711,0.0023937861337657296,0,0,0,
2026-04-06,HYG,79.69999694824219,79.47454274617832,0.28368103077222645,0.7551339976586322,0.001759670612676123,0,0,0,
2026-04-07,HYG,79.72000122070312,79.49769098196238,0.27964364246904677,0.7694406404468189,0.00025099464525601967,0,0,0,
2026-04-08,HYG,80.19000244140625,79.9760990218304,0.2674591811704513,0.728349870858078,0.0058956499436313425,0,0,0,
2026-04-09,HYG,80.27999877929688,79.97526482394034,0.38103525637256563,0.9652893485031186,0.0011222887535935477,0,0,0,
2026-04-10,HYG,79.95999908447266,80.06001803652353,-0.12492996442399655,-0.20641178096841906,-0.003986045088315904,0,0,0,
2026-04-13,HYG,80.26000213623047,80.48019086161467,-0.2735936918474983,-0.5642571735504633,0.003751914146983504,0,0,0,
2026-04-14,HYG,80.5,80.76779532199234,-0.33156200553046405,-0.7512670099528935,0.002990254888881827,0,0,0,
2026-04-15,HYG,80.45999908447266,80.23682161494833,0.2781484423639629,0.6995778689019942,-0.0004969057829483647,0,0,0,
2026-04-16,HYG,80.3499984741211,79.84620303220325,0.6309572938799056,1.5086796055038476,-0.0013671465523641402,1,0,0,
2026-04-17,HYG,80.6500015258789,80.4666669785675,0.22783912170766968,0.5267530003237094,0.0037337032663968817,0,0,0,
2026-04-20,HYG,80.58000183105469,80.35636036653688,0.2783120881753418,0.6237258260377109,-0.0008679441227507079,0,0,0,
2026-04-21,HYG,80.37000274658203,79.8239539813842,0.6840662958454585,1.568068610472218,-0.002606094312493812,1,0,0,
2026-04-22,HYG,80.5,80.05648807126217,0.5539987319241917,1.2298360166231603,0.001617484745245923,0,0,0,
2026-04-23,HYG,80.37000274658203,80.04748926751368,0.40290267942137264,0.8209825049841764,-0.0016148727132666574,0,0,0,
2026-04-24,HYG,80.4800033569336,80.22350050100953,0.3197353073876912,0.5896847425992472,0.0013686774492021048,0,0,0,
2026-04-27,HYG,80.51000213623047,80.34376682688793,0.20690504803031842,0.2820150719492699,0.00037274823615285335,0,0,0,
2026-04-28,HYG,80.4000015258789,80.36646723852911,0.0417267157585323,-0.14955243210313413,-0.0013662974466878142,0,0,0,
2026-04-29,HYG,80.12999725341797,80.42992007156063,-0.3728995601087411,-1.1879694991050769,-0.0033582620315502076,0,0,0,
2026-04-30,HYG,80.37999725341797,80.75421998062237,-0.46340950020221283,-1.3777445333826988,0.003119930220506051,0,0,0,
2026-05-01,HYG,80.05999755859375,80.27260701694419,-0.26485929167040045,-0.8596320423674048,-0.003981086162709646,0,0,0,
2026-05-04,HYG,79.80000305175781,80.41782919133523,-0.7682701035207575,-2.0088732306405963,-0.0032474958126954556,-1,-1,0,
2026-05-05,HYG,79.91999816894531,80.74954763003609,-1.0273115892753484,-2.465398025455719,0.001503698152864441,-1,-1,0,
2026-05-06,HYG,80.16000366210938,80.98683356413522,-1.0209436097672162,-2.3175122292268733,0.003003071805090629,-1,-1,0,
2026-05-07,HYG,79.86000061035156,80.76228858892253,-1.1172144751414668,-2.3797675751345517,-0.003742552869912319,-1,-1,0,
2026-05-08,HYG,80.13999938964844,80.77750344188213,-0.7892098976447899,-1.6069732283484008,0.0035061204252053724,-1,0,0,
2026-05-11,HYG,79.9800033569336,80.46599452097806,-0.6039708661250216,-1.1754141300550551,-0.0019964566250734173,0,0,0,
2026-05-12,HYG,79.87000274658203,80.26139193502902,-0.4876431606915313,-0.9082409432192682,-0.0013753514095348196,0,0,0,
2026-05-13,HYG,79.91000366210938,80.02174955273158,-0.13964439823771405,-0.18797360837453933,0.0005008252679576941,0,0,0,
2026-05-14,HYG,79.8499984741211,80.28472967506002,-0.5414867842221479,-1.044963081164612,-0.0007509095887670014,0,0,0,
2026-05-15,HYG,79.45999908447266,79.73447856147497,-0.34424189128006105,-0.656042590278194,-0.004884150245473506,0,0,0,
2026-05-18,HYG,79.54000091552734,79.78949124776703,-0.3126857037663718,-0.6034245608109996,0.0010068189274661243,0,0,0,
2026-05-19,HYG,79.3499984741211,79.94534218482686,-0.7446884264118581,-1.5178329878799852,-0.002388765894132172,-1,0,0,
2026-05-20,HYG,79.86000061035156,80.02436375752627,-0.20539138264532975,-0.3692397816102375,0.006427248217235837,0,0,0,
2026-05-21,HYG,79.9000015258789,80.09840572337704,-0.24770055746593986,-0.486425405942108,0.0005008879942602906,0,0,0,
2026-05-22,HYG,79.91000366210938,80.07246675450365,-0.2028950761469308,-0.4171394432897185,0.0001251831794675251,0,0,0,
2026-05-26,HYG,80.18000030517578,81.1523205119991,-1.1981422104615553,-2.514720366702369,0.003378758987523822,-1,-1,-1,
2026-05-27,HYG,80.12999725341797,80.47929808721966,-0.4340256961773404,-0.8515893902021376,-0.0006236349659203277,0,0,0,
2026-05-28,HYG,80.2300033569336,80.4086686647756,-0.22219657508180782,-0.38498365519770444,0.0012480482583738794,0,0,0,
2026-05-29,HYG,80.30999755859375,80.59025859749141,-0.347760441243189,-0.6346773908869245,0.0009970609287435206,0,0,0,
2026-06-01,HYG,79.83999633789062,80.46885484076599,-0.7814930436375203,-1.502727446054475,-0.005852337629075555,-1,0,0,
2026-06-02,HYG,79.9000015258789,80.5738583171142,-0.8363218608487127,-1.5683947748257638,0.0007515680202980768,-1,0,0,
2026-06-03,HYG,79.68000030517578,80.62914308082254,-1.177170858302864,-2.1852564446489606,-0.0027534570275554726,-1,-1,0,
2026-06-04,HYG,79.83000183105469,80.37602711289328,-0.6793384812012017,-1.1189025167850035,0.0018825492633585128,0,0,0,
2026-06-05,HYG,79.43000030517578,79.72971640110441,-0.37591516621082427,-0.47123924570291714,-0.005010666625380189,0,0,0,
2026-06-08,HYG,79.54000091552734,79.7747639952595,-0.2942823870292011,-0.282838521882869,0.0013848748574711855,0,0,0,
2021-06-03,LQD,131.16000366210938,130.2367904220141,0.7088728439204633,,,0,0,0,
2021-06-04,LQD,132.08999633789062,131.5935922817681,0.3772250969937918,,0.007090520355405472,0,0,0,
2021-06-07,LQD,131.97999572753906,131.70848510742337,0.20614512413094976,,-0.0008327701824608624,0,0,0,
2021-06-08,LQD,132.47999572753906,132.73448815978767,-0.19173045059867894,,0.003788452918518148,0,0,0,
2021-06-09,LQD,132.9600067138672,133.24701275466637,-0.21539397759529377,,0.0036232714508486197,0,0,0,
2021-06-10,LQD,133.55999755859375,133.34207499099364,0.16343121075236877,,0.00451256629384611,0,0,0,
2021-06-11,LQD,133.6699981689453,133.6937585496493,-0.017772243791883774,,0.0008236044651266372,0,0,0,
2021-06-14,LQD,133.17999267578125,133.18553755041262,-0.004163270827562522,,-0.0036657851415898834,0,0,0,
2021-06-15,LQD,133.27999877929688,133.46274602477231,-0.13692753290234252,,0.0007509093633837338,0,0,0,
2021-06-16,LQD,132.89999389648438,133.2847449648043,-0.288668495724344,,-0.002851177118044279,0,0,0,
2021-06-17,LQD,133.63999938964844,134.21904813591556,-0.431420692002488,,0.005568137901800441,0,0,0,
2021-06-18,LQD,134.33999633789062,134.55273013536888,-0.15810440803707695,,0.0052379298970306465,0,0,0,
2021-06-21,LQD,133.55999755859375,133.47583434173566,0.06305502211179723,,-0.005806154537439712,0,0,0,
2021-06-22,LQD,133.77999877929688,133.79412691255138,-0.01055960644949404,,0.0016472089302532744,0,0,0,
2021-06-23,LQD,133.57000732421875,132.88017922059078,0.5191354404202068,,-0.001569677507805567,0,0,0,
2021-06-24,LQD,133.8300018310547,132.88896083796962,0.7081408321286152,,0.0019465036503654165,0,0,0,
2021-06-25,LQD,133.47999572753906,133.01581927646623,0.3489633440576455,,-0.0026153037340421736,0,0,0,
2021-06-28,LQD,134.0500030517578,133.52746913222165,0.39133065498211056,,0.004270357675035141,0,0,0,
2021-06-29,LQD,134.2100067138672,134.25701427892722,-0.03501311667959991,,0.001193611775208936,0,0,0,
2021-06-30,LQD,134.36000061035156,133.5850073832633,0.5801498553387493,,0.0011176059085085122,0,0,0,
2021-07-01,LQD,133.99000549316406,133.03268023350043,0.7196166069745613,,-0.0027537594187759806,0,0,0,
2021-07-02,LQD,134.3699951171875,134.0848387013176,0.21266864966373705,,0.0028359549850367483,0,0,0,
2021-07-06,LQD,134.86000061035156,134.72545682072837,0.09986515748261604,,0.003646688330506409,0,0,0,
2021-07-07,LQD,135.32000732421875,134.84518946987995,0.35212072169979336,,0.0034109944519151725,0,0,0,
2021-07-08,LQD,135.38999938964844,135.54382629052876,-0.1134886811816874,,0.0005172336804710742,0,0,0,
2021-07-09,LQD,134.82000732421875,134.39786155516748,0.31410155203845075,,-0.004210001240854355,0,0,0,
2021-07-12,LQD,134.75,133.69503673769574,0.7890818448062892,,-0.0005192650972818402,0,0,0,
2021-07-13,LQD,134.25,133.6162673433357,0.47429304025975355,,-0.0037105751391465214,0,0,0,
2021-07-14,LQD,134.8699951171875,134.06779512276256,0.598353984780897,,0.004618213163407825,0,0,0,
2021-07-15,LQD,135.16000366210938,134.1062905641719,0.7857298069349382,,0.0021502821637229275,0,0,0,
2021-07-16,LQD,134.97000122070312,134.22452668294912,0.5553936796625009,,-0.0014057593685868897,0,0,0,
2021-07-19,LQD,135.94000244140625,135.83607194395154,0.0765117070652601,,0.007186791227163036,0,0,0,
2021-07-20,LQD,135.75,135.4957826885029,0.18762009152824896,,-0.0013976933793873325,0,0,0,
2021-07-21,LQD,135.27000427246094,135.6646780791878,-0.29091861810669617,,-0.003535880129201252,0,0,0,
2021-07-22,LQD,135.8300018310547,135.87631237443605,-0.03408286740498822,,0.004139850232175668,0,0,0,
2021-07-23,LQD,135.77000427246094,135.38693276601757,0.28294570134432034,,-0.0004417106514389424,0,0,0,
2021-07-26,LQD,135.47000122070312,134.76775988393464,0.5210751721133217,,-0.002209641616831459,0,0,0,
2021-07-27,LQD,136.0500030517578,135.82772406674718,0.16364772842796227,,0.004281404191543325,0,0,0,
2021-07-28,LQD,136.2899932861328,135.8227281814498,0.3440257097904662,,0.0017639855126185822,0,0,0,
2021-07-29,LQD,135.89999389648438,135.01017645115175,0.6590743518171545,,-0.0028615408970610323,0,0,0,
2021-07-30,LQD,136.00999450683594,135.077991655177,0.6899738737885139,,0.0008094232177475735,0,0,0,
2021-08-02,LQD,136.16000366210938,134.70890431905224,1.0772111542235332,,0.001102927441599899,0,0,0,
2021-08-03,LQD,136.3000030517578,134.89971449363514,1.0380218841669502,,0.0010281976048991393,0,0,0,
2021-08-04,LQD,136.3300018310547,134.99956980821767,0.9855083425280886,,0.00022009375366982553,0,0,0,
2021-08-05,LQD,135.77000427246094,134.46417749691798,0.9711335761324867,,-0.004107661931140538,0,0,0,
2021-08-06,LQD,134.66000366210938,133.46318027979336,0.8967442404766477,,-0.008175595311347483,0,0,0,
2021-08-09,LQD,134.0800018310547,133.2997395279863,0.585344206846381,,-0.00430715739849552,0,0,0,
2021-08-10,LQD,133.77999877929688,133.05081581462278,0.548048473216468,,-0.002237492897231852,0,0,0,
2021-08-11,LQD,133.99000549316406,132.92152064500027,0.8038463922011876,,0.0015697915666275097,0,0,0,
2021-08-12,LQD,134.17999267578125,133.23310369383273,0.7107009862387146,,0.0014179205524913474,0,0,0,
2021-08-13,LQD,135.0800018310547,133.42266793321392,1.2421681589146212,,0.00670747655686732,0,0,0,
2021-08-16,LQD,135.16000366210938,133.94953511237932,0.9036750659227808,,0.0005922551818939858,0,0,0,
2021-08-17,LQD,134.9199981689453,134.8014260036121,0.08796061647747556,,-0.0017757138699407982,0,0,0,
2021-08-18,LQD,134.8300018310547,135.43169031389044,-0.4442745131816781,,-0.0006670348288764227,0,0,0,
2021-08-19,LQD,135.13999938964844,135.97527133853544,-0.6142822446056643,,0.002299173436059121,0,0,0,
2021-08-20,LQD,135.22999572753906,136.36244823416726,-0.8304724073914421,,0.0006659489292371035,0,0,0,
2021-08-23,LQD,135.3300018310547,136.18293666530175,-0.6263154952689355,,0.000739526042115024,0,0,0,
2021-08-24,LQD,135.02000427246094,135.40850970787298,-0.2869136040638767,,-0.002290678743806951,0,0,0,
2021-08-25,LQD,134.6699981689453,134.7640263871555,-0.06977249102075349,,-0.0025922536841973542,0,0,0,
2021-08-26,LQD,134.6300048828125,135.08167768625998,-0.3343701464061858,,-0.00029697250075433335,0,0,0,
2021-08-27,LQD,135.3800048828125,135.7203813184243,-0.25079242506194976,,0.005570823537092151,0,0,0,
2021-08-30,LQD,135.61000061035156,136.40262196671392,-0.5810895310764498,,0.0016988899338432617,0,0,0,
2021-08-31,LQD,135.3000030517578,135.7911079396398,-0.3616620376205254,-1.2449940203097785,-0.0022859490981381736,0,0,0,
2021-09-01,LQD,135.24000549316406,135.60085890496094,-0.26611439979874624,-1.0159823645018566,-0.0004434409256501848,0,0,0,
2021-09-02,LQD,135.47999572753906,135.84251223240798,-0.2668652831219029,-0.9892752115040658,0.001774550610966541,0,0,0,
2021-09-03,LQD,134.99000549316406,135.48981592815068,-0.3688915152498694,-1.1652560400359293,-0.003616698035335153,0,0,0,
2021-09-07,LQD,134.35000610351562,134.5394046492336,-0.14077551941884336,-0.7084787511970148,-0.004741087218348539,0,0,0,
2021-09-08,LQD,134.77999877929688,135.21014151536275,-0.3181290480470369,-1.0593339871394882,0.003200540798263596,0,0,0,
2021-09-09,LQD,135.66000366210938,135.7321328612722,-0.05314084265995988,-0.5188148294308909,0.006529194916031322,0,0,0,
2021-09-10,LQD,135.27000427246094,135.11017873545762,0.11829274337372377,-0.1796317949659911,-0.0028748295674516644,0,0,0,
2021-09-13,LQD,135.60000610351562,135.1753050543462,0.31418538245478067,0.2038058160347025,0.0024395787730588925,0,0,0,
2021-09-14,LQD,136.00999450683594,136.2405949101319,-0.16925968610756345,-0.7664388908189875,0.003023513162730529,0,0,0,
2021-09-15,LQD,135.85000610351562,136.462658510618,-0.44895241950362424,-1.315228877764487,-0.0011762988734792534,0,0,0,
2021-09-16,LQD,135.66000366210938,135.97619905161622,-0.23253730558155847,-0.8956599587449372,-0.0013986193071016118,0,0,0,
2021-09-17,LQD,135.36000061035156,135.24352202702647,0.08612507392539935,-0.2637679334587793,-0.0022114333160792032,0,0,0,
2021-09-20,LQD,135.77999877929688,134.95648904373832,0.6102038822984396,0.77350602595119,0.0031028233381464876,0,0,0,
2021-09-21,LQD,135.77000427246094,134.78040947230346,0.7342274771474353,0.9928150400272022,-7.360809342904506e-05,0,0,0,
2021-09-22,LQD,136.14999389648438,134.86863464053368,0.9500795046720136,1.391452921855575,0.0027987744867481457,0,0,0,
2021-09-23,LQD,135.2100067138672,133.65268707964978,1.1651988959184403,1.7666413280046953,-0.006904056002616232,1,0,0,
2021-09-24,LQD,134.9199981689453,133.9784660947882,0.7027488085219611,0.8568003608945906,-0.0021448748651835547,0,0,0,
2021-09-27,LQD,134.85000610351562,133.6071316424493,0.9302455982607434,1.2615577540404765,-0.0005187671685411566,0,0,0,
2021-09-28,LQD,133.41000366210938,132.31315226706604,0.8289813795905963,1.0368699947620887,-0.010678549323170583,0,0,0,
2021-09-29,LQD,133.3800048828125,132.8682492442195,0.3851602181137837,0.2060469856892672,-0.00022486154316325724,0,0,0,
2021-09-30,LQD,133.02999877929688,132.93924260039728,0.06826891527613163,-0.37523784244305797,-0.00262412723573624,0,0,0,
2021-10-01,LQD,133.74000549316406,133.80510959864972,-0.04865591880679282,-0.5878154276932027,0.005337192515840972,0,0,0,
2021-10-04,LQD,133.52000427246094,133.6231919211947,-0.07722285873443811,-0.6349819920770047,-0.0016449918623218096,0,0,0,
2021-10-05,LQD,132.97000122070312,133.49121987411792,-0.3904516371236254,-1.1907177211953457,-0.004119255798071153,0,0,0,
2021-10-06,LQD,133.00999450683594,133.44166849431832,-0.3234926484007232,-1.0536744264747302,0.00030076923941990685,0,0,0,
2021-10-07,LQD,132.4199981689453,132.83452968236233,-0.3120660828236882,-1.005688627043515,-0.00443572936062564,0,0,0,
2021-10-08,LQD,131.80999755859375,132.2038105075892,-0.29788320584968264,-0.9489260657391015,-0.004606559573979929,0,0,0,
2021-10-11,LQD,131.55999755859375,131.5625074392637,-0.0019077476697578156,-0.3892755292257148,-0.0018966694835789166,0,0,0,
2021-10-12,LQD,132.39999389648438,132.39699044311052,0.0022685208808735395,-0.3652547618822313,0.006384891710844887,0,0,0,
2021-10-13,LQD,133.07000732421875,132.55756160688767,0.38658354236387016,0.361166462333459,0.005060524611943951,0,0,0,
2021-10-14,LQD,133.6999969482422,132.76153212320153,0.7068800804210116,0.9513476226627788,0.004734272107526749,0,0,0,
2021-10-15,LQD,133.22000122070312,132.9732976485143,0.18552865616745234,-0.02198650027120404,-0.0035900952767028427,0,0,0,
2021-10-18,LQD,133.11000061035156,133.22622190878397,-0.08723605365915157,-0.5204571828875522,-0.0008257064205345888,0,0,0,
2021-10-19,LQD,132.3800048828125,132.458594908,-0.05933176721532819,-0.47773929989232167,-0.00548415388920287,0,0,0,
2021-10-20,LQD,132.05999755859375,131.7300636781098,0.25046209746787684,0.09212720739601717,-0.0024173388156468745,0,0,0,
2021-10-21,LQD,131.77999877929688,131.16275452221737,0.47059415558015893,0.49707126782423083,-0.0021202391675998467,0,0,0,
2021-10-22,LQD,132.30999755859375,131.70942923422558,0.45597974864817575,0.47222666674010777,0.004021845380227207,0,0,0,
2021-10-25,LQD,132.3699951171875,131.54790593617903,0.6249352090844418,0.7703390146257371,0.00045346201875018366,0,0,0,
2021-10-26,LQD,132.94000244140625,133.08724228481128,-0.11063407797565869,-0.5819664258825068,0.00430616714697396,0,0,0,
2021-10-27,LQD,133.75,134.45091389568725,-0.5213158284896816,-1.298157288091506,0.0060929557974904736,0,0,0,
2021-10-28,LQD,133.5500030517578,134.52943434560993,-0.7280423786930741,-1.6131637517305335,-0.001495304285922927,-1,0,0,
2021-10-29,LQD,133.47999572753906,134.83349179554506,-1.0038277952916703,-2.028965048735734,-0.0005242030896219774,-1,-1,0,
2021-11-01,LQD,132.97999572753906,133.53337857595596,-0.41441537263443756,-0.9458647566880737,-0.003745879652413242,0,0,0,
2021-11-02,LQD,133.49000549316406,134.1196043203872,-0.4694308713580288,-1.0168871465576454,0.003835236742449233,0,0,0,
2021-11-03,LQD,133.14999389648438,133.71294180548668,-0.42101228303033594,-0.90109499527159,-0.0025470940346699056,0,0,0,
2021-11-04,LQD,133.85000610351562,134.86307720277716,-0.7511849204940699,-1.4732435343047554,0.005257320609233007,0,0,0,
2021-11-05,LQD,134.8300018310547,135.19542029200767,-0.2702890823991788,-0.5495631640166075,0.0073215964352004725,0,0,0,
2021-11-08,LQD,134.52000427246094,134.69335065205522,-0.12869705798771977,-0.2641189636831782,-0.00229917343605901,0,0,0,
2021-11-09,LQD,134.8800048828125,135.3127832347483,-0.31983552594953335,-0.6032129878390383,0.0026761864326321216,0,0,0,
2021-11-10,LQD,133.5,133.9439026845356,-0.331409400233081,-0.601421879502857,-0.010231352556752116,0,0,0,
2021-11-11,LQD,133.1199951171875,133.60917043700823,-0.36612406036257755,-0.6508913378926791,-0.0028464785229400658,0,0,0,
2021-11-12,LQD,132.97999572753906,133.46495054422908,-0.36335743182949815,-0.6218303239983516,-0.0010516781459103397,0,0,0,
2021-11-15,LQD,131.97000122070312,132.53174764235618,-0.42385800507887134,-0.7302374518576842,-0.007595086022602282,0,0,0,
2021-11-16,LQD,131.75,132.83816236788235,-0.8191639725252955,-1.5296035966931572,-0.0016670547750863296,-1,0,0,
2021-11-17,LQD,132.27999877929688,133.44088611913858,-0.869963752193046,-1.6081148502883555,0.004022761133183117,-1,0,0,
2021-11-18,LQD,132.5800018310547,134.10355794758345,-1.1361041719148666,-2.106562716981591,0.0022679396320404166,-1,-1,0,
2021-11-19,LQD,133.0800018310547,133.9185977925871,-0.6261982841481223,-1.0770199794298463,0.0037713078374908005,0,0,0,
2021-11-22,LQD,131.9199981689453,132.94333499824583,-0.7697541432325444,-1.3332492732587944,-0.008716588864959629,0,0,0,
2021-11-23,LQD,130.97999572753906,132.15045404552154,-0.8857013216006768,-1.5094648295103166,-0.007125549230242001,-1,0,0,
2021-11-24,LQD,131.61000061035156,132.4598110746236,-0.6415609816876978,-1.0156332449283392,0.004809932076368595,0,0,0,
2021-11-26,LQD,132.67999267578125,133.2018818470966,-0.3918031517861116,-0.5256306461597573,0.008130020974603136,0,0,0,
2021-11-29,LQD,132.77000427246094,133.1482251989863,-0.28406005860019373,-0.3278693150275746,0.0006784112273781062,0,0,0,
2021-11-30,LQD,133.05999755859375,133.91694333998058,-0.6399084089092912,-1.006121331942191,0.0021841777269036022,0,0,0,
2021-12-01,LQD,132.83999633789062,133.4891702502582,-0.486312044003683,-0.6996290693172816,-0.001653398652786242,0,0,0,
2021-12-02,LQD,133.14999389648438,133.71405670392258,-0.42184256565275374,-0.5693291052770174,0.00233361613324079,0,0,0,
2021-12-03,LQD,134.25999450683594,135.01241241254974,-0.5572953569740522,-0.8212934553089176,0.008336467602202857,0,0,0,
2021-12-06,LQD,133.5800018310547,134.5336408161051,-0.7088479723476399,-1.0841305354856248,-0.005064745297204909,0,0,0,
2021-12-07,LQD,133.63999938964844,134.6262037138186,-0.7325500511524353,-1.1064625536408987,0.00044915075438933805,0,0,0,
2021-12-08,LQD,132.75,133.72809993178186,-0.7314094287444519,-1.0740150897498346,-0.0066596781930049476,0,0,0,
2021-12-09,LQD,132.63999938964844,133.8953898039582,-0.9375904698047048,-1.4069476817060595,-0.000828629833156791,0,0,0,
2021-12-10,LQD,132.7899932861328,133.90274046586566,-0.8310115057103779,-1.171970839877751,0.001130834568565886,0,0,0,
2021-12-13,LQD,133.38999938964844,134.09120191566228,-0.5229295554042921,-0.5962859266171665,0.004518458723186569,0,0,0,
2021-12-14,LQD,132.7899932861328,133.51585453291082,-0.543651725345539,-0.6303884870163938,-0.004498134089969796,0,0,0,
2021-12-15,LQD,132.9600067138672,133.82829637931977,-0.6488087265129038,-0.8056086355202711,0.0012803180686065119,0,0,0,
2021-12-16,LQD,132.6999969482422,133.4903712089521,-0.5920833491973289,-0.6822603153653232,-0.0019555486800219013,0,0,0,
2021-12-17,LQD,133.00999450683594,133.28245415020945,-0.20442273899492158,0.04323413059461738,0.0023360781139629694,0,0,0,
2021-12-20,LQD,132.42999267578125,132.9598068961444,-0.3984769779163449,-0.2886162210616343,-0.004360588339283655,0,0,0,
2021-12-21,LQD,132.69000244140625,132.8799672613491,-0.1429597130839295,0.2374756658801163,0.001963375217135077,0,0,0,
2021-12-22,LQD,132.89999389648438,133.35038314212986,-0.3377487450976727,-0.1073218458751528,0.0015825717930093575,0,0,0,
2021-12-23,LQD,132.6999969482422,132.72793896776173,-0.021052100813777886,0.608147146984679,-0.0015048680017093474,0,0,0,
2021-12-27,LQD,133.08999633789062,132.63683285276034,0.34165734764893313,1.4886684623164126,0.002938955528390519,0,0,0,
2021-12-28,LQD,132.9199981689453,133.0246800634471,-0.07869358862721253,0.5905400722820291,-0.0012773174064392157,0,0,0,
2021-12-29,LQD,132.19000244140625,132.63157529694746,-0.33293192405547267,0.001918730818521081,-0.005491993210917867,0,0,0,
2021-12-30,LQD,132.72000122070312,133.08500754169586,-0.2742655448085514,0.16249695744506534,0.004009371128741668,0,0,0,
2021-12-31,LQD,132.52000427246094,133.40613092786796,-0.6642323326850321,-0.7891862751155899,-0.001506908878863067,0,0,0,
2022-01-03,LQD,131.11000061035156,131.44102575053077,-0.2518430895445675,0.2507058176035603,-0.010639930702163292,0,0,0,
2022-01-04,LQD,131.22000122070312,132.3906742975159,-0.8842564501046032,-1.299378396205446,0.0008389948122911051,0,0,0,
2022-01-05,LQD,130.4499969482422,131.45222761514276,-0.7624295799952804,-0.9728799179088812,-0.005868040430557886,0,0,0,
2022-01-06,LQD,130.27999877929688,130.3906174515156,-0.08483637425818062,0.680698883697912,-0.0013031672895535973,0,0,0,
2022-01-07,LQD,129.72000122070312,130.02005147520677,-0.23077229327267365,0.3206141341928258,-0.0042984154424381416,0,0,0,
2022-01-10,LQD,129.60000610351562,130.7554313103806,-0.8836537001069473,-1.2347293739699592,-0.0009250317303292066,0,0,0,
2022-01-11,LQD,129.99000549316406,131.26667884727274,-0.9725799154209389,-1.400155649362727,0.0030092544080355665,0,0,0,
2022-01-12,LQD,129.89999389648438,130.971539199768,-0.8181512638781845,-1.0032785040850838,-0.0006924501336713629,0,0,0,
2022-01-13,LQD,130.30999755859375,131.42900414318322,-0.8514152502977098,-1.083696233102185,0.0031563023970277992,0,0,0,
2022-01-14,LQD,129.16000366210938,130.32894524761988,-0.8969163245275764,-1.1696707175691543,-0.008825062681528162,0,0,0,
2022-01-18,LQD,127.93000030517578,128.70864250118458,-0.6049649665146901,-0.38240250076625365,-0.009523097879056697,0,0,0,
2022-01-19,LQD,128.1300048828125,128.62061459810036,-0.3814394114200618,0.2249928260071989,0.001563390738369419,0,0,0,
2022-01-20,LQD,128.05999755859375,129.60955393254443,-1.1955572154481369,-1.8900971008755747,-0.0005463772851860282,-1,0,0,
2022-01-21,LQD,128.89999389648438,130.8057615107023,-1.4569447035113934,-2.513143676344005,0.006559396797632289,-1,-1,-1,
2022-01-24,LQD,128.5,130.47574801519255,-1.514264562761882,-2.586314447219385,-0.0031031335564344342,-1,-1,-1,
2022-01-25,LQD,128.13999938964844,130.99868387286904,-2.182223819893398,-3.9992029214313503,-0.0028015611700510368,-1,-1,-1,
2022-01-26,LQD,127.2699966430664,129.13941971572885,-1.4476006449289873,-2.0466729554941483,-0.006789470506680106,-1,-1,0,
2022-01-27,LQD,127.55999755859376,129.127149767362,-1.2136504302864635,-1.420231284180276,0.002278627509833875,0,0,0,
2022-01-28,LQD,127.6999969482422,129.11620789883608,-1.0968498638865656,-1.1122672961986115,0.0010975179705858817,0,0,0,
2022-01-31,LQD,127.76000213623048,129.0635440084175,-1.0100000602044485,-0.9035353635209027,0.0004698918513881267,0,0,0,
2022-02-01,LQD,127.7300033569336,129.15996172161337,-1.107122010272701,-1.1014559690411587,-0.00023480572006329137,0,0,0,
2022-02-02,LQD,127.73999786376952,128.62739880309874,-0.6899004003708791,-0.10055381143412553,7.824713515436343e-05,0,0,0,
2022-02-03,LQD,126.70999908447266,127.93471810432956,-0.9572999714261762,-0.7160495379096232,-0.008063244062328279,0,0,0,
2022-02-04,LQD,125.4499969482422,126.14633048556496,-0.5520045923194254,0.24028198217619948,-0.009943983468822082,0,0,0,
2022-02-07,LQD,125.68000030517578,126.77655554853756,-0.8649511249277878,-0.4838438350743435,0.0018334265645973957,0,0,0,
2022-02-08,LQD,125.20999908447266,125.42094751606632,-0.16819234407923903,1.1849585888208733,-0.0037396659735985383,0,0,0,
2022-02-09,LQD,125.62999725341795,125.6465738994405,-0.013193074437357606,1.5232174716847438,0.0033543500680162097,1,0,0,
2022-02-10,LQD,123.91999816894533,124.46130940587432,-0.43492330228002707,0.5325988792504809,-0.013611391561390018,0,0,0,
2022-02-11,LQD,124.83999633789062,125.03803845873942,-0.15838549875696234,1.1708141343924487,0.007424129943021995,0,0,0,
2022-02-14,LQD,123.7300033569336,124.02103258863988,-0.2346611906317473,0.9827517741379066,-0.008891325004149575,0,0,0,
2022-02-15,LQD,123.11000061035156,123.16053199169777,-0.04102887550827577,1.4019946679008761,-0.005010932916517108,0,0,0,
2022-02-16,LQD,123.29000091552734,123.25327459126616,0.02979744301559006,1.5074376816935933,0.0014621095303661846,1,0,0,
2022-02-17,LQD,123.37999725341795,123.45323511941376,-0.05932437973372331,1.2623396650479193,0.0007299565027358845,0,0,0,
2022-02-18,LQD,123.68000030517578,124.32670915716189,-0.5201688811441135,0.20897545049919689,0.002431537189465427,0,0,0,
2022-02-22,LQD,123.5199966430664,123.596391776921,-0.06181016513206542,1.2128709643772178,-0.0012936906671617843,0,0,0,
2022-02-23,LQD,122.4000015258789,122.58045609411565,-0.14721316430589051,0.9925104254953613,-0.009067318228836552,0,0,0,
2022-02-24,LQD,122.9800033569336,123.17246116494276,-0.1562506798913778,0.943007547483791,0.004738576992027621,0,0,0,
2022-02-25,LQD,123.4800033569336,123.60405124394391,-0.10035907865633016,1.0386376199965965,0.00406570162914055,0,0,0,
2022-02-28,LQD,124.8000030517578,124.89175474912284,-0.07346497576989577,1.0776136976114945,0.010689987519749256,0,0,0,
2022-03-01,LQD,124.97000122070312,125.38930816233136,-0.3344040634512417,0.5116001734164034,0.0013621647819577198,0,0,0,
2022-03-02,LQD,123.06999969482422,123.4414440236568,-0.3009073101586498,0.5714675731073146,-0.01520366093718295,0,0,0,
2022-03-03,LQD,123.5199966430664,124.1118432435578,-0.4768655311402882,0.1885035840019013,0.0036564308877715668,0,0,0,
2022-03-04,LQD,123.63999938964844,123.96133885062342,-0.2592255488319668,0.6543313595166383,0.0009715248530066667,0,0,0,
2022-03-07,LQD,122.13999938964844,123.1688919405226,-0.8353509840544855,-0.5837599835861057,-0.01213199617765115,0,0,0,
2022-03-08,LQD,121.41000366210938,122.52151878353028,-0.9071999208438812,-0.7296903917025898,-0.005976713043941095,0,0,0,
2022-03-09,LQD,121.62000274658205,123.437346619274,-1.4722804098319646,-1.868073633260787,0.0017296687104721986,-1,0,0,
2022-03-10,LQD,120.2300033569336,121.38114747991516,-0.9483714290738947,-0.7606589251650732,-0.011429035999487525,0,0,0,
2022-03-11,LQD,120.18000030517578,121.60141764154297,-1.1689151030765474,-1.2039488710798285,-0.00041589495435145896,0,0,0,
2022-03-14,LQD,118.44000244140624,119.9953674866485,-1.296187576087326,-1.4305842911561937,-0.014478264764113291,0,0,0,
2022-03-15,LQD,119.37000274658205,120.3836306883848,-0.8419981487570739,-0.492996808451141,0.007852079415785918,0,0,0,
2022-03-16,LQD,120.38999938964844,121.1689554064008,-0.6428676504965658,-0.08438862491922432,0.008544832199022467,0,0,0,
2022-03-17,LQD,121.56999969482422,122.48506422325345,-0.7470825395995542,-0.29320783223163016,0.009801481112701405,0,0,0,
2022-03-18,LQD,121.80999755859376,122.57118027605998,-0.6210127990542677,-0.03575899459568693,0.0019741536922925906,0,0,0,
2022-03-21,LQD,120.12000274658205,120.87545449376331,-0.6249835835945063,-0.03042012790657491,-0.013874023855872664,0,0,0,
2022-03-22,LQD,119.83000183105467,119.98968648972632,-0.13308198674668872,0.9613946640276679,-0.002414259980822564,0,0,0,
2022-03-23,LQD,120.16999816894533,120.31743998043376,-0.1225440065151084,0.9815310521323365,0.002837322312403856,0,0,0,
2022-03-24,LQD,120.22000122070312,120.08833202998446,0.10964361690508947,1.4184343839966047,0.0004161026256113143,0,0,0,
2022-03-25,LQD,119.2699966430664,119.02566365858662,0.20527756533299246,1.5868728154420866,-0.007902217334806672,1,0,0,
2022-03-28,LQD,119.93000030517578,119.74352715526469,0.1557271230780644,1.5095796232650183,0.005533693977409326,1,0,0,
2022-03-29,LQD,120.94000244140624,120.89382610708144,0.038195775426858834,1.2649102205747316,0.008421597045446427,0,0,0,
2022-03-30,LQD,121.22000122070312,121.40476730589204,-0.15219013988418936,0.8758803539153189,0.002315187478456826,0,0,0,
2022-03-31,LQD,120.94000244140624,121.4870595594002,-0.45030073159889,0.28999449811098316,-0.0023098397663525727,0,0,0,
2022-04-01,LQD,121.08999633789062,121.42810761024828,-0.2784456408090435,0.6182261596776901,0.0012402339462251888,0,0,0,
2022-04-04,LQD,121.51000213623048,122.04049956758472,-0.4346896589524781,0.3146400373731281,0.003468542497663263,0,0,0,
2022-04-05,LQD,119.37999725341795,120.03369669874206,-0.544596611870372,0.08525671880890832,-0.017529461323064432,0,0,0,
2022-04-06,LQD,118.68000030517578,119.48830837999635,-0.67647461561678,-0.1809457592297041,-0.005863603320045541,0,0,0,
2022-04-07,LQD,118.12999725341795,118.91813668503596,-0.6627579724911564,-0.13630754535818426,-0.004634336453855248,0,0,0,
2022-04-08,LQD,117.1999969482422,118.1994392034118,-0.8455558350405007,-0.486135889125838,-0.007872685404204938,0,0,0,
2022-04-11,LQD,116.05999755859376,116.28916421746594,-0.19706621886422881,0.7994787827293992,-0.00972695750283925,0,0,0,
2022-04-12,LQD,116.13999938964844,116.36695869425978,-0.19503758382794015,0.7785466215798381,0.0006893144299291443,0,0,0,
2022-04-13,LQD,116.73999786376952,116.5779291910264,0.13902174611246484,1.4003109173255748,0.005166165638662346,0,0,0,
2022-04-14,LQD,115.37999725341795,115.56389961021716,-0.15913477947653956,0.7847395739968569,-0.011649825554550963,0,0,0,
2022-04-18,LQD,114.5,114.86147131287392,-0.3147019698966736,0.4593239398424864,-0.007626948122430144,0,0,0,
2022-04-19,LQD,113.58999633789062,114.15649966031656,-0.4962514829305511,0.0956772949707714,-0.007947630236763148,0,0,0,
2022-04-20,LQD,114.7699966430664,115.1107370791492,-0.29601099317825275,0.48976895225117406,0.010388241422824684,0,0,0,
2022-04-21,LQD,113.5500030517578,113.48254637876208,0.059442332894586954,1.1580283961470348,-0.01062990003478681,0,0,0,
2022-04-22,LQD,113.41999816894533,113.35042209232095,0.06138140056302954,1.1346568219697795,-0.0011449130719372036,0,0,0,
2022-04-25,LQD,114.68000030517578,114.27262727116448,0.3564922271758222,1.69189967818278,0.011109170839110893,1,0,0,
2022-04-26,LQD,114.62000274658205,114.387888885701,0.20291821375685706,1.4301782068975897,-0.0005231736870777715,0,0,0,
2022-04-27,LQD,113.5199966430664,113.18948940900474,0.2919946328827392,1.6058032061165237,-0.009596982002763377,1,0,0,
2022-04-28,LQD,113.86000061035156,113.57976746924209,0.24672804615959912,1.4647002906645574,0.0029951019850202876,0,0,0,
2022-04-29,LQD,112.5999984741211,112.36872860538988,0.20581337139034314,1.3324349213236635,-0.01106624037832582,0,0,0,
2022-05-02,LQD,111.68000030517578,111.01584357510087,0.5982540047318682,2.1530182450873263,-0.008170498946825089,1,1,0,
2022-05-03,LQD,112.4000015258789,111.40853892923296,0.8899341165184165,2.6588968139256757,0.006447002316759098,1,1,1,
2022-05-04,LQD,113.5,112.8197577681044,0.6029460134933192,1.924360105038163,0.00978646316003684,1,0,0,
2022-05-05,LQD,111.76000213623048,110.86003621790448,0.8118037383255468,2.2585478070741174,-0.015330377654356964,1,1,0,
2022-05-06,LQD,110.80999755859376,110.27640476053163,0.4838685113291848,1.5052018631020838,-0.008500398706853152,1,0,0,
2022-05-09,LQD,111.1999969482422,110.51838605239632,0.6167398205785682,1.71520091876517,0.0035195325172912018,1,0,0,
2022-05-10,LQD,111.66999816894533,111.15547232888628,0.4628884473961607,1.3561687237726692,0.004226629798577131,0,0,0,
2022-05-11,LQD,112.19000244140624,112.00580491766635,0.1644535512023536,0.7413430902698017,0.004656615751656101,0,0,0,
2022-05-12,LQD,112.23999786376952,112.04205329856204,0.1766698836552107,0.7443948543978192,0.00044563170759714943,0,0,0,
2022-05-13,LQD,111.6500015258789,111.77939631804064,-0.11575907226549355,0.15212228598124378,-0.005256560487525208,0,0,0,
2022-05-16,LQD,111.8000030517578,111.25483998842654,0.49001289596746567,1.3329636714432596,0.0013434977503705703,0,0,0,
2022-05-17,LQD,111.16000366210938,111.04710794115562,0.1016647106321606,0.5542819016109664,-0.005724502434513723,0,0,0,
2022-05-18,LQD,111.56999969482422,111.598288924676,-0.02534916092743447,0.30383584561695165,0.003688341302696463,0,0,0,
2022-05-19,LQD,111.87000274658205,111.95130939349106,-0.07262679404957487,0.21027529114532478,0.002688922224418855,0,0,0,
2022-05-20,LQD,112.41999816894533,111.9650313630023,0.40634723217107,1.1258834915111438,0.0049163798056677255,0,0,0,
2022-05-23,LQD,112.0199966430664,111.93128019149636,0.07925974885507514,0.47468281260507256,-0.003558099380839619,0,0,0,
2022-05-24,LQD,113.48999786376952,113.30207552710016,0.16585957123478398,0.63358257466847,0.01312266795889161,0,0,0,
2022-05-25,LQD,114.66000366210938,114.81967223510112,-0.13906029331351502,0.03366540583773351,0.01030932963576503,0,0,0,
2022-05-26,LQD,114.69000244140624,115.41039639731731,-0.6242019596146394,-0.897724515883378,0.0002616324641437906,0,0,0,
2022-05-27,LQD,115.29000091552734,116.174929857484,-0.7617210899479201,-1.1331269688135925,0.0052314801756816465,0,0,0,
2022-05-31,LQD,114.44000244140624,115.12814704775155,-0.5977205609501361,-0.8044126700596081,-0.007372698997061278,0,0,0,
2022-06-01,LQD,113.5,114.67398613486388,-1.023759768395248,-1.5700058894498337,-0.008213932378125621,-1,0,0,
2022-06-02,LQD,113.5500030517578,114.3817878390455,-0.7272003725437166,-0.9975165507895405,0.00044055552209520954,0,0,0,
2022-06-03,LQD,113.19000244140624,113.6939270597513,-0.44322914281976733,-0.4589937015776423,-0.003170414801199728,0,0,0,
2022-06-06,LQD,112.38999938964844,113.04112213379057,-0.5760052022232119,-0.720589864040502,-0.007067788978730061,0,0,0,
2022-06-07,LQD,112.98999786376952,113.51563582304244,-0.4630533542465774,-0.5275894025759886,0.005338539704417444,0,0,0,
2022-06-08,LQD,112.33999633789062,112.5868003954387,-0.21921224928786112,-0.10519679833965946,-0.005752735093088379,0,0,0,
2022-06-09,LQD,111.5999984741211,112.22910691492088,-0.5605572904333099,-0.8165373881455033,-0.006587127362402634,0,0,0,
2022-06-10,LQD,110.5199966430664,111.13034493523352,-0.5492183908210009,-0.8384223204308121,-0.00967743589445591,0,0,0,
2022-06-13,LQD,107.97000122070312,108.61942705035676,-0.5978910470155202,-1.0052708821791578,-0.023072706295845347,0,0,0,
2022-06-14,LQD,107.41000366210938,107.67459304722966,-0.24573056431634785,-0.2580981554732002,-0.005186603244071941,0,0,0,
2022-06-15,LQD,109.08999633789062,108.95357163805852,0.1252136095963013,0.549194703158588,0.015640933046294103,0,0,0,
2022-06-16,LQD,109.20999908447266,109.26158734289976,-0.04721536606017007,0.1373315228236595,0.0011000343808824642,0,0,0,
2022-06-17,LQD,109.43000030517578,109.5039412544112,-0.06752355064886094,0.07140033612057309,0.0020144787340667936,0,0,0,
2022-06-21,LQD,108.33000183105467,108.75437203583964,-0.3902097882052172,-0.6919244901920633,-0.010052074120930787,0,0,0,
2022-06-22,LQD,109.12000274658205,109.72499322517052,-0.5513698026364459,-1.0441757545080226,0.007292540405929415,0,0,0,
2022-06-23,LQD,109.95999908447266,110.30872788286484,-0.316138899509835,-0.49046222412813695,0.007697913459930872,0,0,0,
2022-06-24,LQD,110.08999633789062,110.773753945238,-0.6172559681288727,-1.1504927008620955,0.001182223122047299,0,0,0,
2022-06-27,LQD,109.08000183105467,109.27979000148866,-0.1828226156284421,-0.14020982209252356,-0.00917426233475438,0,0,0,
2022-06-28,LQD,109.0500030517578,109.5236163456544,-0.4324302919307291,-0.6934527634306555,-0.0002750163072360312,0,0,0,
2022-06-29,LQD,109.6999969482422,110.30727329326642,-0.550531553263667,-0.9382478658040391,0.00596051240985207,0,0,0,
2022-06-30,LQD,110.02999877929688,109.87603092585432,0.1401286997220088,0.6300662516234172,0.0030082209684141326,0,0,0,
2022-07-01,LQD,111.12000274658205,111.2715137876401,-0.13616336823386258,-0.011763895892933402,0.009906425332890878,0,0,0,
2022-07-05,LQD,111.08999633789062,111.48365042658077,-0.3531047711335825,-0.5055444209854792,-0.00027003606866216057,0,0,0,
2022-07-06,LQD,110.54000091552734,111.22962701826944,-0.620002171389845,-1.1028750665294853,-0.004950899635376871,0,0,0,
2022-07-07,LQD,110.52999877929688,111.0108725892669,-0.43317721836961226,-0.6841889572393518,-9.048431470626284e-05,0,0,0,
2022-07-08,LQD,110.3499984741211,110.31132556876946,0.035057964494790476,0.36286441455545226,-0.0016285199236742987,0,0,0,
2022-07-11,LQD,110.66000366210938,110.15487924910286,0.45855836477677114,1.298248514478966,0.0028092903695053906,0,0,0,
2022-07-12,LQD,110.81999969482422,111.0900287073201,-0.24307223216883506,-0.3503065207161735,0.0014458343341772206,0,0,0,
2022-07-13,LQD,111.6500015258789,112.07134481694688,-0.37595987784047413,-0.6554097457820217,0.00748963935517355,0,0,0,
2022-07-14,LQD,110.94000244140624,111.42729572401493,-0.43731949110173696,-0.7871286732296707,-0.006359149796411834,0,0,0,
2022-07-15,LQD,111.83000183105467,112.52935482632375,-0.6214849417278295,-1.1798163980262382,0.008022348747634966,0,0,0,
2022-07-18,LQD,111.0500030517578,111.99151894369771,-0.840702850376777,-1.6274583789360872,-0.006974861544536526,-1,0,0,
2022-07-19,LQD,111.36000061035156,112.56540977284904,-1.0708521960075708,-2.05163906103124,0.0027915132829783307,-1,-1,0,
2022-07-20,LQD,111.23999786376952,111.73756873886632,-0.44530311578519727,-0.6810260491733099,-0.001077610864981371,0,0,0,
2022-07-21,LQD,112.76000213623048,113.21097025398528,-0.3983431258852959,-0.5732619734606543,0.013664188256479859,0,0,0,
2022-07-22,LQD,113.62999725341795,114.32321876053474,-0.6063698298845434,-0.9998433436320928,0.0077154585021770306,0,0,0,
2022-07-25,LQD,112.66999816894533,113.06385130414884,-0.34834576273545165,-0.42331380414664044,-0.00844846526161247,0,0,0,
2022-07-26,LQD,112.6500015258789,112.78368139609582,-0.11852767045919163,0.09517577375601424,-0.00017747974963522317,0,0,0,
2022-07-27,LQD,113.4000015258789,114.032080552474,-0.554299302032142,-0.8378232454483906,0.006657789523666358,0,0,0,
2022-07-28,LQD,114.33999633789062,114.90961557354451,-0.4957106790504583,-0.6846066283467565,0.008289195761582047,0,0,0,
2022-07-29,LQD,114.61000061035156,115.52141892535616,-0.7889604572754654,-1.2889492885501697,0.002361415787202281,0,0,0,
2022-08-01,LQD,114.55999755859376,114.86895110000064,-0.26896175028003494,-0.12996050872164275,-0.00043628873127565804,0,0,0,
2022-08-02,LQD,113.16000366210938,113.60543489024244,-0.392086196019939,-0.37724324991039726,-0.01222061737360236,0,0,0,
2022-08-03,LQD,114.38999938964844,114.7152398395716,-0.28351982733767866,-0.09346898730278501,0.010869527109700128,0,0,0,
2022-08-04,LQD,114.56999969482422,114.93072269068055,-0.3138612438966115,-0.1360436519510961,0.001573566798987791,0,0,0,
2022-08-05,LQD,113.0199966430664,113.4646362761121,-0.3918750790014272,-0.300243715486643,-0.013528873665763275,0,0,0,
2022-08-08,LQD,113.47000122070312,113.91725795104313,-0.3926154284122722,-0.2745561418489665,0.003981636798821464,0,0,0,
2022-08-09,LQD,112.95999908447266,113.36794969284922,-0.3598465081902229,-0.1504200188546697,-0.004494598843252873,0,0,0,
2022-08-10,LQD,114.02999877929688,114.07030586099526,-0.03533529729244767,0.8375060150878952,0.009472376978544972,0,0,0,
2022-08-11,LQD,112.93000030517578,113.05836632934464,-0.11353960643206051,0.6256260708917852,-0.009646570954105926,0,0,0,
2022-08-12,LQD,114.23999786376952,114.09706188284096,0.12527577710574847,1.3567369321164555,0.01160008461041051,0,0,0,
2022-08-15,LQD,114.16000366210938,114.23411939062474,-0.0648805531225979,0.7745562737559929,-0.0007002293693626482,0,0,0,
2022-08-16,LQD,113.72000122070312,114.02961777563424,-0.271522926210553,0.19362815523475188,-0.0038542609258191973,0,0,0,
2022-08-17,LQD,112.6500015258789,112.79327441344624,-0.127022544839123,0.6755812388635952,-0.009409072136286833,0,0,0,
2022-08-18,LQD,112.94000244140624,113.8036434481102,-0.7588869569872275,-1.3240668747415762,0.002574353409668717,0,0,0,
2022-08-19,LQD,111.5999984741211,112.00664548840795,-0.3630561494933322,-0.03595144198684011,-0.011864741794921918,0,0,0,
2022-08-22,LQD,110.8499984741211,111.06670266528396,-0.19511175353420898,0.5660576899644995,-0.006720430199413596,0,0,0,
2022-08-23,LQD,110.97000122070312,110.766152549391,0.18403516473250559,1.8327023506818834,0.00108256877071633,1,0,0,
2022-08-24,LQD,110.63999938964844,111.0189882237883,-0.34137298511125685,0.09173442904232763,-0.002973793164139593,0,0,0,
2022-08-25,LQD,111.77999877929688,111.61818204998224,0.1449734499726721,1.7242151995042048,0.010303682175861306,1,0,0,
2022-08-26,LQD,111.11000061035156,111.21678783074584,-0.09601717733189193,0.8784751554991421,-0.005993900306513589,0,0,0,
2022-08-29,LQD,110.29000091552734,110.4114869327763,-0.11003023383148669,0.8042675750683371,-0.007380071013588174,0,0,0,
2022-08-30,LQD,110.43000030517578,110.4707856034764,-0.03691953313975158,1.021889858989094,0.0012693751789489838,0,0,0,
2022-08-31,LQD,109.2699966430664,109.45813220836676,-0.1718790203200416,0.5378974808368249,-0.010504425055724687,0,0,0,
2022-09-01,LQD,108.30999755859376,108.11249065438608,0.18268648054652192,1.740814171031129,-0.008785568902399676,1,0,0,
2022-09-02,LQD,108.38999938964844,108.1251337798068,0.24496211064212436,1.8706613838818758,0.0007386375483149354,1,0,0,
2022-09-06,LQD,106.91999816894533,106.60485474356145,0.29561826817545905,1.9494641564467208,-0.013562148066987634,1,0,0,
2022-09-07,LQD,108.37999725341795,108.04376838444742,0.31119691028745694,1.906979728003738,0.013655060881741399,1,0,0,
2022-09-08,LQD,108.12999725341795,108.09843807861904,0.02919484810313527,0.9627759539194451,-0.0023066987113447013,0,0,0,
2022-09-09,LQD,108.37999725341795,108.77985384039866,-0.36758330965159386,-0.3400379961011378,0.002312031872285125,0,0,0,
2022-09-12,LQD,108.13999938964844,108.54019483389077,-0.36870713642516023,-0.3552869133417632,-0.002214411052330445,0,0,0,
2022-09-13,LQD,107.36000061035156,108.25026532480634,-0.8224134248387492,-1.806791059185829,-0.007212860955236322,-1,0,0,
2022-09-14,LQD,107.87000274658205,108.12404997585108,-0.23495903947898175,0.09487028197625637,0.004750392449059948,0,0,0,
2022-09-15,LQD,107.3499984741211,107.54196358512036,-0.17850251622690602,0.29696586227592453,-0.004820656894601094,0,0,0,Gilt/LDI stress (Sep 2022)
2022-09-16,LQD,107.0999984741211,107.39193224328793,-0.2718395721807844,0.0026524213816698098,-0.002328830959976824,0,0,0,Gilt/LDI stress (Sep 2022)
2022-09-19,LQD,107.27999877929688,107.60818660392552,-0.30498406764961716,-0.09442443865433092,0.0016806751422995259,0,0,0,Gilt/LDI stress (Sep 2022)
2022-09-20,LQD,106.20999908447266,106.8587794219409,-0.6071380760456516,-1.072673376305663,-0.009973897343394711,0,0,0,Gilt/LDI stress (Sep 2022)
2022-09-21,LQD,106.61000061035156,107.03381503562989,-0.39596311234654363,-0.39068206618632867,0.0037661381162499286,0,0,0,Gilt/LDI stress (Sep 2022)
2022-09-22,LQD,105.11000061035156,105.70932861918716,-0.5669584857497767,-0.9343432922032042,-0.014069974593493795,0,0,0,Gilt/LDI stress (Sep 2022)
2022-09-23,LQD,104.80999755859376,105.16257866695088,-0.33527240661693547,-0.19284727524873532,-0.0028541818096826654,0,0,0,Gilt/LDI stress (Sep 2022)
2022-09-26,LQD,102.98999786376952,102.8927594744582,0.0945045985820342,1.1989707824471099,-0.01736475276422733,0,0,0,Gilt/LDI stress (Sep 2022)
2022-09-27,LQD,101.44000244140624,101.44665264349337,-0.0065553686729320345,0.843663769279202,-0.01504996071961806,0,0,0,Gilt/LDI stress (Sep 2022)
2022-09-28,LQD,103.4800033569336,103.37413725441868,0.1024106273838663,1.159912997071908,0.020110418635939098,0,0,0,Gilt/LDI stress (Sep 2022)
2022-09-29,LQD,102.70999908447266,102.34937496182832,0.3523461894895159,1.9249605480035683,-0.007441092457302734,1,0,0,Gilt/LDI stress (Sep 2022)
2022-09-30,LQD,102.4499969482422,102.11550998658144,0.327557451071548,1.7767671042186526,-0.0025314199060270104,1,0,0,Gilt/LDI stress (Sep 2022)
2022-10-03,LQD,104.0,103.41112090114548,0.5694543234063297,2.3678264261470376,0.015129361619609094,1,1,0,Rates vol spike (Oct 2022)
2022-10-04,LQD,104.4800033569336,104.34742527288932,0.12705448524249718,1.0248290177352215,0.00461541689359235,0,0,0,Rates vol spike (Oct 2022)
2022-10-05,LQD,103.69000244140624,104.27209698160132,-0.5582457407543999,-0.9989328691888828,-0.007561264262487488,0,0,0,Rates vol spike (Oct 2022)
2022-10-06,LQD,103.4499969482422,103.43909371029255,0.010540732288495877,0.6831908057026927,-0.002314644493326745,0,0,0,Rates vol spike (Oct 2022)
2022-10-07,LQD,102.41999816894533,102.31702332663106,0.10064292232734014,0.9919147858480902,-0.009956489218769127,0,0,0,Rates vol spike (Oct 2022)
2022-10-10,LQD,101.5,101.31552249877453,0.18208216932178806,1.2040546440717719,-0.00898260286460617,0,0,0,Rates vol spike (Oct 2022)
2022-10-11,LQD,101.29000091552734,100.85082768719252,0.435468144790046,1.872502946081603,-0.002068956497267571,1,0,0,Rates vol spike (Oct 2022)
2022-10-12,LQD,101.16999816894533,101.00838461533009,0.16000013685073003,1.0360947828746063,-0.0011847442540956488,0,0,0,Rates vol spike (Oct 2022)
2022-10-13,LQD,101.3499984741211,100.94147272256684,0.4047154658393639,1.680126797853068,0.0017791866011025448,1,0,0,Rates vol spike (Oct 2022)
2022-10-14,LQD,100.37999725341795,99.3940529812299,0.9919549939011347,3.1040833851342717,-0.009570806465782233,1,1,1,Rates vol spike (Oct 2022)
2022-10-17,LQD,100.86000061035156,99.93628879501776,0.9243006984464427,2.793356085502485,0.004781862622707633,1,1,1,Rates vol spike (Oct 2022)
2022-10-18,LQD,101.45999908447266,100.4758314922417,0.9795067904533377,2.7174987512477884,0.005948824811523146,1,1,1,Rates vol spike (Oct 2022)
2022-10-19,LQD,100.06999969482422,98.86069987335507,1.223236152503787,3.0266473207039577,-0.013699974395733672,1,1,1,Rates vol spike (Oct 2022)
2022-10-20,LQD,99.1999969482422,98.63457938982248,0.5732447605267194,1.4567285422402076,-0.008693941733138755,0,0,0,Rates vol spike (Oct 2022)
2022-10-21,LQD,99.4800033569336,99.03353166709046,0.45082880750328924,1.1347244803053347,0.0028226453357400594,0,0,0,Rates vol spike (Oct 2022)
2022-10-24,LQD,99.43000030517578,99.37872330900322,0.05159755978462599,0.20601640236328278,-0.0005026442508089257,0,0,0,Rates vol spike (Oct 2022)
2022-10-25,LQD,100.76000213623048,100.43781801847643,0.320779686486996,0.801054709161024,0.013376262968647135,0,0,0,Rates vol spike (Oct 2022)
2022-10-26,LQD,101.22000122070312,100.81243244785756,0.40428423652645074,0.9642360323172845,0.004565294508933393,0,0,0,Rates vol spike (Oct 2022)
2022-10-27,LQD,101.69000244140624,101.11075376127036,0.572885334732568,1.324248799259165,0.004643363120282018,0,0,0,Rates vol spike (Oct 2022)
2022-10-28,LQD,101.9000015258789,101.13461863965352,0.7567961361998802,1.685744653138385,0.0020650907604577995,1,0,0,Rates vol spike (Oct 2022)
2022-10-31,LQD,101.3499984741211,100.93093669538946,0.4151965615818704,0.8668151007945395,-0.005397478346633067,0,0,0,Rates vol spike (Oct 2022)
2022-11-01,LQD,101.7699966430664,101.30653056542558,0.45748884603398426,0.9352099232805848,0.0041440372498136036,0,0,0,
2022-11-02,LQD,101.27999877929688,100.38385335612648,0.8927186925084334,1.8541451056632126,-0.004814757589980845,1,0,0,
2022-11-03,LQD,100.91999816894533,99.81838766757234,1.1036148019558374,2.204484036682905,-0.0035545084388877157,1,1,0,
2022-11-04,LQD,101.12000274658205,100.1119176866506,1.0069580957251694,1.9037000067898966,0.0019818131318423138,1,0,0,
2022-11-07,LQD,100.75,99.85343264420716,0.8978833596912431,1.6063849565303947,-0.003659046049566572,1,0,0,
2022-11-08,LQD,101.16999816894533,100.68587651092976,0.480823800508917,0.7051216387096053,0.004168716317075161,0,0,0,
2022-11-09,LQD,100.91000366210938,100.91322273359322,-0.0031899402245223352,-0.3194366144263207,-0.0025698775481025615,0,0,0,
2022-11-10,LQD,104.29000091552734,104.36309809452123,-0.07004121219905407,-0.4532921765190238,0.03349516530329022,0,0,0,
2022-11-11,LQD,104.56999969482422,104.99548665262412,-0.4052430931699201,-1.1380839599568284,0.002684809443272318,0,0,0,
2022-11-14,LQD,104.04000091552734,104.54268815187436,-0.4808439932372277,-1.2794106998853616,-0.005068363592269476,0,0,0,
2022-11-15,LQD,105.48999786376952,105.79774980816262,-0.29088704150242695,-0.8767753961176243,0.013936917872765742,0,0,0,
2022-11-16,LQD,106.38999938964844,106.94524626075734,-0.5191879868648724,-1.3737737653198747,0.008531629008478925,0,0,0,
2022-11-17,LQD,105.81999969482422,106.79446145948934,-0.9124647021463446,-2.115947351172272,-0.005357643557611258,-1,-1,0,
2022-11-18,LQD,105.80999755859376,106.4231794465436,-0.5761732464099486,-1.40216360855714,-9.452028217071806e-05,0,0,0,
2022-11-21,LQD,105.6500015258789,106.02566224403772,-0.35431112638953344,-0.9332766900452082,-0.0015121069502553874,0,0,0,
2022-11-22,LQD,106.58999633789062,106.91109267611714,-0.3003395907656272,-0.8279999110586009,0.008897253179702691,0,0,0,
2022-11-23,LQD,107.66000366210938,108.45638702505332,-0.7342890398515473,-1.62908618095967,0.010038534205656813,-1,0,0,
2022-11-25,LQD,107.7699966430664,108.34593496717282,-0.5315735419892936,-1.2069734260747134,0.001021669860816976,0,0,0,
2022-11-28,LQD,106.98999786376952,106.79807556818535,0.17970576207773545,0.156790975902858,-0.007237624604185866,0,0,0,
2022-11-29,LQD,106.45999908447266,106.54533661214862,-0.08009503783972302,-0.3435884072700411,-0.0049537226832334635,0,0,0,
2022-11-30,LQD,107.76000213623048,107.94929850545122,-0.1753567386185308,-0.5273888462980572,0.012211187891578934,0,0,0,
2022-12-01,LQD,108.76000213623048,109.44331099707402,-0.6243495875794614,-1.3492597209776434,0.00927988103355637,0,0,0,
2022-12-02,LQD,109.41999816894533,110.05578128416302,-0.5776917012438494,-1.2213991383917764,0.006068370906136433,0,0,0,
2022-12-05,LQD,108.48999786376952,109.39070691007925,-0.8233871704020748,-1.616578716887936,-0.008499363194467313,-1,0,0,
2022-12-06,LQD,108.81999969482422,109.84740746767172,-0.9353045251886025,-1.7443944159071132,0.0030417719379909336,-1,0,0,
2022-12-07,LQD,110.02999877929688,110.76123482091212,-0.660191305015306,-1.2148367450372668,0.011119271162157496,0,0,0,
2022-12-08,LQD,109.68000030517578,110.18191932948714,-0.45553665008360217,-0.8470294887911008,-0.0031809368172687202,0,0,0,
2022-12-09,LQD,108.86000061035156,109.4062292514054,-0.49926649039211557,-0.9181499206552621,-0.007476291872197671,0,0,0,
2022-12-12,LQD,108.72000122070312,108.90263151098596,-0.16770053005046695,-0.3564023272491134,-0.001286049870140471,0,0,0,
2022-12-13,LQD,109.66999816894533,109.38274048854858,0.26261700805240146,0.4039367798530498,0.008738014510445868,0,0,0,
2022-12-14,LQD,109.7699966430664,109.8262211004623,-0.051194019818335115,-0.16485962838025275,0.000911812490112629,0,0,0,
2022-12-15,LQD,109.52999877929688,109.61006432543982,-0.07304579797091171,-0.21039930758434724,-0.0021863703298626858,0,0,0,
2022-12-16,LQD,109.05999755859376,109.22673044992209,-0.15264843197404498,-0.3593416115999,-0.00429107300229381,0,0,0,
2022-12-19,LQD,107.95999908447266,108.22329981443076,-0.24329393985360134,-0.5388231947165942,-0.010086177322075618,0,0,0,
2022-12-20,LQD,106.69000244140624,107.20594542930212,-0.48126340925385175,-0.9689435807595844,-0.011763585159654588,0,0,0,
2022-12-21,LQD,107.41999816894533,107.64982068399982,-0.21349084800533497,-0.49522367394086797,0.006842213054967461,0,0,0,
2022-12-22,LQD,107.38999938964844,107.08146982039464,0.28812601262504367,0.4099400930144651,-0.0002792662428620085,0,0,0,
2022-12-23,LQD,107.05999755859376,106.6468809054636,0.38736871591806293,0.5827288792339868,-0.0030729288847214375,0,0,0,
2022-12-27,LQD,105.68000030517578,105.63596803055576,0.04168303224833968,-0.05426808113454221,-0.012889942881445626,0,0,0,
2022-12-28,LQD,105.3499984741211,105.22156404120692,0.12206094262567553,0.09295870911418234,-0.0031226516852926878,0,0,0,
2022-12-29,LQD,106.0999984741211,105.62498944479036,0.44971273543087076,0.691393240341033,0.007119126823568411,0,0,0,
2022-12-30,LQD,105.43000030517578,104.50409063918748,0.8860032753981953,1.4528185730664744,-0.006314780193976466,0,0,0,
2023-01-03,LQD,106.16000366210938,105.7681065264416,0.37052486665231466,0.5293257769153475,0.006924057240069503,0,0,0,
2023-01-04,LQD,106.93000030517578,106.94075649173854,-0.010058079740243588,-0.15716217688590156,0.007253170841225565,0,0,0,
2023-01-05,LQD,106.8499984741211,107.63544928354236,-0.7297324577074629,-1.4482358480520547,-0.0007481701190158452,0,0,0,
2023-01-06,LQD,108.5999984741211,109.10306878131478,-0.46109638602561304,-0.9437449297481496,0.01637810037427223,0,0,0,
2023-01-09,LQD,109.02999877929688,110.03791014115724,-0.9159673793944392,-1.6879325298728591,0.003959487211947277,-1,0,0,
2023-01-10,LQD,108.66000366210938,109.7270816803784,-0.9724837313884802,-1.7126971920230314,-0.003393516658992679,-1,0,0,
2023-01-11,LQD,109.58999633789062,110.6792488729568,-0.9841524460619341,-1.66184644984609,0.008558739595418752,-1,0,0,
2023-01-12,LQD,110.83000183105467,112.39884187433329,-1.3957795446261296,-2.215394485867124,0.011314951497405135,-1,-1,0,
2023-01-13,LQD,110.47000122070312,112.38126022959146,-1.7006919169474457,-2.5188701256459174,-0.003248223444950571,-1,-1,-1,
2023-01-17,LQD,110.06999969482422,111.63057382808826,-1.3979809291917948,-1.9756446938565155,-0.0036209063226111393,-1,0,0,
2023-01-18,LQD,111.36000061035156,112.65746601474169,-1.1516905628077463,-1.553687083371652,0.011719823013572661,-1,0,0,
2023-01-19,LQD,111.12999725341795,112.76171051116886,-1.4470455000674047,-1.9242082061182033,-0.0020654036967761025,-1,0,0,
2023-01-20,LQD,110.5500030517578,112.24037856271164,-1.506031548182444,-1.9549735974538311,-0.005219060703632983,-1,0,0,
2023-01-23,LQD,110.2300033569336,111.82017166230077,-1.4220764301538662,-1.7556143224684628,-0.0028946149795616716,-1,0,0,
2023-01-24,LQD,110.80999755859376,111.85289845096013,-0.9323861131981328,-1.0002700005379208,0.00526167272064848,0,0,0,
2023-01-25,LQD,110.86000061035156,111.53453212070146,-0.6047736943208971,-0.5008575492715919,0.00045125036422244413,0,0,0,
2023-01-26,LQD,110.81999969482422,111.5481250235824,-0.6527454662319504,-0.5508911820324124,-0.0003608236993245528,0,0,0,
2023-01-27,LQD,110.5,110.96640713656156,-0.4203138126185972,-0.18863645909352114,-0.002887562675558897,0,0,0,
2023-01-30,LQD,110.08000183105467,110.64356798525812,-0.5093528385477689,-0.2999294752881929,-0.0038008884067450843,0,0,0,
2023-01-31,LQD,110.87000274658205,110.64463402456867,0.2036869876250195,0.8060199522888261,0.007176607034762084,0,0,0,
2023-02-01,LQD,111.6500015258789,111.39123100271298,0.23230780451615526,0.8584171849440074,0.007035255343861735,0,0,0,
2023-02-02,LQD,111.80999755859376,111.90971377419056,-0.08910416462864473,0.37900770720460764,0.001433014156097201,0,0,0,
2023-02-03,LQD,110.54000091552734,110.34673809042754,0.1751414028581722,0.8305510524500109,-0.011358524915456525,0,0,0,
2023-02-06,LQD,109.69000244140624,108.98959637443612,0.6426357104432769,1.6301214342866972,-0.007689510286603474,1,0,0,
2023-02-07,LQD,109.33000183105467,108.85224778179852,0.43890140901255237,1.3467819692530876,-0.0032819819704522635,0,0,0,
2023-02-08,LQD,109.44000244140624,108.5557390620462,0.8145708250897958,1.992149948305511,0.0010061338014202281,1,0,0,
2023-02-09,LQD,108.5199966430664,108.00001564096073,0.4814638211112161,1.4274304122014043,-0.008406485542911013,0,0,0,
2023-02-10,LQD,107.76000213623048,106.87685025945947,0.826326631657863,1.9335931715279366,-0.007003266958582999,1,0,0,
2023-02-13,LQD,108.16000366210938,107.3047690236245,0.7970145653979112,1.8147772247980445,0.0037119665733971186,1,0,0,
2023-02-14,LQD,107.88999938964844,107.46365679221157,0.39673189072770393,1.1396925938089104,-0.0024963411919292078,0,0,0,
2023-02-15,LQD,107.4800033569336,107.00573327612116,0.4432193175935806,1.177248950977696,-0.0038001300865164733,0,0,0,
2023-02-16,LQD,106.62000274658205,105.8281708688165,0.7482240988054989,1.5960188290955468,-0.008001494077884863,1,0,0,
2023-02-17,LQD,107.04000091552734,106.6027961101335,0.4101250824060581,1.0450884785950834,0.003939206135114892,0,0,0,
2023-02-21,LQD,105.5199966430664,105.2683886870029,0.23901568096726675,0.758544475407744,-0.014200338746824914,0,0,0,
2023-02-22,LQD,105.81999969482422,105.93405518924648,-0.10766650461790117,0.21709466028397043,0.0028430919380391106,0,0,0,
2023-02-23,LQD,106.6500015258789,106.8944434283528,-0.22867596727582457,0.028612033242417487,0.007843525169612064,0,0,0,
2023-02-24,LQD,105.8499984741211,106.53319812578373,-0.641302113972003,-0.5938319669605554,-0.007501200565512289,0,0,0,
2023-02-27,LQD,105.87999725341795,107.1746545002,-1.2079882625417147,-1.4303045773666752,0.000283408405567398,0,0,0,
2023-02-28,LQD,105.91999816894533,106.43431207499256,-0.4832219009268877,-0.33778213199411394,0.0003777948296657119,0,0,0,
2023-03-01,LQD,104.88999938964844,105.1285552340911,-0.22691821828185743,0.05916297185371756,-0.009724308885032396,0,0,0,
2023-03-02,LQD,104.9800033569336,105.2050769256369,-0.21393793463256472,0.08210020701743134,0.0008580795863180057,0,0,0,
2023-03-03,LQD,106.16999816894533,106.7537154395209,-0.5467887166009403,-0.41312033417973887,0.011335442693459763,0,0,0,
2023-03-06,LQD,105.87999725341795,106.4473074962624,-0.5329493588782054,-0.39476770136127065,-0.002731477070065491,0,0,0,
2023-03-07,LQD,105.58000183105467,105.69934796814954,-0.11291094920550321,0.2310892686221744,-0.0028333531369977294,0,0,0,
2023-03-08,LQD,105.41000366210938,105.55027740552734,-0.13289756016370116,0.185156063985193,-0.001610136067409118,0,0,0,
2023-03-09,LQD,105.30999755859376,105.20305958752314,0.10164910744031644,0.5215464408444452,-0.0009487344658120067,0,0,0,
2023-03-10,LQD,106.81999969482422,107.02382282783748,-0.19044650772859836,0.06142116200545911,0.014338639931980923,0,0,0,
2023-03-13,LQD,106.91000366210938,106.53209556014691,0.35473638247273404,0.8775625322515483,0.0008425759927195298,0,0,0,
2023-03-14,LQD,106.58999633789062,106.17988713088288,0.38624001031591587,0.8996845516428507,-0.0029932402325055785,0,0,0,
2023-03-15,LQD,107.61000061035156,107.43150794299132,0.16614554778004512,0.5543635805734113,0.009569418402337826,0,0,0,
2023-03-16,LQD,107.4499969482422,107.08821853698052,0.33783213149329744,0.8127363561349125,-0.0014868846873138386,0,0,0,
2023-03-17,LQD,107.98999786376952,107.44641885123124,0.5059070542787522,1.0456931007617494,0.005025601962440618,0,0,0,
2023-03-20,LQD,107.66999816894533,107.15390019061182,0.481641804372439,0.9881031734119645,-0.002963234569444806,0,0,0,
2023-03-21,LQD,108.19000244140624,108.0041557536105,0.17207364522130297,0.5164129232235455,0.00482961160308526,0,0,0,
2023-03-22,LQD,108.81999969482422,108.36477647809974,0.4200841191385434,0.8654306071530331,0.005823063492018887,0,0,0,
2023-03-23,LQD,109.12999725341795,108.73248752288868,0.3655850607166525,0.7624199734949068,0.002848718612967316,0,0,0,
2023-03-24,LQD,109.47000122070312,109.26573973977864,0.18694009797668032,0.4879802732228491,0.0031155866933234577,0,0,0,
2023-03-27,LQD,108.16000366210938,107.48120084484404,0.6315549248888935,1.1279068673705135,-0.01196672644547303,0,0,0,
2023-03-28,LQD,107.9800033569336,107.59841429422411,0.35464190175334576,0.7233761389534077,-0.0016642039486065574,0,0,0,
2023-03-29,LQD,108.4800033569336,107.65549961411682,0.765872385314402,1.292077400171825,0.004630486983290938,0,0,0,
2023-03-30,LQD,108.62999725341795,107.72987485720634,0.8355364725009728,1.3569888495491673,0.0013826870560726956,0,0,0,
2023-03-31,LQD,109.61000061035156,109.77020112143671,-0.14594171227574224,-0.029393725424815713,0.009021480085720679,0,0,0,
2023-04-03,LQD,109.93000030517578,109.73853016094888,0.17447850262444428,0.4533410539838394,0.002919438856330059,0,0,0,
2023-04-04,LQD,110.06999969482422,109.81424501153528,0.2328975473647122,0.542746478507596,0.0012735321500936259,0,0,0,
2023-04-05,LQD,110.43000030517578,109.64842760979752,0.7127988174710698,1.212013524812428,0.0032706515067655317,0,0,0,
2023-04-06,LQD,110.33000183105467,109.89894862856988,0.392226866465883,0.7252873857240858,-0.0009055372076859358,0,0,0,
2023-04-10,LQD,109.81999969482422,109.22718048291128,0.5427396452897422,0.9153790721730267,-0.004622515433394092,0,0,0,
2023-04-11,LQD,109.79000091552734,109.99764394648685,-0.18877043499269816,-0.15509279852493976,-0.00027316317046288674,0,0,0,
2023-04-12,LQD,109.55999755859376,109.30054279749922,0.23737737659293834,0.44233518353018825,-0.0020949390200892815,0,0,0,
2023-04-13,LQD,109.75,109.3533728798205,0.3627022283212024,0.6028157319649324,0.0017342318879172147,0,0,0,
2023-04-14,LQD,109.38999938964844,109.02310730889415,0.3365268976555322,0.5398859816252032,-0.0032801877936361468,0,0,0,
2023-04-17,LQD,108.6999969482422,108.11489306895682,0.5411871229546504,0.843549083020589,-0.006307728725259754,0,0,0,
2023-04-18,LQD,109.05999755859376,108.78662721320882,0.25129039514128326,0.3455456580705985,0.0033118732332897416,0,0,0,
2023-04-19,LQD,108.5199966430664,108.27898305416576,0.22258575219539822,0.26894705268809743,-0.004951411403042005,0,0,0,
2023-04-20,LQD,108.93000030517578,109.07683043630652,-0.13461165908783923,-0.4197834363557845,0.0037781392811677694,0,0,0,
2023-04-21,LQD,109.0,109.05565920452986,-0.05103742890176225,-0.3317136384685854,0.0006426117197109171,0,0,0,
2023-04-24,LQD,109.4800033569336,109.66528219401756,-0.16894940073758155,-0.6616952915020019,0.004403700522326526,0,0,0,
2023-04-25,LQD,109.95999908447266,110.5291893791517,-0.5149683064502855,-1.4752077339646592,0.004384323281158009,0,0,0,
2023-04-26,LQD,109.4800033569336,110.51709767176582,-0.9384016922995808,-2.359240641598415,-0.004365184899377095,-1,-1,0,
2023-04-27,LQD,109.08000183105467,109.66997477267842,-0.5379530202743508,-1.4926026747095122,-0.0036536491926731918,0,0,0,
2023-04-28,LQD,109.93000030517578,110.395308542851,-0.42149276433663196,-1.2347519496572301,0.007792431791829202,0,0,0,
2023-05-01,LQD,107.79000091552734,108.12848854358649,-0.31304204157325044,-1.0102826823373108,-0.019466927896912622,0,0,0,
2023-05-02,LQD,109.08999633789062,109.48612162712332,-0.3618041111929992,-1.088548710641223,0.012060445415359666,0,0,0,
2023-05-03,LQD,109.2699966430664,109.2508811716006,0.017496857929946586,-0.24246318298094768,0.0016500166029729257,0,0,0,
2023-05-04,LQD,108.97000122070312,108.72477750115976,0.22554538641455973,0.20671921127337317,-0.002745451007408972,0,0,0,
2023-05-05,LQD,108.54000091552734,107.93209078473048,0.5632339060394355,0.9340281589574551,-0.0039460429508931805,0,0,0,
2023-05-08,LQD,107.76000213623048,107.11226206628092,0.6047300817424084,1.0280451660665044,-0.007186279461190548,0,0,0,
2023-05-09,LQD,107.72000122070312,107.3292037803118,0.3641110029952642,0.5017369383357733,-0.00037120373732724143,0,0,0,
2023-05-10,LQD,108.56999969482422,107.73597330641444,0.7741391875095499,1.4101291832451412,0.00789081381812795,0,0,0,
2023-05-11,LQD,108.98999786376952,108.384513377515,0.5586448353055228,0.929142011764683,0.00386845509925271,0,0,0,
2023-05-12,LQD,108.31999969482422,108.14263933352288,0.16400594843477223,0.08401757288054174,-0.006147336288443217,0,0,0,
2023-05-15,LQD,107.73999786376952,108.0477308129691,-0.2848120426816517,-0.8968982976205986,-0.005354522089076608,0,0,0,
2023-05-16,LQD,107.1999969482422,107.6726032619803,-0.43892903061718497,-1.2069382512449158,-0.005012074681958967,0,0,0,
2023-05-17,LQD,107.19000244140624,108.11488630147116,-0.8554639344353993,-2.037497625576593,-9.32323425418824e-05,-1,-1,0,
2023-05-18,LQD,106.73999786376952,107.072483920285,-0.3105242769589733,-0.8183711102404281,-0.004198195422961293,0,0,0,
2023-05-19,LQD,106.61000061035156,106.80312367462416,-0.18082155055777907,-0.5116026129601597,-0.0012178869778868284,0,0,0,
2023-05-22,LQD,106.56999969482422,107.20708526400182,-0.5942569631557008,-1.3809736497067886,-0.00037520791012413124,0,0,0,
2023-05-23,LQD,106.79000091552734,107.47529972202544,-0.6376337709878976,-1.4339631166227425,0.0020643822964541148,0,0,0,
2023-05-24,LQD,106.37000274658205,106.82433444265364,-0.4253073032863028,-0.9646424286439317,-0.0039329353436144965,0,0,0,
2023-05-25,LQD,106.0199966430664,106.58428625636073,-0.529430400215909,-1.1977732579250076,-0.0032904587240587535,0,0,0,
2023-05-26,LQD,106.47000122070312,107.06067773919372,-0.55172125841527,-1.3292049618434691,0.0042445254846756875,0,0,0,
2023-05-30,LQD,107.2699966430664,108.16242602095748,-0.8250826194654325,-1.8979460757509556,0.007513810586936787,-1,0,0,
2023-05-31,LQD,107.62000274658205,108.43147646596236,-0.748374684019954,-1.6743813710464057,0.003262851817552148,-1,0,0,
2023-06-01,LQD,107.5999984741211,108.49992853248196,-0.8294291715514366,-1.784593161743892,-0.00018587875813436128,-1,0,0,
2023-06-02,LQD,107.30999755859376,108.02537434917562,-0.6622303277279189,-1.4193714019462975,-0.002695175833083985,0,0,0,
2023-06-05,LQD,107.08000183105467,107.93702854517012,-0.7940062142407368,-1.6674177434783788,-0.0021432833172277954,-1,0,0,
2023-06-06,LQD,107.29000091552734,108.62538675256594,-1.22934967318499,-2.4135014259787675,0.001961141958178203,-1,-1,0,
2023-06-07,LQD,106.33000183105467,107.82407026506318,-1.3856538992969316,-2.5390922686092554,-0.008947703199560064,-1,-1,-1,
2023-06-08,LQD,107.04000091552734,107.9497251386752,-0.8427295409777142,-1.4680634915282804,0.0066773165827718195,0,0,0,
2023-06-09,LQD,106.76000213623048,107.49537957665144,-0.6841014407475886,-1.1496533026569224,-0.0026158331175447636,0,0,0,
2023-06-12,LQD,107.0999984741211,106.9825218894994,0.10980913755523382,0.3049742460290678,0.003184679009810898,0,0,0,
2023-06-13,LQD,106.62000274658205,106.51427810104016,0.09925866036625842,0.29539456334962766,-0.004481752888680357,0,0,0,
2023-06-14,LQD,106.9499969482422,106.96193604194109,-0.011162002241810163,0.09781464003863935,0.0030950496450885545,0,0,0,
2023-06-15,LQD,107.87999725341795,107.42101510415452,0.42727407557860914,0.8999079074828967,0.008695655275481773,0,0,0,
2023-06-16,LQD,107.69000244140624,107.32235929649606,0.3425596933575599,0.7524137995705577,-0.001761168120586909,0,0,0,
2023-06-20,LQD,108.08000183105467,108.431227729159,-0.3239158178505813,-0.4559605464450213,0.0036215004253588035,0,0,0,
2023-06-21,LQD,107.95999908447266,107.68603330946326,0.254411613641753,0.614339230059576,-0.0011103140687358515,0,0,0,
2023-06-22,LQD,107.4000015258789,106.7198433859528,0.6373305266821951,1.3083296377032736,-0.005187083765678668,0,0,0,
2023-06-23,LQD,107.6999969482422,107.311655228009,0.3618821454277971,0.8015498241337039,0.002793253427384901,0,0,0,
2023-06-26,LQD,107.81999969482422,106.9830437021022,0.7823258375902602,1.5307225485161844,0.001114231661860643,1,0,0,
2023-06-27,LQD,107.6999969482422,106.70884968198976,0.9288332403603123,1.7639924518076935,-0.0011129915314568306,1,0,0,
2023-06-28,LQD,108.16999816894533,107.35778397661096,0.7565489545791256,1.4271632778122723,0.0043639854598045424,0,0,0,
2023-06-29,LQD,107.3499984741211,106.32658483288928,0.962519056584282,1.7688570040031348,-0.00758065737917013,1,0,0,
2023-06-30,LQD,108.13999938964844,107.3375310241214,0.7476120960400134,1.400942499179832,0.0073591143619604615,0,0,0,
2023-07-03,LQD,107.48999786376952,107.51384926286862,-0.022184489963506825,0.04764591381615377,-0.0060107409797260924,0,0,0,
2023-07-05,LQD,106.72000122070312,106.6629963249746,0.05344392872186526,0.18384111576061832,-0.007163425977943283,0,0,0,
2023-07-06,LQD,105.63999938964844,105.65144911198225,-0.010837260094437409,0.0779347882056208,-0.010119957071788033,0,0,0,
2023-07-07,LQD,105.54000091552734,105.45088920611305,0.0845054129796102,0.2670690251618117,-0.0009465966934764092,0,0,0,
2023-07-10,LQD,106.08999633789062,106.03469636454837,0.05215271532644016,0.22007315382192127,0.005211250877318996,0,0,0,
2023-07-11,LQD,106.58999633789062,106.29818874453142,0.27451793563530635,0.6309028023058976,0.004712979708355602,0,0,0,
2023-07-12,LQD,107.52999877929688,106.99725520235592,0.4979039657918522,1.006598113523873,0.008818861747836415,0,0,0,
2023-07-13,LQD,108.29000091552734,108.01162341184104,0.25772920996184445,0.5754797674508392,0.0070678149805465385,0,0,0,
2023-07-14,LQD,107.4499969482422,107.06038333204688,0.36391950418011865,0.7656364418934507,-0.007756985503586722,0,0,0,
2023-07-17,LQD,107.62999725341795,107.2420909913982,0.36171083427575845,0.7605555897965608,0.0016752006541467246,0,0,0,
2023-07-18,LQD,107.9000015258789,107.34737122530022,0.514805620548291,1.036215438262319,0.002508634017942324,0,0,0,
2023-07-19,LQD,108.51000213623048,108.14597497672654,0.336607219623558,0.713392603636915,0.005653388338509702,0,0,0,
2023-07-20,LQD,107.77999877929688,107.68771430884674,0.08569637775528245,0.26884998795533144,-0.006727521358050659,0,0,0,
2023-07-21,LQD,107.97000122070312,107.86926379721754,0.09338844072854571,0.2760106139610728,0.001762872922232317,0,0,0,
2023-07-24,LQD,107.83999633789062,107.57427636925928,0.2470106958649062,0.5413302884990165,-0.0012040833689235253,0,0,0,
2023-07-25,LQD,107.66999816894533,107.4162749518386,0.23620556309598748,0.509621540730625,-0.0015763925697164227,0,0,0,
2023-07-26,LQD,108.16999816894533,107.5781833854152,0.5501252808944161,1.0359418637752145,0.0046438191557822694,0,0,0,
2023-07-27,LQD,106.8499984741211,106.56608668121184,0.2664185218310227,0.507499059677654,-0.012203011159920618,0,0,0,
2023-07-28,LQD,107.5500030517578,106.79639369349736,0.7056505675868339,1.2606530888559877,0.006551282991419383,0,0,0,
2023-07-31,LQD,107.8499984741211,106.77958550416396,1.0024509506223835,1.720160548363016,0.0027893576369208972,1,0,0,
2023-08-01,LQD,106.41000366210938,105.38910050393818,0.9686989957116532,1.5951278175392183,-0.013351829692953121,1,0,0,
2023-08-02,LQD,105.76000213623048,104.8632779691379,0.85513650198547,1.3497339718434525,-0.0061084625834887385,0,0,0,
2023-08-03,LQD,104.80999755859376,103.925693900433,0.8508999314529246,1.3014043747402193,-0.008982645219815844,0,0,0,
2023-08-04,LQD,105.9000015258789,105.44395037649826,0.4325057509247946,0.5866116241540925,0.010399809108627922,0,0,0,
2023-08-07,LQD,105.63999938964844,104.68916727594778,0.9082430765681606,1.366393957904576,-0.002455166501267092,0,0,0,
2023-08-08,LQD,106.05999755859376,105.52108372138196,0.510716738500106,0.7060958052426968,0.003975749445020105,0,0,0,
2023-08-09,LQD,106.16000366210938,105.78487069089208,0.35461873589981696,0.44507104476165793,0.0009429201001098786,0,0,0,
2023-08-10,LQD,105.41000366210938,104.8894349846437,0.4963022992181139,0.6944826401516673,-0.007064807593518241,0,0,0,
2023-08-11,LQD,105.0500030517578,104.629286768511,0.40210183614997386,0.5413969622709148,-0.003415241417745851,0,0,0,
2023-08-14,LQD,105.01000213623048,104.81573012170108,0.18534623982853993,0.17431491480643607,-0.0003807797654952205,0,0,0,
2023-08-15,LQD,104.45999908447266,104.13656473199552,0.31058673128840236,0.37083079204445685,-0.005237625374431509,0,0,0,
2023-08-16,LQD,103.98999786376952,103.62449263539038,0.35272088584808725,0.42311584661610907,-0.0044993416123148,0,0,0,
2023-08-17,LQD,103.70999908447266,103.27340502786024,0.42275555501887463,0.5181796094302977,-0.0026925549095949686,0,0,0,
2023-08-18,LQD,104.0999984741211,103.67950320829088,0.4055722228774978,0.4699273448737403,0.0037604801185155967,0,0,0,
2023-08-21,LQD,103.4800033569336,103.71805640396292,-0.22951938677114422,-0.6349698880735439,-0.0059557649017797365,0,0,0,
2023-08-22,LQD,103.8000030517578,103.80633670956436,-0.006101417319334911,-0.2655789572894376,0.0030923819524864005,0,0,0,
2023-08-23,LQD,105.26000213623048,104.74169044244576,0.49484755458432306,0.5938905251227806,0.01406550136366258,0,0,0,
2023-08-24,LQD,104.9000015258789,104.26393536916152,0.6100538546385254,0.7736024202895824,-0.0034201083321816483,0,0,0,
2023-08-25,LQD,104.95999908447266,104.7922842754007,0.16004499780841464,-0.05416283822217511,0.0005719500259391275,0,0,0,
2023-08-28,LQD,105.29000091552734,104.73220192961357,0.5325954917749673,0.5992345121382109,0.0031440723507352164,0,0,0,
2023-08-29,LQD,106.12999725341795,105.7322371217028,0.3761957020329749,0.28461981373859035,0.007977930768226837,0,0,0,
2023-08-30,LQD,105.9800033569336,105.23790975545468,0.7051580587293538,0.8842505059757494,-0.001413303499162466,0,0,0,
2023-08-31,LQD,106.16000366210938,105.54641420445708,0.5813456215231467,0.6215142566480059,0.0016984364924914619,0,0,0,
2023-09-01,LQD,105.02999877929688,104.6424272636348,0.37037703137909017,0.1702781909876008,-0.010644356102408659,0,0,0,
2023-09-05,LQD,104.27999877929688,103.9882571932674,0.2805524334226099,-0.05276679221513653,-0.0071408169924480625,0,0,0,
2023-09-06,LQD,104.18000030517578,104.12444822153724,0.053351623549881155,-0.6453462124633579,-0.0009589420338672605,0,0,0,
2023-09-07,LQD,104.63999938964844,104.63964104942072,0.0003424516981579051,-0.9563652812453364,0.004415426023470781,0,0,0,
2023-09-08,LQD,104.72000122070312,104.57203476029548,0.14149716102093626,-0.6701036789935836,0.0007645434969545395,0,0,0,
2023-09-11,LQD,104.5199966430664,104.27481101634037,0.23513408879505837,-0.470627626994515,-0.001909898541876398,0,0,0,
2023-09-12,LQD,104.48999786376952,103.78447839954444,0.6797928506312884,0.9671927368472832,-0.00028701473651338016,0,0,0,
2023-09-13,LQD,104.72000122070312,104.03125367080004,0.6620583003667146,0.8801162518238911,0.002201199747687621,0,0,0,
2023-09-14,LQD,104.52999877929688,103.96589789929936,0.5425826077546074,0.46258066721326996,-0.0018143854009876614,0,0,0,
2023-09-15,LQD,104.37000274658205,103.55957501232577,0.7825715141838132,1.2313703581387783,-0.0015306231185617802,0,0,0,
2023-09-18,LQD,104.56999969482422,103.88979780241311,0.654734061283644,0.7887462435141157,0.0019162301713049334,0,0,0,
2023-09-19,LQD,104.22000122070312,103.41971442992526,0.7738242125200568,1.1685540480151486,-0.003347025677943205,0,0,0,
2023-09-20,LQD,104.26000213623048,103.65690888646832,0.5818167416343797,0.4941481737139247,0.0003838122726811388,0,0,0,
2023-09-21,LQD,103.20999908447266,102.7612176046934,0.4367226179682397,0.007992098172133746,-0.010071005469440175,0,0,0,
2023-09-22,LQD,103.83999633789062,103.11940306933803,0.698795034789001,0.8856381438760202,0.006104033126696828,0,0,0,
2023-09-25,LQD,102.83000183105467,101.94666974203588,0.8664648793864105,1.4455265233828833,-0.009726449753999167,0,0,0,
2023-09-26,LQD,102.54000091552734,101.87833151307508,0.6494701990357418,0.7367613489659396,-0.0028201975139880986,0,0,0,
2023-09-27,LQD,102.05999755859376,101.64995568288816,0.40338618246405067,-0.09671049209159559,-0.004681132754514095,0,0,0,
2023-09-28,LQD,102.23999786376952,102.10469056093253,0.13251820469133618,-1.018574445023412,0.001763671462684524,0,0,0,
2023-09-29,LQD,102.0199966430664,101.92774851803875,0.09050344618504567,-1.1322973046249907,-0.00215181167155587,0,0,0,
2023-10-02,LQD,100.69000244140624,100.57747052701002,0.1118858068378187,-1.0743463392464203,-0.013036603072173913,0,0,0,
2023-10-03,LQD,99.52999877929688,99.54160527941572,-0.01165994870814554,-1.5085145735330483,-0.011520544582213077,-1,0,0,
2023-10-04,LQD,100.4000015258789,100.83154772693126,-0.42798728253289886,-2.830032388982004,0.008741110793251572,-1,-1,-1,
2023-10-05,LQD,100.27999877929688,101.09384518848704,-0.8050405122812031,-3.635366557376668,-0.0011952464617354108,-1,-1,-1,
2023-10-06,LQD,99.9800033569336,100.84500616101651,-0.8577547238202288,-3.4058924169457754,-0.0029915778421929495,-1,-1,-1,
2023-10-09,LQD,101.22000122070312,102.23672202329408,-0.9944771139662507,-3.3664513905345457,0.012402458713095532,-1,-1,-1,
2023-10-10,LQD,101.26000213623048,101.9453322694708,-0.6722525867381441,-2.3964298554653896,0.0003951878585748414,-1,-1,0,
2023-10-11,LQD,101.87999725341795,102.17643765892645,-0.29012599411425394,-1.4414673141776086,0.006122803714277536,0,0,0,
2023-10-12,LQD,100.81999969482422,101.23841053127624,-0.41329257764548094,-1.6619542869983186,-0.010404373647135867,-1,0,0,
2023-10-13,LQD,101.37999725341795,101.1417543343349,0.23555347704916385,-0.17383620930500407,0.005554429282769391,0,0,0,
2023-10-16,LQD,100.68000030517578,100.71241033520744,-0.0321807708938586,-0.7637229940319221,-0.006904685018805035,0,0,0,
2023-10-17,LQD,99.87999725341795,99.90524793861282,-0.025274633431046366,-0.7316954722337865,-0.00794599770890847,0,0,0,
2023-10-18,LQD,99.08000183105467,99.01533747052224,0.0653074182085013,-0.5252136673456527,-0.00800956592272939,0,0,0,
2023-10-19,LQD,98.27999877929688,98.22414166781792,0.056866988634890966,-0.5426805835159383,-0.008074314059076326,0,0,0,
2023-10-20,LQD,98.66999816894533,98.54641565386504,0.12540538817196417,-0.3825186242746851,0.003968247807208947,0,0,0,
2023-10-23,LQD,99.44000244140624,99.51180752161018,-0.07215734694433214,-0.8144410889678049,0.0078038338578103605,0,0,0,
2023-10-24,LQD,100.0,100.43513095145283,-0.43324576503331536,-1.5647239591691309,0.005631511915174636,-1,0,0,
2023-10-25,LQD,99.08999633789062,99.61938473216937,-0.531411025777786,-1.7113271441672429,-0.00910003662109371,-1,0,0,
2023-10-26,LQD,99.80999755859376,100.89475302543876,-1.075135658017315,-2.673926244618203,0.007266134295211613,-1,-1,-1,
2023-10-27,LQD,99.61000061035156,100.64018953182205,-1.023635712793189,-2.428619576543931,-0.002003776707085847,-1,-1,0,
2023-10-30,LQD,99.30999755859376,100.07391260282677,-0.7633508317645451,-1.8408139803205859,-0.003011776427261914,-1,0,0,
2023-10-31,LQD,99.16999816894533,100.02973340252804,-0.8594796810295039,-1.9429557772625308,-0.001409721005841691,-1,0,0,
2023-11-01,LQD,100.22000122070312,101.789158809676,-1.5415763400765112,-2.990544565862977,0.01058791036749862,-1,-1,-1,
2023-11-02,LQD,101.41000366210938,103.02214116212023,-1.5648456553372623,-2.787302652011921,0.011873901685409471,-1,-1,-1,
2023-11-03,LQD,101.91000366210938,103.10224637347171,-1.1563692870896602,-2.0028220283305176,0.004930480050725272,-1,-1,0,
2023-11-06,LQD,101.37000274658205,102.65725550860266,-1.253932569737112,-2.054563372928534,-0.005298801845967427,-1,-1,0,
2023-11-07,LQD,102.18000030517578,104.02108872485316,-1.7699184292785584,-2.6707889704912358,0.007990505441917373,-1,-1,-1,
2023-11-08,LQD,102.6999969482422,103.5999482010706,-0.868679249802078,-1.2536575383368902,0.0050890256558364655,0,0,0,
2023-11-09,LQD,101.66000366210938,102.25495799962502,-0.5818342202221891,-0.794961966610873,-0.010126517205808261,0,0,0,
2023-11-10,LQD,102.16999816894533,102.6342004468539,-0.4522881026865336,-0.5830403295478187,0.00501666819264579,0,0,0,
2023-11-13,LQD,102.18000030517578,102.98310681391806,-0.7798429602569881,-1.0440982917865465,9.78969992142531e-05,0,0,0,
2023-11-14,LQD,103.77999877929688,104.46588561430558,-0.6565653763191538,-0.8335676199188184,0.01565862663282891,0,0,0,
2023-11-15,LQD,103.23999786376952,103.849285567666,-0.5867037992278582,-0.7058351381103148,-0.005203323587194775,0,0,0,
2023-11-16,LQD,104.08999633789062,104.79440570326425,-0.6721822225589276,-0.8078137204171605,0.008233228319538766,0,0,0,
2023-11-17,LQD,104.38999938964844,104.72336082164618,-0.31832575786551615,-0.2763905981577533,0.0028821506610872127,0,0,0,
2023-11-20,LQD,104.80999755859376,104.8807816908704,-0.06749008839891615,0.10004103379735912,0.004023356369393438,0,0,0,
2023-11-21,LQD,104.83999633789062,105.25127129268282,-0.3907553322073584,-0.36452691378868896,0.0002862205895968195,0,0,0,
2023-11-22,LQD,105.26000213623048,105.91527066690404,-0.6186723845840184,-0.6828071599873112,0.004006159986749802,0,0,0,
2023-11-24,LQD,104.72000122070312,105.18252291272807,-0.4397324567016832,-0.3975884264481866,-0.0051301624982723615,0,0,0,
2023-11-27,LQD,105.56999969482422,105.98779901294974,-0.39419567347980333,-0.3089574860263431,0.008116868451230053,0,0,0,
2023-11-28,LQD,105.98999786376952,106.6649526200396,-0.6327802522674875,-0.6511556815119277,0.003978385622424918,0,0,0,
2023-11-29,LQD,106.8499984741211,107.34180114984744,-0.4581651047943559,-0.36049841684506967,0.008113978938436794,0,0,0,
2023-11-30,LQD,106.29000091552734,106.70328566665076,-0.38732148550190526,-0.22912526888914575,-0.005240969270854823,0,0,0,
2023-12-01,LQD,107.16999816894533,107.50019761120676,-0.307161707233,-0.08639143884353839,0.008279210140541338,0,0,0,
2023-12-04,LQD,106.68000030517578,107.2034045653513,-0.4882347368515308,-0.3565155063916907,-0.004572155194004002,0,0,0,
2023-12-05,LQD,107.52999877929688,108.74127210803822,-1.113903953172352,-1.3101684118450552,0.007967739704626275,0,0,0,
2023-12-06,LQD,107.93000030517578,109.19074479426176,-1.1546257802907072,-1.328089177973941,0.0037199063556199174,0,0,0,
2023-12-07,LQD,107.94000244140624,109.47211016932644,-1.399541605209228,-1.6405692194195711,9.267243771127198e-05,-1,0,0,
2023-12-08,LQD,107.36000061035156,108.57349712520428,-1.1176728639894016,-1.1706616090684414,-0.00537337241000635,0,0,0,
2023-12-11,LQD,107.33000183105467,108.5969318556123,-1.1666351920900506,-1.2105105535975633,-0.00027942230929900447,0,0,0,
2023-12-12,LQD,107.94000244140624,108.96625307597084,-0.9418059312814093,-0.8396277771559144,0.005683411906688862,0,0,0,
2023-12-13,LQD,109.75,110.79734619124446,-0.9452809360944984,-0.8184736082307542,0.016768552136880777,0,0,0,
2023-12-14,LQD,110.5199966430664,111.09959036208416,-0.5216884392901899,-0.12160112619803942,0.007015914743201845,0,0,0,
2023-12-15,LQD,110.36000061035156,111.22729111009514,-0.7797461316261964,-0.5167627881233455,-0.0014476659208700893,0,0,0,
2023-12-18,LQD,109.9000015258789,110.50638085853237,-0.5487278905909815,-0.10037493349933431,-0.004168168556801466,0,0,0,
2023-12-19,LQD,110.04000091552734,110.74614575270286,-0.637624751973168,-0.22695014782199918,0.0012738797789322298,0,0,0,
2023-12-20,LQD,110.33000183105467,111.09869217236428,-0.6918986410002212,-0.29841078921526243,0.002635413605184711,0,0,0,
2023-12-21,LQD,110.29000091552734,110.05288888425946,0.21545280062320787,1.4030650955252602,-0.0003625570095483477,0,0,0,
2023-12-22,LQD,110.0999984741211,109.84855308539676,0.2289018668537765,1.5071601968614579,-0.0017227531038990218,1,0,0,
2023-12-26,LQD,110.33000183105467,110.08063434601095,0.2265316570214302,1.5557873017194987,0.0020890405097293563,1,0,0,
2023-12-27,LQD,111.36000061035156,111.45363121700206,-0.0840085743533939,0.9731069667364424,0.009335618256166578,0,0,0,
2023-12-28,LQD,111.06999969482422,111.39790113421289,-0.29435154168085326,0.5649770678471402,-0.0026041748737237747,0,0,0,
2023-12-29,LQD,110.66000366210938,111.01140637865444,-0.3165464955433946,0.539365973857964,-0.0036913300967079676,0,0,0,
2024-01-02,LQD,109.91000366210938,110.24318389336018,-0.3022229760463898,0.591698596492165,-0.006777516493583935,0,0,0,
2024-01-03,LQD,109.66000366210938,110.29911322049352,-0.5794330885566927,0.02059807792697249,-0.0022745882237303894,0,0,0,
2024-01-04,LQD,109.0500030517578,108.83942910896144,0.19347211256092536,1.630897833667101,-0.005562653565388764,1,0,0,
2024-01-05,LQD,108.66000366210938,108.733968843462,-0.06802398748003287,1.0466460578344632,-0.0035763354308511186,0,0,0,
2024-01-08,LQD,109.48999786376952,109.71751334317103,-0.20736477930364872,0.7319760561297228,0.0076384518101169085,0,0,0,
2024-01-09,LQD,109.68000030517578,110.02116004768624,-0.31008557114157664,0.4966720905862538,0.0017353406257498705,0,0,0,
2024-01-10,LQD,109.54000091552734,109.67062432419674,-0.11910519291224078,0.8748454277387447,-0.001276434985949093,0,0,0,
2024-01-11,LQD,110.1999969482422,110.42620398691412,-0.20484905801771677,0.6915066102639219,0.0060251600072909195,0,0,0,
2024-01-12,LQD,110.44000244140624,110.17364417909248,0.24176223297178098,1.57026541897276,0.0021779083467377003,1,0,0,
2024-01-16,LQD,109.31999969482422,108.4350652913618,0.8160961595629895,2.6210785241919865,-0.010141277814406324,1,1,1,
2024-01-17,LQD,109.08999633789062,108.19589482873042,0.8263728587628335,2.4960434565162757,-0.0021039458248780507,1,1,0,
2024-01-18,LQD,108.87999725341795,107.94509339585898,0.8660920363748964,2.433539809384875,-0.0019250077140183786,1,1,0,
2024-01-19,LQD,108.98999786376952,108.20260017358795,0.7277068101120976,2.1032241859170235,0.0010102921852168656,1,1,0,
2024-01-22,LQD,109.29000091552734,108.88434318444187,0.3725583671826128,1.4595433847470958,0.002752574159445409,0,0,0,
2024-01-23,LQD,108.88999938964844,108.26772183460425,0.574758149981966,1.7652193336269346,-0.003660001121127965,1,0,0,
2024-01-24,LQD,108.68000030517578,108.18503063968856,0.45752139881137566,1.5277479825779292,-0.0019285433524635076,1,0,0,
2024-01-25,LQD,109.4000015258789,109.42238040266233,-0.020451827771493326,0.7158832531262533,0.00662496520685818,0,0,0,
2024-01-26,LQD,109.08999633789062,109.47623922614788,-0.35280978866965407,0.15866237495506685,-0.002833685408267117,0,0,0,
2024-01-29,LQD,109.54000091552734,109.5937336317613,-0.049029004171439246,0.6401314664396237,0.004125076475783196,0,0,0,
2024-01-30,LQD,109.88999938964844,109.97783713858186,-0.07986859099869434,0.5666139385252844,0.003195165886396234,0,0,0,
2024-01-31,LQD,110.16999816894533,109.85660161801592,0.2852778497728588,1.1431244632967978,0.0025479914537451798,0,0,0,
2024-02-01,LQD,110.62999725341795,110.12137877215171,0.4618707892484748,1.3869732301963664,0.00417535710372996,0,0,0,
2024-02-02,LQD,109.62000274658205,108.61121871144798,0.928802795053934,2.0801699791257993,-0.009129481441840226,1,1,0,
2024-02-05,LQD,108.56999969482422,107.19072906627297,1.2867443300049672,2.5373660769362707,-0.009578571660732504,1,1,1,
2024-02-06,LQD,109.18000030517578,108.11398256245468,0.9860128333588024,1.9669333545625904,0.005618500617722955,1,0,0,
2024-02-07,LQD,108.86000061035156,107.9826824558344,0.8124619008941533,1.6382000836846395,-0.0029309369291973253,1,0,0,
2024-02-08,LQD,108.3000030517578,108.03004906565704,0.24988786771418608,0.7353225046515413,-0.005144199480562106,0,0,0,
2024-02-09,LQD,108.16000366210938,107.7392482187398,0.3905312598017434,0.9370334309082043,-0.0012926997756548264,0,0,0,
2024-02-12,LQD,108.16999816894533,107.43437070489104,0.6847226443713876,1.373744401245343,9.240483078354345e-05,0,0,0,
2024-02-13,LQD,106.9800033569336,106.85152477709364,0.12024028679794035,0.4366183353917891,-0.011001154036751837,0,0,0,
2024-02-14,LQD,107.4800033569336,107.41456383755823,0.060922389885903636,0.32039077888627215,0.004673770651621556,0,0,0,
2024-02-15,LQD,107.87000274658205,107.96396269261804,-0.08702898975976434,0.062067801125899894,0.003628576269701922,0,0,0,
2024-02-16,LQD,107.4800033569336,108.2108773133215,-0.6754163486464354,-0.9092958503683632,-0.0036154573071132123,0,0,0,
2024-02-20,LQD,107.83999633789062,108.34265327286208,-0.4639511030854195,-0.5671851415239343,0.003349394954534235,0,0,0,
2024-02-21,LQD,107.56999969482422,107.63196032916252,-0.057567133543620336,0.10119865181011942,-0.0025036781549995224,0,0,0,
2024-02-22,LQD,107.73999786376952,108.48654022813344,-0.6881428449962866,-0.92441618388665,0.001580349255625002,0,0,0,
2024-02-23,LQD,108.05999755859376,108.85899956047588,-0.7339788213267893,-0.9847128308077754,0.002970110461936848,0,0,0,
2024-02-26,LQD,107.72000122070312,108.46342816792148,-0.6854171583691697,-0.9019570652160144,-0.003146366329559447,0,0,0,
2024-02-27,LQD,107.56999969482422,108.05519568417908,-0.4490260614334382,-0.5144308224421265,-0.0013925132211201063,0,0,0,
2024-02-28,LQD,107.55999755859376,108.30478626490633,-0.6876784784846518,-0.8931107730966263,-9.298258119205816e-05,0,0,0,
2024-02-29,LQD,107.66000366210938,107.93070127102165,-0.2508068656318011,-0.19206308546966783,0.0009297704145179164,0,0,0,
2024-03-01,LQD,107.91999816894533,108.2737526128224,-0.3267222529379533,-0.3202814239254788,0.0024149591119460023,0,0,0,
2024-03-04,LQD,107.72000122070312,108.31956660604789,-0.5535153104197195,-0.6862581604901493,-0.0018531963643023674,0,0,0,
2024-03-05,LQD,108.30999755859376,108.95848898871408,-0.5951729288274977,-0.7440298394325594,0.005477128956597577,0,0,0,
2024-03-06,LQD,108.5999984741211,108.84979924532006,-0.22949125577712357,-0.1551206991847175,0.0026775082823766727,0,0,0,
2024-03-07,LQD,108.87000274658205,109.77773576160308,-0.8268826176122814,-1.1505752500004562,0.0024862272214976056,0,0,0,
2024-03-08,LQD,109.0199966430664,110.50013358800554,-1.3394888285454503,-1.9742299150068428,0.0013777339276228595,-1,0,0,
2024-03-11,LQD,109.04000091552734,111.21639915399886,-1.9569040672301488,-2.865622260344459,0.00018349177285736928,-1,-1,-1,
2024-03-12,LQD,108.69000244140624,110.57167040928212,-1.701763173976546,-2.3786418974097825,-0.0032098172338814734,-1,-1,0,
2024-03-13,LQD,108.58000183105467,110.17024809646315,-1.4434443898284495,-1.9521891853010007,-0.0010120582195299876,-1,0,0,
2024-03-14,LQD,107.77999877929688,109.48317201474292,-1.5556484198472953,-2.057174450911736,-0.007367867362929048,-1,-1,0,
2024-03-15,LQD,107.80999755859376,109.97710353240166,-1.9705065001729343,-2.5317753489966446,0.0002783334536708981,-1,-1,-1,
2024-03-18,LQD,107.62999725341795,109.895535631596,-2.0615381372477577,-2.4933751325958666,-0.0016696068013356546,-1,-1,0,
2024-03-19,LQD,107.94000244140624,109.72217832198696,-1.624262211921104,-1.8434843202742717,0.0028802861274666025,-1,0,0,
2024-03-20,LQD,108.13999938964844,109.69940350609244,-1.4215246998652955,-1.5313766493565457,0.001852852915681158,-1,0,0,
2024-03-21,LQD,108.3000030517578,109.18565991705736,-0.8111476048890975,-0.7395903048876863,0.001479597401631505,0,0,0,
2024-03-22,LQD,108.66999816894533,109.04570264229918,-0.3445385414098036,-0.14714233663098591,0.0034163906441508907,0,0,0,
2024-03-25,LQD,108.3000030517578,108.3182107735098,-0.016809474253667127,0.28067303696850227,-0.0034047586585241874,0,0,0,
2024-03-26,LQD,108.2699966430664,107.99241650624958,0.2570366936837268,0.633619521957055,-0.0002770674778009852,0,0,0,
2024-03-27,LQD,109.0199966430664,108.51555902430798,0.4648528038688297,0.893790745865557,0.006927126842651843,0,0,0,
2024-03-28,LQD,108.91999816894533,108.2542008823866,0.615031362415291,1.063056827290125,-0.000917248919466318,0,0,0,
2024-04-01,LQD,107.47000122070312,106.89942844852298,0.5337472617591211,0.935943293620041,-0.013312495158080306,0,0,0,
2024-04-02,LQD,107.30999755859376,106.5135913543782,0.747703832054501,1.172169225859676,-0.001488821627355974,0,0,0,
2024-04-03,LQD,107.37999725341795,106.37550953903448,0.9442847500672847,1.3720349827018212,0.0006523128917785836,0,0,0,
2024-04-04,LQD,107.5,106.33332576733125,1.0971858768167966,1.5023181188136265,0.0011175521479931394,1,0,0,
2024-04-05,LQD,107.02999877929688,105.88169044907382,1.08452020869025,1.4463721317051355,-0.004372104378633668,0,0,0,
2024-04-08,LQD,107.0199966430664,106.19711558957572,0.7748619620432173,1.051476107444478,-9.345170834851313e-05,0,0,0,
2024-04-09,LQD,107.56999969482422,107.28735131955844,0.2634498585242384,0.4375689714100402,0.005139254989814601,0,0,0,
2024-04-10,LQD,106.04000091552734,105.77721929317356,0.2484293159810297,0.4090105967841633,-0.014223285150483211,0,0,0,
2024-04-11,LQD,105.81999969482422,105.50633205633532,0.2972974535039384,0.4580494029036607,-0.0020747002904911716,0,0,0,
2024-04-12,LQD,106.05999755859376,106.08347563127646,-0.022131696329687967,0.07865752231073368,0.0022679820871449596,0,0,0,
2024-04-15,LQD,104.88999938964844,105.12293330616376,-0.22158239804526428,-0.14762840656103426,-0.011031474598129698,0,0,0,
2024-04-16,LQD,104.54000091552734,104.78327034078004,-0.23216437553582897,-0.1418173673382892,-0.0033368145310107566,0,0,0,
2024-04-17,LQD,105.11000061035156,105.48750328245367,-0.35786482792308416,-0.271614248782716,0.005452455422157554,0,0,0,
2024-04-18,LQD,104.9000015258789,105.35859763667966,-0.43527165422435266,-0.34352100580257566,-0.001997898232834472,0,0,0,
2024-04-19,LQD,105.01000213623048,105.4413255483643,-0.40906486132515457,-0.2923292225001255,0.001048623534332771,0,0,0,
2024-04-22,LQD,105.2699966430664,105.46614878770848,-0.1859858797318016,-0.008209942707133799,0.002475902309749811,0,0,0,
2024-04-23,LQD,105.4499969482422,105.27705912328952,0.164269240034675,0.4328519347145474,0.0017098918107323335,0,0,0,
2024-04-24,LQD,105.04000091552734,104.91683866364193,0.11739035740513497,0.38309879844310246,-0.003888061115033481,0,0,0,
2024-04-25,LQD,104.7300033569336,104.6491162732521,0.07729361370838773,0.3312224841116953,-0.002951233395771302,0,0,0,
2024-04-26,LQD,105.12999725341795,104.8419403964976,0.27475345823528075,0.5625755609498774,0.003819286581335568,0,0,0,
2024-04-29,LQD,105.56999969482422,105.0811349275716,0.46522600616140813,0.7844381281130337,0.004185317729492821,0,0,0,
2024-04-30,LQD,104.98999786376952,104.95214060193427,0.03607097636896076,0.2533902705828465,-0.005494002393969244,0,0,0,
2024-05-01,LQD,105.01000213623048,104.94922923406476,0.0579069542570758,0.2852674369043572,0.0001905350306503628,0,0,0,
2024-05-02,LQD,105.66000366210938,105.23144451709015,0.4072538840323731,0.7179230461608345,0.0061899010823334155,0,0,0,
2024-05-03,LQD,106.4000015258789,105.88587238829358,0.48555026840593807,0.8313431261820406,0.007003575980708554,0,0,0,
2024-05-06,LQD,106.6999969482422,106.19171862577416,0.4786421474722023,0.8575262913987962,0.0028195058088447134,0,0,0,
2024-05-07,LQD,106.75,106.16525364546202,0.5507888263430702,0.9690404624839706,0.0004686321760820622,0,0,0,
2024-05-08,LQD,106.4800033569336,105.45332537644752,0.9735852111074097,1.5036741047926927,-0.002529242557999134,1,0,0,
2024-05-09,LQD,106.6500015258789,105.94458464537782,0.6658357129458683,1.0925051404898432,0.0015965267053519305,0,0,0,
2024-05-10,LQD,106.30999755859376,105.93531764606624,0.35368743951790016,0.6959941361145314,-0.0031880352782052146,0,0,0,
2024-05-13,LQD,106.3499984741211,106.34695962898454,0.0028574819131264926,0.2652143794507055,0.00037626673357116225,0,0,0,
2024-05-14,LQD,106.66000366210938,106.56636784241805,0.08786620167986792,0.3753880670864102,0.0029149524441574037,0,0,0,
2024-05-15,LQD,107.61000061035156,107.62530037902268,-0.014215773258919744,0.24561395683072795,0.008906777757590412,0,0,0,
2024-05-16,LQD,107.44000244140624,107.36247955325184,0.07220668568476907,0.35337565480327987,-0.0015797618063481123,0,0,0,
2024-05-17,LQD,107.19000244140624,107.47339255596134,-0.2636839759269186,-0.0875632864567618,-0.002326880066261583,0,0,0,
2024-05-20,LQD,107.13999938964844,107.45838395206984,-0.2962863861449942,-0.13319225599877418,-0.0004664898835610165,0,0,0,
2024-05-21,LQD,107.31999969482422,108.06896804363844,-0.6930466371361865,-0.6308101440992544,0.0016800476591487534,0,0,0,
2024-05-22,LQD,107.16000366210938,107.3889329184057,-0.2131776991119432,-0.022540550112092134,-0.0014908314682240409,0,0,0,
2024-05-23,LQD,106.69000244140624,107.03276397729498,-0.32023982484601754,-0.16999497839698033,-0.004385976153800097,0,0,0,
2024-05-24,LQD,106.9800033569336,107.56897683404613,-0.5475309837902249,-0.4683665006359925,0.00271816392249713,0,0,0,
2024-05-28,LQD,106.33999633789062,106.6785500676468,-0.31735876569515437,-0.1722053042799831,-0.0059824920448695584,0,0,0,
2024-05-29,LQD,105.7699966430664,106.49047059340847,-0.6765618992265624,-0.6394725939278515,-0.005360162821644976,0,0,0,
2024-05-30,LQD,106.41999816894533,107.23975276251495,-0.7644129834810357,-0.7397959833407062,0.0061454244729952645,0,0,0,
2024-05-31,LQD,106.88999938964844,107.50776459323411,-0.5746238012882606,-0.488209768427909,0.004416474617458421,0,0,0,
2024-06-03,LQD,107.22000122070312,107.58672040840534,-0.3408591565112583,-0.1907869475595817,0.003087303142847997,0,0,0,
2024-06-04,LQD,107.63999938964844,108.03349646254036,-0.36423617283215476,-0.22618765752261255,0.003917162508521033,0,0,0,
2024-06-05,LQD,108.0,107.6362957829681,0.33790109032110144,0.6698943071409212,0.00334448729461978,0,0,0,
2024-06-06,LQD,107.93000030517578,107.27306187459392,0.6123983217239057,0.9925457840965185,-0.0006481453224465028,0,0,0,
2024-06-07,LQD,106.95999908447266,106.52748492621126,0.406011799265691,0.7015768468692641,-0.008987317872328537,0,0,0,
2024-06-10,LQD,106.73999786376952,106.183355479768,0.5242275321649467,0.8403551210362943,-0.0020568551101930455,0,0,0,
2024-06-11,LQD,107.1999969482422,106.76061953228566,0.4115538275081568,0.665200147819517,0.004309528702256316,0,0,0,
2024-06-12,LQD,107.86000061035156,106.96297237648066,0.8386343553670162,1.2442885084424682,0.006156750754648055,0,0,0,
2024-06-13,LQD,108.37000274658205,107.73265376991029,0.5916024105680865,0.8680536093696494,0.004728371345675164,0,0,0,
2024-06-14,LQD,108.45999908447266,108.00952854294752,0.4170655567170778,0.5924253913764485,0.0008304543287782629,0,0,0,
2024-06-17,LQD,107.9499969482422,107.47921020544732,0.43802586741656657,0.6231833292799932,-0.004702214093080026,0,0,0,
2024-06-18,LQD,108.4499969482422,108.23675243139864,0.19701673604695008,0.15120462299963505,0.004631774100370967,0,0,0,
2024-06-20,LQD,108.08999633789062,107.95275299541962,0.12713278602244885,-0.03586980821422046,-0.003319507796052612,0,0,0,
2024-06-21,LQD,108.12000274658205,108.16086781131612,-0.03778174635707053,-0.4242562470227722,0.00027760578876900865,0,0,0,
2024-06-24,LQD,108.2300033569336,108.33602703123512,-0.09786557362949706,-0.5682129425243491,0.001017393706596259,0,0,0,
2024-06-25,LQD,108.19000244140624,108.08401827750964,0.09805720178211297,-0.14114678055664123,-0.00036959174246198323,0,0,0,
2024-06-26,LQD,107.5999984741211,107.80588410694148,-0.1909781033993917,-0.7590074987605011,-0.005453405619476492,0,0,0,
2024-06-27,LQD,107.80999755859376,108.0702428137444,-0.24081120609598367,-0.84203521965943,0.0019516643815118417,0,0,0,
2024-06-28,LQD,107.12000274658205,107.41166040797386,-0.27153258806728026,-0.8805985941927094,-0.0064001004325847655,0,0,0,
2024-07-01,LQD,106.11000061035156,106.2910319751838,-0.1703166875588361,-0.6359535335220828,-0.009428697818650078,0,0,0,
2024-07-02,LQD,106.79000091552734,106.45574065922904,0.31398988370978864,0.45182187840836785,0.006408446906647658,0,0,0,
2024-07-03,LQD,107.58000183105467,107.34363700695047,0.22019453662530125,0.2757847388357182,0.007397704923256088,0,0,0,
2024-07-05,LQD,108.13999938964844,107.7172208218064,0.39248930172589164,0.7263197274009334,0.005205405735846602,0,0,0,
2024-07-08,LQD,108.12999725341795,107.90024165570222,0.21293334860997076,0.345879194506829,-9.249247537390648e-05,0,0,0,
2024-07-09,LQD,107.93000030517578,108.16868278491684,-0.2206576557982644,-0.7183731320468194,-0.0018495972747826217,0,0,0,
2024-07-10,LQD,108.19000244140624,108.35404411902154,-0.15139414402946522,-0.5237831070182205,0.0024089885619873463,0,0,0,
2024-07-11,LQD,108.7699966430664,109.01374980583496,-0.22359854899286197,-0.688539586204367,0.005360885373621116,0,0,0,
2024-07-12,LQD,109.16999816894533,109.05587972194267,0.10464217728894426,0.16036716052751274,0.0036774987425212124,0,0,0,
2024-07-15,LQD,108.56999969482422,108.41090384622002,0.14675262631319053,0.2615760149637339,-0.005496001503935033,0,0,0,
2024-07-16,LQD,109.1999969482422,109.22564483264824,-0.023481559157043974,-0.1843501978103986,0.005802682648879287,0,0,0,
2024-07-17,LQD,109.25,109.00616462982047,0.22368952343895218,0.43524449410861926,0.00045790341717233396,0,0,0,
2024-07-18,LQD,108.77999877929688,108.77666396826444,0.0030657412268168954,-0.15114311561634233,-0.0043020706700515055,0,0,0,
2024-07-19,LQD,108.37999725341795,108.69966923942388,-0.29408735853815116,-0.9383227421764472,-0.003677160602754581,0,0,0,
2024-07-22,LQD,108.31999969482422,108.68760317168795,-0.3382202442012192,-1.0608254111465603,-0.0005535851643679868,0,0,0,
2024-07-23,LQD,108.23999786376952,108.57954292718304,-0.3127155026257887,-0.983963553686657,-0.0007385693434277529,0,0,0,
2024-07-24,LQD,107.58000183105467,107.9281404048062,-0.32256515533924984,-0.982251364464971,-0.0060975244432793785,0,0,0,
2024-07-25,LQD,108.01000213623048,107.4990279805872,0.4753290938924183,1.0707450917827575,0.003997028238120759,0,0,0,
2024-07-26,LQD,108.61000061035156,107.83034609667348,0.7230381260012799,1.6456419924354981,0.0055550269628206195,1,0,0,
2024-07-29,LQD,108.83999633789062,108.19188306242198,0.5990405722901714,1.3042256818731401,0.0021176293734146423,0,0,0,
2024-07-30,LQD,108.93000030517578,108.13348768215262,0.7366012510060062,1.6135348588229794,0.000826938352751716,1,0,0,
2024-07-31,LQD,109.55999755859376,108.72270847700722,0.7701142597671932,1.6306802930135016,0.005783505477398254,1,0,0,
2024-08-01,LQD,109.52999877929688,109.22101652544988,0.28289633595837754,0.4503075331986199,-0.00027381142721227825,0,0,0,
2024-08-02,LQD,110.5999984741211,110.6352187141434,-0.03183456446478698,-0.2893628502144936,0.009769010378428478,0,0,0,
2024-08-05,LQD,110.31999969482422,110.70498365438472,-0.3477566653750663,-1.0175876225098517,-0.0025316345674488705,0,0,0,
2024-08-06,LQD,109.5999984741211,110.00403810266216,-0.36729526980091176,-1.031263946913996,-0.0065264795385682195,0,0,0,
2024-08-07,LQD,109.0999984741211,109.6145958498922,-0.4694606332132998,-1.2364564799201818,-0.00456204385913439,0,0,0,
2024-08-08,LQD,109.1500015258789,109.64180588592347,-0.4485555086134435,-1.1678757264204667,0.0004583231205972371,0,0,0,
2024-08-09,LQD,109.70999908447266,109.73894035707264,-0.026372837668934473,-0.0967576341579068,0.005130531843932085,0,0,0,
2024-08-12,LQD,109.94000244140624,110.73309440709998,-0.7162194553852332,-1.7637520293372089,0.0020964666744411886,-1,0,0,
2024-08-13,LQD,110.70999908447266,110.94963628846332,-0.21598737229532114,-0.5132962340576768,0.007003789575835251,0,0,0,
2024-08-14,LQD,111.1999969482422,111.58349733406324,-0.3436891610171511,-0.8084139481330875,0.004425958520654305,0,0,0,
2024-08-15,LQD,110.86000061035156,111.35545930171604,-0.44493435209318094,-1.0318033621617422,-0.0030575211081066422,0,0,0,
2024-08-16,LQD,111.19000244140624,111.6045213982122,-0.37141770925833095,-0.8307671472980719,0.0029767439043641986,0,0,0,
2024-08-19,LQD,111.4499969482422,112.26132545624156,-0.7227141713337524,-1.6336729361354647,0.002338290324015224,-1,0,0,
2024-08-20,LQD,111.73999786376952,112.31992989620244,-0.5163215762054435,-1.1256182991940291,0.00260207199163931,0,0,0,
2024-08-21,LQD,111.98999786376952,112.9819897939065,-0.8780089038496272,-1.9495510168755366,0.002237336717195948,-1,0,0,
2024-08-22,LQD,111.52999877929688,112.40583554528304,-0.7791737517340291,-1.661123279013135,-0.004107501502341404,-1,0,0,
2024-08-23,LQD,112.16999816894533,112.51191000945052,-0.3038894642144741,-0.5761766031709415,0.0057383609491015175,0,0,0,
2024-08-26,LQD,112.02999877929688,112.0581938556914,-0.025161101945685747,0.04228064800848124,-0.0012481001331353658,0,0,0,
2024-08-27,LQD,111.94000244140624,111.61595208603586,0.29032620276409055,0.7476770534198486,-0.0008033235639672842,0,0,0,
2024-08-28,LQD,111.70999908447266,111.60087971289408,0.09777644393063392,0.28010693931478736,-0.0020547020896660717,0,0,0,
2024-08-29,LQD,111.5199966430664,110.68429427585352,0.7550324756375149,1.7654375541760154,-0.0017008543815543176,1,0,0,
2024-08-30,LQD,111.20999908447266,110.12940670303657,0.9812023997821974,2.1820932995597304,-0.002779748636344892,1,1,0,
2024-09-03,LQD,111.13999938964844,110.15718352140463,0.8921940783397331,1.887417636151002,-0.0006294370596212628,1,0,0,
2024-09-04,LQD,111.83000183105467,110.76364066287356,0.9627357513705734,1.9482471696226,0.006208407820726514,1,0,0,
2024-09-05,LQD,112.37999725341795,111.30026509368618,0.9701074465751898,1.8900858742288056,0.004918138364999658,1,0,0,
2024-09-06,LQD,112.33000183105467,111.87891273351768,0.40319403050638686,0.700672006297785,-0.00044487830205708345,0,0,0,
2024-09-09,LQD,112.58000183105467,111.7924071104034,0.7045153968940499,1.3194047543417773,0.002225585292662924,0,0,0,
2024-09-10,LQD,112.88999938964844,112.24297694677628,0.5764480419821398,1.0455172714879344,0.0027535757110661585,0,0,0,
2024-09-11,LQD,112.94000244140624,112.3070618430486,0.5635804088991148,1.0088730031892852,0.000442936061902266,0,0,0,
2024-09-12,LQD,112.86000061035156,112.14753794372376,0.6352905107781484,1.1772589020321802,-0.0007083569092021236,0,0,0,
2024-09-13,LQD,113.20999908447266,112.7345491625267,0.4217428689589267,0.7346108024952092,0.0031011737748385393,0,0,0,
2024-09-16,LQD,113.70999908447266,113.06658026189967,0.5690618935167326,1.0383338876616164,0.00441657101001236,0,0,0,
2024-09-17,LQD,113.72000122070312,113.3934808502389,0.2879533885157519,0.4490446147710961,8.796180029024825e-05,0,0,0,
2024-09-18,LQD,113.25,112.82493691531968,0.37674568787868856,0.6300160143031028,-0.004132968832729511,0,0,0,
2024-09-19,LQD,113.3499984741211,113.04101421806638,0.27333818454481956,0.4053558450004015,0.0008829887339611986,0,0,0,
2024-09-20,LQD,113.4499969482422,113.10802239224633,0.30234332522404556,0.4548056157185746,0.0008822097526886008,0,0,0,
2024-09-23,LQD,113.29000091552734,113.01183069649652,0.24614256517786876,0.3245280304174361,-0.0014102779816543842,0,0,0,
2024-09-24,LQD,113.4800033569336,113.36850323964526,0.09835193559240515,0.011836646240009886,0.0016771333733849314,0,0,0,
2024-09-25,LQD,112.80999755859376,112.91163372502486,-0.0900139012057942,-0.39074785756859404,-0.00590417499576934,0,0,0,
2024-09-26,LQD,112.80999755859376,113.54053928120106,-0.6434192819870241,-1.5264884998149066,0.0,-1,0,0,
2024-09-27,LQD,113.26000213623048,113.96979633676168,-0.6227914968224292,-1.452836151061328,0.003989048731279254,0,0,0,
2024-09-30,LQD,112.9800033569336,113.7732916657332,-0.6972535444700768,-1.5604526428749244,-0.002472177061767167,-1,0,0,
2024-10-01,LQD,113.11000061035156,114.0625971677635,-0.8351524347730359,-1.7596160397437206,0.0011506217875323355,-1,0,0,
2024-10-02,LQD,112.86000061035156,113.38648150264822,-0.4643242168903218,-0.9983824724218519,-0.002210237809663007,0,0,0,
2024-10-03,LQD,112.12999725341795,112.67904156398328,-0.4872639161148295,-1.0112833569157282,-0.006468220387964907,0,0,0,
2024-10-04,LQD,111.5199966430664,111.8808306090476,-0.3225163453085951,-0.6714050061774189,-0.005440119729718029,0,0,0,
2024-10-07,LQD,110.9499969482422,111.33015595176276,-0.3414699281345445,-0.7029927094144282,-0.00511118823513379,0,0,0,
2024-10-08,LQD,111.16999816894533,111.45199830221054,-0.2530238466434216,-0.5273835403197248,0.0019828862258171043,0,0,0,
2024-10-09,LQD,110.9499969482422,111.9512408115902,-0.8943570934001981,-1.7110309189760433,-0.00197896216899085,-1,0,0,
2024-10-10,LQD,110.83000183105467,111.64059166807492,-0.7260708895472865,-1.346926578005292,-0.00108152429461994,0,0,0,
2024-10-11,LQD,110.80999755859376,111.58432282341094,-0.693937324907726,-1.2466320937114022,-0.00018049510178119732,0,0,0,
2024-10-14,LQD,110.81999969482422,111.46457030239426,-0.5782739805315522,-1.0084780215375966,9.026384307220248e-05,0,0,0,
2024-10-15,LQD,111.36000061035156,111.4533113567357,-0.08372182508375027,-0.09490574101363221,0.0048727749234289686,0,0,0,
2024-10-16,LQD,111.70999908447266,112.00088591381446,-0.25971832898325525,-0.40923795132411467,0.003142946050671558,0,0,0,
2024-10-17,LQD,110.87999725341795,110.28383860123026,0.5405675570863258,1.0240996854111997,-0.007429969007761494,0,0,0,
2024-10-18,LQD,110.75,110.5538599998665,0.17741578641734748,0.3497375542598878,-0.001172413930718652,0,0,0,
2024-10-21,LQD,109.62000274658205,108.71132939597716,0.8358589262532844,1.4911218521727185,-0.010203135471042457,0,0,0,
2024-10-22,LQD,109.61000061035156,108.63925966846242,0.8935452476863204,1.533816507264448,-9.124371446700419e-05,1,0,0,
2024-10-23,LQD,109.23999786376952,108.94639829230532,0.2694899290534283,0.44182125557543966,-0.003375629454627549,0,0,0,
2024-10-24,LQD,109.56999969482422,109.95754771796436,-0.3524524065725643,-0.6336270599612613,0.003020888296484836,0,0,0,
2024-10-25,LQD,109.30999755859376,110.15371580404074,-0.7659462409311019,-1.32605956403926,-0.002372931796610578,0,0,0,
2024-10-28,LQD,109.22000122070312,109.85600379730316,-0.5789420283060105,-0.9639449443985476,-0.0008233129622238211,0,0,0,
2024-10-29,LQD,109.3499984741211,110.58789498683475,-1.1193779507793595,-1.8554439760676416,0.0011902330339228495,-1,0,0,
2024-10-30,LQD,109.20999908447266,109.99487026807058,-0.7135525335727969,-1.1023276677690421,-0.0012802870745496353,0,0,0,
2024-10-31,LQD,108.98999786376952,110.04957677143408,-0.9628196116239832,-1.4865483247543834,-0.0020144787340669046,0,0,0,
2024-11-01,LQD,108.01000213623048,108.4222173879376,-0.38019444873756164,-0.4809518130105917,-0.008991611585899562,0,0,0,
2024-11-04,LQD,108.80999755859376,109.42588056773704,-0.5628312113623153,-0.7876912222594121,0.007406679071761069,0,0,0,
2024-11-05,LQD,109.33000183105467,109.74003848764784,-0.3736436238258808,-0.4660335094387301,0.004779011893469631,0,0,0,
2024-11-06,LQD,108.19000244140624,108.3261766802192,-0.1257076017876627,-0.04851730357366701,-0.010427141411833651,0,0,0,
2024-11-07,LQD,109.47000122070312,109.292224005564,0.1626622724138909,0.44310244982561175,0.011831026438788639,0,0,0,
2024-11-08,LQD,109.8499984741211,109.70173622661774,0.13515031995216475,0.3755502385227513,0.003471245539240053,0,0,0,
2024-11-11,LQD,109.63999938964844,109.68281416505135,-0.03903508104605063,0.06815700345652874,-0.0019116894618995683,0,0,0,
2024-11-12,LQD,108.6500015258789,108.56214820223914,0.08092445211760367,0.26519932586345313,-0.00902953182488797,0,0,0,
2024-11-13,LQD,108.23999786376952,108.2325187536179,0.006910224614329385,0.12437858950006037,-0.0037736185582264437,0,0,0,
2024-11-14,LQD,108.20999908447266,108.44408371313534,-0.21585744528203527,-0.26924188522113635,-0.0002771505902523508,0,0,0,
2024-11-15,LQD,108.26000213623048,108.07168053418503,0.1742561983996157,0.3918223300832803,0.00046209271029362675,0,0,0,
2024-11-18,LQD,108.45999908447266,108.33190592409632,0.11824139830613463,0.2765102873884923,0.0018473761712152204,0,0,0,
2024-11-19,LQD,108.69000244140624,108.0898837909208,0.5552033450662751,1.0217073990163108,0.0021206284240740114,0,0,0,
2024-11-20,LQD,108.43000030517578,107.8541937727116,0.5338749587036186,0.9538265040361374,-0.0023921439910778997,0,0,0,
2024-11-21,LQD,108.3000030517578,107.66506343008908,0.5897359843947996,1.0229057171097713,-0.0011989048515365086,0,0,0,
2024-11-22,LQD,108.4000015258789,107.52525103544234,0.8135302935942313,1.3790138107579903,0.0009233469187743815,0,0,0,
2024-11-25,LQD,109.75,108.78573109251708,0.8863928180643958,1.467049485188788,0.01245386028706652,0,0,0,
2024-11-26,LQD,109.47000122070312,107.96016072328592,1.3985163483473249,2.2258382823648253,-0.0025512417248007013,1,1,0,
2024-11-27,LQD,109.87000274658205,108.15899067668828,1.5819416020702077,2.413433825652595,0.0036539830220014835,1,1,0,
2024-11-29,LQD,110.5500030517578,108.90075567689736,1.514449890277772,2.234712461894236,0.00618913523415654,1,1,0,
2024-12-02,LQD,110.33999633789062,109.0069185764508,1.2229294973647795,1.7487126314646977,-0.0018996536234273664,1,0,0,
2024-12-03,LQD,109.9499969482422,109.14035716178508,0.7418335504042284,1.0178578325707894,-0.00353452422142686,0,0,0,
2024-12-04,LQD,110.4800033569336,109.95279467680218,0.47948638475365574,0.6299761676819737,0.004820431317891671,0,0,0,
2024-12-05,LQD,110.4499969482422,110.3195058455042,0.11828470562653778,0.0688100931581112,-0.0002716003600620187,0,0,0,
2024-12-06,LQD,110.6999969482422,110.46617920316824,0.21166455358606046,0.2301778546357599,0.002263467694952892,0,0,0,
2024-12-09,LQD,110.41999816894533,109.9195355840202,0.4552990351224583,0.62180778851246,-0.0025293476695197326,0,0,0,
2024-12-10,LQD,110.25,109.71337934975178,0.4891114041228722,0.6785018241978187,-0.0015395596066323236,0,0,0,
2024-12-11,LQD,109.9499969482422,109.9036627699576,0.04215890273063892,-0.019512415450593203,-0.002721116115717015,0,0,0,
2024-12-12,LQD,109.33000183105467,108.89356995737052,0.4007875523366627,0.5571490774168354,-0.005638882532023937,0,0,0,
2024-12-13,LQD,108.72000122070312,107.77270005576167,0.8789806365167765,1.3062566026731945,-0.005579443886721713,0,0,0,
2024-12-16,LQD,108.86000061035156,107.88119239029469,0.9073020035927347,1.3179962068440798,0.0012877059241771516,0,0,0,
2024-12-17,LQD,108.87000274658205,108.06513203102696,0.7448014918669545,1.0459351327759026,9.18807291421242e-05,0,0,0,
2024-12-18,LQD,107.13999938964844,106.5446504278904,0.5587788400140913,0.7457351403401665,-0.01589054205280549,0,0,0,
2024-12-19,LQD,106.55999755859376,105.73273496772542,0.7824091480475399,1.0723743591181227,-0.0054134948138772065,0,0,0,
2024-12-20,LQD,106.9800033569336,106.11360405952315,0.8164827734287892,1.1004082698707616,0.00394149594559523,0,0,0,
2024-12-23,LQD,106.66999816894533,105.7622304483682,0.858309924751717,1.1337205740061553,-0.002897786298939886,0,0,0,
2024-12-24,LQD,107.0,106.2623214081273,0.6942052291888606,0.8623395881270329,0.0030936705420394617,0,0,0,
2024-12-26,LQD,107.0999984741211,106.41917955198504,0.6397520869849214,0.7545974777993512,0.0009345651787018294,0,0,0,
2024-12-27,LQD,106.6500015258789,106.42658422587876,0.20992621498212488,0.08568969775974501,-0.004201652237660114,0,0,0,
2024-12-30,LQD,107.11000061035156,106.90557758229453,0.1912182999990565,0.03603826646889554,0.004313165287306964,0,0,0,
2024-12-31,LQD,106.83999633789062,106.7101058218076,0.12172278818645704,-0.09718026061893201,-0.0025208129112347377,0,0,0,
2025-01-02,LQD,106.8499984741211,106.68470365872304,0.15493768996802265,-0.06071199827682393,9.361790128514791e-05,0,0,0,
2025-01-03,LQD,106.5999984741211,106.33878377044796,0.2456438699139285,0.06608805056662875,-0.0023397286248960647,0,0,0,
2025-01-06,LQD,106.33000183105467,106.28964731431836,0.03796655436909956,-0.27919297480999394,-0.0025328015659584757,0,0,0,
2025-01-07,LQD,105.83999633789062,105.54021481248763,0.2840448315702321,0.10396068847485805,-0.004608346512987027,0,0,0,
2025-01-08,LQD,106.01000213623048,105.98191383761572,0.026502916957886105,-0.32442896923445874,0.0016062528743587823,0,0,0,
2025-01-10,LQD,105.4000015258789,105.8241201733551,-0.4007769181368336,-1.0565631904665496,-0.005754179776052526,0,0,0,
2025-01-13,LQD,105.0999984741211,105.31687209594106,-0.20592486037983035,-0.7578048185727916,-0.0028463287230992007,0,0,0,
2025-01-14,LQD,105.22000122070312,106.0066590113844,-0.7420833728915024,-1.6624648586780486,0.0011417958927142369,-1,0,0,
2025-01-15,LQD,106.4800033569336,107.88658063413108,-1.3037555448786733,-2.4971941478760016,0.011974929876569451,-1,-1,0,
2025-01-16,LQD,106.69000244140624,107.8507347521,-1.0762395948082857,-2.032674493789064,0.0019721926920748256,-1,-1,0,
2025-01-17,LQD,106.77999877929688,107.82690340754633,-0.9709122632340959,-1.806875865173174,0.0008435311259840095,-1,0,0,
2025-01-21,LQD,107.4000015258789,108.0374473565815,-0.5900230395102506,-1.181133919059629,0.005806356561808057,0,0,0,
2025-01-22,LQD,107.05999755859376,107.676625339293,-0.5726663319510766,-1.1246136639532858,-0.003165772462332961,0,0,0,
2025-01-23,LQD,106.91000366210938,107.25565721937735,-0.32227069996036745,-0.7214027275180895,-0.0014010265262923705,0,0,0,
2025-01-24,LQD,107.12000274658205,106.79752726663538,0.3019503243193586,0.24225064882144198,0.001964260380500793,0,0,0,
2025-01-27,LQD,107.86000061035156,107.6125666738299,0.22993033636268834,0.1328783711848742,0.0069081202837546485,0,0,0,
2025-01-28,LQD,107.70999908447266,107.52654136137444,0.1706162225395602,0.029392394649142593,-0.0013907057762848618,0,0,0,
2025-01-29,LQD,107.56999969482422,107.29454896479886,0.2567238808336151,0.13926202672916438,-0.0012997808080811302,0,0,0,
2025-01-30,LQD,107.80999755859376,107.62292464474751,0.17382255171354963,-0.009320417679395877,0.002231085474113881,0,0,0,
2025-01-31,LQD,107.45999908447266,107.43496592459316,0.023300756568461124,-0.28626104445744704,-0.003246438011751951,0,0,0,
2025-02-03,LQD,107.23999786376952,107.25835003386298,-0.01711024837476127,-0.37720400358863604,-0.002047284781104497,0,0,0,
2025-02-04,LQD,107.4499969482422,107.50449024836732,-0.05068932469631821,-0.4715927845808384,0.0019582160449076458,0,0,0,
2025-02-05,LQD,108.1999969482422,107.9122209324364,0.2666760199347391,0.05733902326499014,0.006979990891589072,0,0,0,
2025-02-06,LQD,108.0,107.24872304165724,0.7004996768595073,0.7841402875778011,-0.0018484006828379806,0,0,0,
2025-02-07,LQD,107.52999877929688,106.54300252590876,0.9263829908943098,1.1434425838497628,-0.00435186315465852,0,0,0,
2025-02-10,LQD,107.55999755859376,106.22929964856527,1.2526656152594364,1.646232152537648,0.0002789805601919326,1,0,0,
2025-02-11,LQD,107.31999969482422,106.5394459909908,0.7326429160326445,0.732676862031936,-0.002231292945491292,0,0,0,
2025-02-12,LQD,106.73999786376952,106.38438757368836,0.3342692458842629,0.04433939828120076,-0.005404415138874352,0,0,0,
2025-02-13,LQD,107.56999969482422,106.80618528891056,0.7151406108621395,0.67661978947061,0.007775921375921424,0,0,0,
2025-02-14,LQD,107.98999786376952,107.68509157354056,0.28314624222678864,-0.06944027861845489,0.00390441731093083,0,0,0,
2025-02-18,LQD,107.5500030517578,107.2152825301971,0.3121947857260217,-0.02796712598417923,-0.0040744033773089106,0,0,0,
2025-02-19,LQD,107.61000061035156,107.01870863609676,0.552512716505871,0.3667651184968523,0.0005578573397613251,0,0,0,
2025-02-20,LQD,107.87000274658205,107.14327956439534,0.6782722958838748,0.5694886718614743,0.0024161521676031583,0,0,0,
2025-02-21,LQD,108.25,107.922734620676,0.3032404437065718,-0.08362421896948258,0.0035227333247658255,0,0,0,
2025-02-24,LQD,108.52999877929688,107.34918921746382,1.0999706382886787,1.2640458189368868,0.002586593804128068,0,0,0,
2025-02-25,LQD,109.36000061035156,108.2582695418856,1.0176876770043897,1.1000491340372407,0.007647671983693316,0,0,0,
2025-02-26,LQD,109.58999633789062,108.89235090710793,0.6406744137408105,0.4601440475992589,0.0021031064946546163,0,0,0,
2025-02-27,LQD,109.12999725341795,108.89790540580854,0.21312792633110747,-0.24816003313513582,-0.004197455058346677,0,0,0,
2025-02-28,LQD,109.61000061035156,108.92342198180556,0.6303314898247386,0.46983903787875664,0.0043984547696722665,0,0,0,
2025-03-03,LQD,109.54000091552734,108.5776494349834,0.886325579483283,0.9388175943640724,-0.0006386250746687194,0,0,0,
2025-03-04,LQD,109.18000030517578,107.96869302875832,1.1219060289030416,1.3935711144174867,-0.0032864762401195735,0,0,0,
2025-03-05,LQD,108.83000183105467,108.6368784667128,0.17776961844595587,-0.26004414900150785,-0.0032057013477083673,0,0,0,
2025-03-06,LQD,108.48999786376952,109.09877090692792,-0.5580017429139981,-1.5719643956796383,-0.0031241749661363727,-1,0,0,
2025-03-07,LQD,108.31999969482422,108.86074733126328,-0.4967333494354668,-1.4068290219838027,-0.0015669478504254375,0,0,0,
2025-03-10,LQD,108.69000244140624,109.21066664111906,-0.47675214860083076,-1.3245180134578955,0.003415830387965668,0,0,0,
2025-03-11,LQD,107.9800033569336,108.27793213863724,-0.2751518945912113,-0.9420454466704012,-0.006532331111643863,0,0,0,
2025-03-12,LQD,107.66000366210938,107.61553798613176,0.04131901099946147,-0.3681381621199877,-0.002963508843081275,0,0,0,
2025-03-13,LQD,108.0,107.77181465025706,0.21173008034007296,-0.05538570499598566,0.003158056161299161,0,0,0,
2025-03-14,LQD,107.9499969482422,107.8565543388186,0.08663600464192987,-0.26896769861080544,-0.0004629912199796138,0,0,0,
2025-03-17,LQD,108.16999816894533,108.166148590431,0.0035589494166942443,-0.417124251194484,0.00203799191220555,0,0,0,
2025-03-18,LQD,108.43000030517578,109.17003392455452,-0.6778724827457318,-1.5794168779499442,0.0024036437148160505,-1,0,0,
2025-03-19,LQD,109.06999969482422,108.9956778372314,0.06818789429779917,-0.2446823952798552,0.005902419882386489,0,0,0,
2025-03-20,LQD,108.91000366210938,108.66040836139273,0.22970215599275337,0.06296887414748732,-0.0014669114620199375,0,0,0,
2025-03-21,LQD,108.76000213623048,108.7924135076366,-0.02979194078072147,-0.3857260089707534,-0.0013772979601053281,0,0,0,
2025-03-24,LQD,108.29000091552734,108.33517835665604,-0.04170154313123426,-0.3910583319148849,-0.004321452845453488,0,0,0,
2025-03-25,LQD,108.4000015258789,108.7044479256228,-0.28006802440338235,-0.798487903689029,0.0010157965594383978,0,0,0,
2025-03-26,LQD,107.95999908447266,107.86319195992854,0.08974991633853918,-0.1015843908436449,-0.004059063055466883,0,0,0,
2025-03-27,LQD,107.83000183105467,107.67291740159992,0.14589038102205396,0.023727221885001606,-0.0012041242545423048,0,0,0,
2025-03-28,LQD,108.4800033569336,108.04894882301043,0.3989437552319443,0.5118541539544049,0.006028021096552871,0,0,0,
2025-03-31,LQD,108.69000244140624,108.00530550877755,0.6339474986004622,0.9571061388378169,0.001935832208464161,0,0,0,
2025-04-01,LQD,108.66000366210938,108.33340063644116,0.30147952870442557,0.3245939833822753,-0.00027600311549380585,0,0,0,
2025-04-02,LQD,108.91000366210938,108.7470069733712,0.14988613781167182,0.03898237053051613,0.0023007545699833543,0,0,0,
2025-04-03,LQD,108.9000015258789,109.118812460861,-0.20052539983476392,-0.6125870491404352,-9.183854461614072e-05,0,0,0,
2025-04-04,LQD,108.77999877929688,108.8153840243199,-0.03251860510377246,-0.2898137127076562,-0.0011019535803542535,0,0,0,
2025-04-07,LQD,106.66000366210938,106.6023334170621,0.05409848283681776,-0.12081436119256955,-0.01948883196339013,0,0,0,
2025-04-08,LQD,105.30999755859376,105.16506893531864,0.13781061025525343,0.03408514300029188,-0.012657097854527843,0,0,0,
2025-04-09,LQD,107.06999969482422,106.52706356456385,0.5096696671182623,0.7262020933514587,0.016712583582116247,0,0,0,
2025-04-10,LQD,105.25,104.8794786242079,0.35328300698338144,0.4219957062660061,-0.01699822265818307,0,0,0,
2025-04-11,LQD,105.2300033569336,104.7846849087688,0.42498428902326363,0.5350993399868087,-0.00018999185811308106,0,0,0,
2025-04-14,LQD,105.87999725341795,105.99530022730032,-0.10878121353975574,-0.4765521174328702,0.006176887539189879,0,0,0,
2025-04-15,LQD,106.4499969482422,106.55662618306611,-0.10006814089695576,-0.4897897152747759,0.0053834502229914705,0,0,0,
2025-04-16,LQD,106.9000015258789,107.17186216858578,-0.25366792850834413,-0.8724218501227061,0.004227379901715844,0,0,0,
2025-04-17,LQD,106.75,107.27368423494808,-0.4881758640834208,-1.4306819213656428,-0.0014031947964247005,0,0,0,
2025-04-21,LQD,105.5999984741211,106.09714403091132,-0.4685758144869448,-1.4555361031326388,-0.010772848017601033,0,0,0,
2025-04-22,LQD,105.86000061035156,106.41665113462982,-0.5230859253163533,-1.585145613061591,0.00246214147715329,-1,0,0,
2025-04-23,LQD,106.33000183105467,106.55908508491548,-0.21498237684591032,-0.9270119018306822,0.004439837691226689,0,0,0,
2025-04-24,LQD,107.41999816894533,107.526908767519,-0.09942683166390043,-0.6782596453073552,0.010251070432807152,0,0,0,
2025-04-25,LQD,107.98999786376952,108.58143505141793,-0.5446945763503117,-1.6285158762214889,0.005306271686280617,-1,0,0,
2025-04-28,LQD,108.23999786376952,108.6590854219509,-0.38569030519073916,-1.2357598210467604,0.0023150292151628005,0,0,0,
2025-04-29,LQD,108.48999786376952,108.76550657362992,-0.2533052238155074,-0.9223232958861483,0.002309682233315069,0,0,0,
2025-04-30,LQD,107.9800033569336,108.49406248179795,-0.47381314065053465,-1.3594052865913842,-0.0047008435512766455,0,0,0,
2025-05-01,LQD,107.16999816894533,107.66827988175824,-0.462793418228773,-1.295630806526014,-0.007501436958755714,0,0,0,
2025-05-02,LQD,106.91000366210938,107.39398414485888,-0.4506588396019299,-1.2386216449307925,-0.0024260008517130727,0,0,0,
2025-05-05,LQD,106.76000213623048,107.31883442460976,-0.5207215409815615,-1.3497158610601965,-0.0014030635182931128,0,0,0,
2025-05-06,LQD,106.97000122070312,107.26738914343332,-0.27723982573356076,-0.8337605753888415,0.00196702023483164,0,0,0,
2025-05-07,LQD,107.19000244140624,108.1389120818404,-0.8774913878512335,-1.9703388480436175,0.002056662785758112,-1,0,0,
2025-05-08,LQD,106.6500015258789,107.65548722340807,-0.9339846239723665,-1.9874254224203007,-0.0050377918017355805,-1,0,0,
2025-05-09,LQD,106.61000061035156,107.2648069133714,-0.6104577278069127,-1.3182951606233093,-0.00037506718195068345,0,0,0,
2025-05-12,LQD,106.58999633789062,107.28717564066297,-0.6498253855683591,-1.379503660179339,-0.0001876397368577587,0,0,0,
2025-05-13,LQD,106.68000030517578,107.37195650055594,-0.6444477850010817,-1.3273697500443018,0.0008443941305695812,0,0,0,
2025-05-14,LQD,106.13999938964844,106.87267651178084,-0.6855607495257556,-1.3621010518112262,-0.005061875834107443,0,0,0,
2025-05-15,LQD,106.9000015258789,106.96385531386387,-0.05969660292965489,-0.07695848435391103,0.007160374416815607,0,0,0,
2025-05-16,LQD,107.0999984741211,107.5150149799632,-0.38600795053551124,-0.723994521524045,0.0018708788155983314,0,0,0,
2025-05-19,LQD,107.11000061035156,107.32187107665516,-0.1974159266681669,-0.32187556588419597,9.339062906610351e-05,0,0,0,
2025-05-20,LQD,106.8499984741211,106.66600373812504,0.17249613705204148,0.4561086606549237,-0.0024274310031638935,0,0,0,
2025-05-21,LQD,105.66000366210938,105.25095512878688,0.3886411603789929,0.9258931912371979,-0.011137059700566443,0,0,0,
2025-05-22,LQD,106.1999969482422,106.39697986774276,-0.18513957797055555,-0.26579111974944936,0.005110668819013897,0,0,0,
2025-05-23,LQD,106.27999877929688,106.84173995224802,-0.5257693979920299,-0.9724289728069345,0.0007533129317665033,0,0,0,
2025-05-27,LQD,107.23999786376952,107.46837914063966,-0.21251020876686386,-0.25042097229341137,0.009032735185349416,0,0,0,
2025-05-28,LQD,106.9800033569336,107.32275343098276,-0.3193638469866317,-0.4739780357562563,-0.0024244173071151787,0,0,0,
2025-05-29,LQD,107.45999908447266,108.44693129594486,-0.9100600631832836,-1.7950867913566257,0.0044867798885515064,-1,0,0,
2025-05-30,LQD,107.7699966430664,108.26755977996298,-0.45956807182852694,-0.7239935604577405,0.002884771647448714,0,0,0,
2025-06-02,LQD,107.06999969482422,107.7391195777236,-0.62105564396846,-1.097094909306505,-0.0064952859798314,0,0,0,
2025-06-03,LQD,107.12000274658205,107.42740666870183,-0.2861503704243743,-0.23120334188482844,0.00046701271971927305,0,0,0,
2025-06-04,LQD,107.9000015258789,108.23637236541592,-0.31077431013799345,-0.2794225014805438,0.007281541815697512,0,0,0,
2025-06-05,LQD,107.56999969482422,107.60010902703088,-0.027982622395948967,0.4767297254880129,-0.003058404322409003,0,0,0,
2025-06-06,LQD,106.91999816894533,106.91666408075898,0.0031183990026392113,0.5423857287278234,-0.006042591128780694,0,0,0,
2025-06-09,LQD,107.23999786376952,107.37435042572643,-0.1251253781040114,0.17248987655849787,0.002992889078790917,0,0,0,
2025-06-10,LQD,107.5,107.7078994013194,-0.1930214983998176,-0.020155402593075425,0.0024244884502959696,0,0,0,
2025-06-11,LQD,107.83999633789062,107.87698608197306,-0.03428881861264234,0.42604272286458883,0.003162756631540642,0,0,0,
2025-06-12,LQD,108.44000244140624,107.77512653801124,0.6169103435573372,2.160270974868787,0.005563855006408103,1,1,0,
2025-06-13,LQD,107.79000091552734,107.55941602986982,0.21437907918120933,1.0590785009645982,-0.005994112055005774,0,0,0,
2025-06-16,LQD,107.5999984741211,108.08918983802252,-0.45258121060441464,-0.7175795877199661,-0.0017627093403139726,0,0,0,
2025-06-17,LQD,107.97000122070312,108.83107103337836,-0.7911985102224626,-1.6117951277709928,0.003438687284656572,-1,0,0,
2025-06-18,LQD,108.0500030517578,109.39039501078054,-1.2253287492842875,-2.574283040728814,0.0007409635097728184,-1,-1,-1,
2025-06-20,LQD,108.13999938964844,109.42829400383368,-1.1772957130631254,-2.312199786789215,0.0008329137931402109,-1,-1,0,
2025-06-23,LQD,108.41000366210938,109.713210406288,-1.1878302889438856,-2.2041915803781253,0.0024968029774816713,-1,-1,0,
2025-06-24,LQD,108.91999816894533,109.72347283590038,-0.7322723626846104,-1.1001907287289172,0.004704312236954555,0,0,0,
2025-06-25,LQD,108.79000091552734,109.58265003305712,-0.7233345034918058,-1.053307123325766,-0.0011935113441366996,0,0,0,
2025-06-26,LQD,109.19000244140624,109.94656457435,-0.6881180288558763,-0.9419203444544684,0.003676822525164658,0,0,0,
2025-06-27,LQD,109.01000213623048,109.97994500686836,-0.881927037313308,-1.3412398746794363,-0.0016485053681755124,0,0,0,
2025-06-30,LQD,109.61000061035156,110.21361847261528,-0.547679924340474,-0.5526273862223403,0.005504068088827863,0,0,0,
2025-07-01,LQD,109.33999633789062,109.86771251348696,-0.4803196166767908,-0.3690209589943605,-0.0024633178629454022,0,0,0,
2025-07-02,LQD,109.31999969482422,109.4448398576024,-0.11406674169436663,0.5445678192085093,-0.0001828849802099075,0,0,0,
2025-07-03,LQD,109.05999755859376,108.96444968053936,0.08768720287628691,1.047703938197389,-0.002378358369523159,0,0,0,
2025-07-07,LQD,108.41000366210938,107.9944493076108,0.3847923269786941,1.7182821491865174,-0.005959966174904574,1,0,0,
2025-07-08,LQD,108.0999984741211,107.50814259895137,0.5505219054686752,2.032503064295956,-0.0028595625635665645,1,1,0,
2025-07-09,LQD,108.72000122070312,108.23352790434409,0.449466376804219,1.7468555275324003,0.005735455646009635,1,0,0,
2025-07-10,LQD,108.73999786376952,107.9104021179242,0.7687819983644674,2.362931251022666,0.00018392791429233668,1,1,0,
2025-07-11,LQD,108.08000183105467,107.24160243009646,0.7817855962239144,2.3353456008233247,-0.00606948726945622,1,1,0,
2025-07-14,LQD,108.0500030517578,107.6420021028996,0.37903508006863024,1.4603914083007445,-0.00027756086962105186,0,0,0,
2025-07-15,LQD,107.66000366210938,107.9814601457966,-0.2976959963804877,0.022021958976346255,-0.003609434323306848,0,0,0,
2025-07-16,LQD,107.83000183105467,107.90683351875816,-0.07120187405937825,0.5202952370459497,0.0015790280806495804,0,0,0,
2025-07-17,LQD,108.08999633789062,108.2120932128584,-0.11283108139088524,0.42900221236731034,0.00241115183549101,0,0,0,
2025-07-18,LQD,108.29000091552734,108.84543858691836,-0.51029944718122,-0.4382856511087314,0.0018503523398363253,0,0,0,
2025-07-21,LQD,108.70999908447266,109.64938563216823,-0.8567184779738387,-1.1764757771286527,0.003878457525112955,0,0,0,
2025-07-22,LQD,108.97000122070312,110.05619434432032,-0.9869441062253558,-1.419746652790054,0.002391703968541492,0,0,0,
2025-07-23,LQD,108.8000030517578,109.64823146607009,-0.7735906023935889,-0.9476680433004091,-0.0015600455817287306,0,0,0,
2025-07-24,LQD,108.63999938964844,108.99883897710934,-0.3292141373508259,0.00428209939396026,-0.0014706218531376214,0,0,0,
2025-07-25,LQD,108.98999786376952,109.31042630189462,-0.29313620755639835,0.08802655288795193,0.0032216354573584294,0,0,0,
2025-07-28,LQD,108.7699966430664,109.58385114072009,-0.7426774010785431,-0.8628185970786183,-0.0020185450501439828,0,0,0,
2025-07-29,LQD,109.48999786376952,110.13404280028236,-0.5847827975231564,-0.5188047676587766,0.0066194837080471025,0,0,0,
2025-07-30,LQD,109.08000183105467,108.52483554166356,0.5115569045741398,1.740355349878446,-0.0037445980520063316,1,0,0,
2025-07-31,LQD,109.11000061035156,109.23289973511233,-0.11251108874596556,0.4351660135765131,0.00027501630723625325,0,0,0,
2025-08-01,LQD,109.62999725341795,109.12937051837012,0.45874610351899614,1.5566960993873902,0.004765801852786966,1,0,0,
2025-08-04,LQD,109.81999969482422,109.74213101541751,0.0709560482252399,0.7497097387228312,0.0017331245659621963,0,0,0,
2025-08-05,LQD,109.9000015258789,109.76357568669152,0.12429062950426735,0.8334383969999993,0.00072848143577664,0,0,0,
2025-08-06,LQD,109.87000274658205,110.47212338056744,-0.5450430529982092,-0.5048382451952249,-0.0002729643210223065,0,0,0,
2025-08-07,LQD,109.76000213623048,110.25397296205526,-0.44802995534208884,-0.327005390043585,-0.001001188746716286,0,0,0,
2025-08-08,LQD,109.41000366210938,109.467482400192,-0.05250759113331126,0.45353105384495424,-0.0031887615461841934,0,0,0,
2025-08-11,LQD,109.58000183105467,109.12207385543728,0.4196474273610749,1.3747201250755514,0.0015537717142419805,0,0,0,
2025-08-12,LQD,109.68000030517578,109.05118353589472,0.5766253504934046,1.6265074340698538,0.0009125613474187944,1,0,0,
2025-08-13,LQD,110.26000213623048,109.29102227836678,0.8866051736579851,2.1260714661602194,0.0052881275477834055,1,1,0,
2025-08-14,LQD,109.87999725341795,109.63321165174116,0.22510113309525737,0.8200998918270771,-0.003446443637312946,0,0,0,
2025-08-15,LQD,109.73999786376952,109.51826703240246,0.2024601350763268,0.7649633151498484,-0.0012741116959218424,0,0,0,
2025-08-18,LQD,109.54000091552734,108.9018447084769,0.5859921002796098,1.4506785012988785,-0.0018224617471784832,0,0,0,
2025-08-19,LQD,109.70999908447266,109.0964972644021,0.5623478621716823,1.361794163962292,0.0015519277663362807,0,0,0,
2025-08-20,LQD,109.76000213623048,109.02308112932246,0.6759311874830328,1.5337139016410049,0.00045577478967362417,1,0,0,
2025-08-21,LQD,109.33999633789062,108.84246285927787,0.45711339631850445,1.1272282593560707,-0.0038265833652094683,0,0,0,
2025-08-22,LQD,110.1999969482422,109.78908793650308,0.37427126817628054,0.9519369376362887,0.00786537990813474,0,0,0,
2025-08-25,LQD,109.91000366210938,109.53152359791756,0.34554441658384394,0.8723915286302049,-0.002631518095858265,0,0,0,
2025-08-26,LQD,109.98999786376952,109.96769093339988,0.020284985690158335,0.2750809199697272,0.0007278154762515587,0,0,0,
2025-08-27,LQD,110.02999877929688,109.62809386849258,0.36660758809362026,0.878975676042953,0.0003636777552891157,0,0,0,
2025-08-28,LQD,110.1999969482422,109.39232991454676,0.7383214475149743,1.4998253650002644,0.0015450165484989231,0,0,0,
2025-08-29,LQD,109.8000030517578,109.09239490773555,0.6486319643277626,1.2931378920764196,-0.003629708780048979,0,0,0,
2025-09-02,LQD,109.0500030517578,108.52033109985888,0.48808545507617607,0.9754337507697209,-0.006830600903047879,0,0,0,
2025-09-03,LQD,109.6999969482422,109.3753045408478,0.29686080304640206,0.616926083943897,0.00596051240985207,0,0,0,
2025-09-04,LQD,110.4499969482422,109.91446997224917,0.4872215424668332,0.9281788320981894,0.006836827902136244,0,0,0,
2025-09-05,LQD,111.16999816894533,110.82041744787476,0.31544793741188926,0.6125802593961696,0.006518798013552818,0,0,0,
2025-09-08,LQD,111.55999755859376,111.3278392446697,0.20853572251037447,0.4175774998979723,0.0035081352529642285,0,0,0,
2025-09-09,LQD,111.36000061035156,111.55113227963696,-0.17133996345843214,-0.25047479245574,-0.0017927299445946732,0,0,0,
2025-09-10,LQD,111.69000244140624,111.47094227663264,0.1965177294634887,0.38647975389899675,0.0029633784953839726,0,0,0,
2025-09-11,LQD,112.20999908447266,111.82179198965028,0.34716586804324123,0.638926479746954,0.004655713418389551,0,0,0,
2025-09-12,LQD,112.01000213623048,111.11339028217878,0.8069341163785047,1.430672767826558,-0.001782345155279863,0,0,0,
2025-09-15,LQD,112.36000061035156,111.85652837038536,0.4501053691735146,0.7990518565720752,0.0031247073247566703,0,0,0,
2025-09-16,LQD,112.26000213623048,111.58189541685616,0.6077210974423799,1.0392215027645175,-0.0008899828549117084,0,0,0,
2025-09-17,LQD,112.05999755859376,111.1158740424564,0.8496747420414708,1.4114577734761995,-0.0017816192217242621,0,0,0,
2025-09-18,LQD,111.83000183105467,111.18041396184314,0.5842646614308046,0.9336842814478822,-0.00205243380822695,0,0,0,
2025-09-19,LQD,111.73999786376952,111.96568268270435,-0.20156606339318972,-0.5174179698228222,-0.0008048284522174098,0,0,0,
2025-09-22,LQD,111.48999786376952,111.91346276714164,-0.3783860251498291,-0.9059088084278799,-0.002237336717195837,0,0,0,
2025-09-23,LQD,111.70999908447266,112.12320393933202,-0.368527512898166,-0.9109657243369077,0.0019732821321958305,0,0,0,
2025-09-24,LQD,111.26000213623048,111.5563953468698,-0.2656891249647568,-0.7358875241494053,-0.004028260244652748,0,0,0,
2025-09-25,LQD,111.05999755859376,111.1754077034416,-0.10380905924419663,-0.43953057516668764,-0.0017976323368377178,0,0,0,
2025-09-26,LQD,111.20999908447266,111.2139168958186,-0.0035227707604371986,-0.27290119908817373,0.0013506350547123347,0,0,0,
2025-09-29,LQD,111.58000183105467,111.28500181832275,0.2650851488626634,0.27010095504532083,0.003327063659994911,0,0,0,
2025-09-30,LQD,111.47000122070312,111.60998096620824,-0.12541866264406665,-0.5848712662757501,-0.000985845210131009,0,0,0,
2025-10-01,LQD,111.51000213623048,111.50460504587802,0.004840239871922283,-0.3073252754991246,0.0003588491530395199,0,0,0,
2025-10-02,LQD,111.69000244140624,111.33558907598574,0.31832890844868467,0.3647385263801639,0.0016142077098684204,0,0,0,
2025-10-03,LQD,111.5500030517578,111.75100653145331,-0.1798672655703921,-0.6947362004303348,-0.001253463932207155,0,0,0,
2025-10-06,LQD,111.19000244140624,111.73803183765376,-0.4904591455877535,-1.3205232550185073,-0.003227257736465705,0,0,0,
2025-10-07,LQD,111.4000015258789,111.41506965810557,-0.013524321505966976,-0.28175066470060717,0.0018886507767039706,0,0,0,
2025-10-08,LQD,111.26000213623048,110.8149344836241,0.4016314720396769,0.6333458244077158,-0.0012567269993789543,0,0,0,
2025-10-09,LQD,111.04000091552734,110.52371500081786,0.4671268195297855,0.7971908116744261,-0.0019773612841905708,0,0,0,
2025-10-10,LQD,111.3499984741211,110.89664047634076,0.4088113001737429,0.6668044211716982,0.0027917647337698526,0,0,0,
2025-10-13,LQD,111.7300033569336,111.04298677611176,0.6186942559524419,1.0946109160896624,0.003412706672832222,0,0,0,
2025-10-14,LQD,112.0999984741211,110.92158991028074,1.0623797989133665,1.9690387930754343,0.0033115108392640646,1,0,0,
2025-10-15,LQD,112.0999984741211,111.26362703046212,0.7517024799398203,1.263130552592599,0.0,0,0,0,
2025-10-16,LQD,112.41999816894533,111.73185019510328,0.6158924000993657,0.9472019303446311,0.002854591428902653,0,0,0,
2025-10-17,LQD,112.1999969482422,111.64960606374432,0.4929626748379667,0.6641047296478798,-0.001956958052716784,0,0,0,
2025-10-20,LQD,112.54000091552734,111.88368552710574,0.5866050848518034,0.8602156222399538,0.003030338471773586,0,0,0,
2025-10-21,LQD,112.55999755859376,111.62386764885044,0.8386467244516497,1.4283665723383148,0.00017768476011847945,0,0,0,
2025-10-22,LQD,112.66999816894533,112.2153378442018,0.4051677190285454,0.36613248333557896,0.0009772620179233638,0,0,0,
2025-10-23,LQD,112.52999877929688,112.18603733799362,0.3065991539276537,0.10463267767879333,-0.00124256139099721,0,0,0,
2025-10-24,LQD,112.72000122070312,112.3999701739904,0.28472520608086777,0.010911961892733482,0.0016884603525046948,0,0,0,
2025-10-27,LQD,112.91000366210938,111.95441123008013,0.8535549618186896,1.4701417494294857,0.0016856142596577417,0,0,0,
2025-10-28,LQD,112.91999816894533,111.93732681962116,0.8778763771156223,1.4952880254308254,8.851746091398383e-05,0,0,0,
2025-10-29,LQD,112.27999877929688,111.4902493972369,0.7083573553110675,1.0169624819672927,-0.005667724052660028,0,0,0,
2025-10-30,LQD,111.68000030517578,110.8813103099361,0.7203107475977519,1.0295489909396012,-0.005343769866799519,0,0,0,
2025-10-31,LQD,111.2300033569336,110.20735720322224,0.9279291144107477,1.5130254565786798,-0.004029342290584936,1,0,0,
2025-11-03,LQD,110.52999877929688,110.03563236630742,0.4492784767607911,0.26854346048835054,-0.006293307169922713,0,0,0,
2025-11-04,LQD,110.68000030517578,110.41356025964492,0.24131098110078594,-0.3134413013018293,0.0013571114406545348,0,0,0,
2025-11-05,LQD,110.3499984741211,110.19653051341258,0.1392675068747574,-0.6366470007884465,-0.0029815850211851735,0,0,0,
2025-11-06,LQD,110.93000030517578,111.3863569931115,-0.40970608991543417,-2.1003907475605827,0.005256020290663743,-1,-1,0,
2025-11-07,LQD,110.70999908447266,111.13038475880164,-0.3782814891187429,-1.9199230509850511,-0.0019832436680599086,-1,0,0,
2025-11-10,LQD,110.7699966430664,111.2857957344304,-0.4634905002565446,-2.0348833498819516,0.0005419344150474625,-1,-1,0,
2025-11-11,LQD,111.20999908447266,111.85050211332477,-0.5726420684309165,-2.200107281089648,0.003972216798237005,-1,-1,0,
2025-11-12,LQD,111.0999984741211,111.71466511142384,-0.5502112338515992,-2.0407452769255165,-0.0009891251799041267,-1,-1,0,
2025-11-13,LQD,110.5500030517578,111.35736300073415,-0.725017122550785,-2.318185370549904,-0.004950453914645214,-1,-1,0,
2025-11-14,LQD,110.25,110.54740926468097,-0.26903322896413195,-1.2267236681018228,-0.0027137317365548697,0,0,0,
2025-11-17,LQD,110.31999969482422,110.4497272958082,-0.11745398034034514,-0.8540767665925286,0.0006349178668862976,0,0,0,
2025-11-18,LQD,110.37000274658205,110.2398753813152,0.11804019626903513,-0.2995560292739295,0.00045325464010281813,0,0,0,
2025-11-19,LQD,110.37999725341795,110.27556355765532,0.09470248203087717,-0.3401953621668788,9.055455818796077e-05,0,0,0,
2025-11-20,LQD,110.52999877929688,110.73627957581944,-0.18628113325888443,-0.9581204557037832,0.0013589556949755721,0,0,0,
2025-11-21,LQD,110.91999816894533,110.8853820232968,0.03121795228270475,-0.4504282244453929,0.003528448330368583,0,0,0,
2025-11-24,LQD,111.36000061035156,110.9724785100303,0.3492055918046713,0.2620782156795452,0.003966845011447395,0,0,0,
2025-11-25,LQD,111.66999816894533,110.83307384121676,0.7551214621436684,1.1613067665550625,0.00278374242901136,0,0,0,
2025-11-26,LQD,112.0500030517578,111.5755397217532,0.42523955625741233,0.4320480075691669,0.003402927277186496,0,0,0,
2025-11-28,LQD,111.86000061035156,111.07197669206217,0.7094714092233437,1.0744839353566211,-0.0016956933175492628,0,0,0,
2025-12-01,LQD,110.8499984741211,110.17941230657988,0.608631098589704,0.8384792106592339,-0.009029162620413977,0,0,0,
2025-12-02,LQD,110.91999816894533,109.81445701391652,1.0067355292652407,1.6747776754837558,0.0006314812430112671,1,0,0,
2025-12-03,LQD,111.16999816894533,109.90571075548222,1.1503382351767781,1.913484187415483,0.002253876705075486,1,0,0,
2025-12-04,LQD,110.97000122070312,109.41988051572736,1.4166719042916183,2.336555702672928,-0.0017990190837123832,1,1,0,
2025-12-05,LQD,110.86000061035156,109.9159146588086,0.85891652221019,1.1584982752609363,-0.000991264388046531,0,0,0,
2025-12-08,LQD,110.62999725341795,110.15862707679364,0.4279012812094309,0.2664447506499343,-0.002074719066095021,0,0,0,
2025-12-09,LQD,110.48999786376952,110.67819540341505,-0.17004030374687687,-0.9363998747383816,-0.0012654740407137544,0,0,0,
2025-12-10,LQD,111.0,111.10155821924285,-0.09141025640921828,-0.7592597798223191,0.004615821758448213,0,0,0,
2025-12-11,LQD,110.83999633789062,110.76677225445954,0.0661065425494853,-0.4207491490942308,-0.0014414744334177998,0,0,0,
2025-12-12,LQD,110.16999816894533,110.19564565954964,-0.023274504587551446,-0.5862855090765136,-0.006044732867933722,0,0,0,
2025-12-15,LQD,110.3000030517578,110.05202814609028,0.22532515742312423,-0.06931343661496168,0.0011800388941924922,0,0,0,
2025-12-16,LQD,110.5500030517578,109.67637043614178,0.7965550028159286,1.0993876427733482,0.0022665457215145235,0,0,0,
2025-12-17,LQD,110.43000030517578,110.02058532929657,0.3721257932357096,0.23984743895511146,-0.0010855064972348227,0,0,0,
2025-12-18,LQD,110.8499984741211,109.76728178509757,0.986374693274514,1.4453983623839626,0.003803297725116783,0,0,0,
2025-12-19,LQD,110.12999725341795,109.5111633186914,0.5650875362593557,0.566992417276913,-0.006495274971710763,0,0,0,
2025-12-22,LQD,110.11000061035156,109.14446376978184,0.8846411510219433,1.1863990839897374,-0.00018157308240351888,0,0,0,
2025-12-23,LQD,110.22000122070312,109.7592577712198,0.41977638956314434,0.20850829400226997,0.0009990065365708123,0,0,0,
2025-12-24,LQD,110.6500015258789,110.200145572595,0.4082172042028345,0.1685267439816225,0.0039012910580062954,0,0,0,
2025-12-26,LQD,110.63999938964844,110.21546932121568,0.38518192686318303,0.10770975248452418,-9.039436143276625e-05,0,0,0,
2025-12-29,LQD,110.79000091552734,110.51482636278544,0.24899333582499625,-0.17838842642010042,0.0013557621719666457,0,0,0,
2025-12-30,LQD,110.66000366210938,110.3605024106951,0.27138445809145323,-0.1456129255236671,-0.001173366299699663,0,0,0,
2025-12-31,LQD,110.19000244140624,110.3608460424755,-0.15480454091799106,-1.0390295774870546,-0.00424725470042675,0,0,0,
2026-01-02,LQD,110.16000366210938,110.93781758922322,-0.7011260398089884,-2.079990309082473,-0.00027224592641983403,-1,-1,0,
2026-01-05,LQD,110.47000122070312,111.34726663817028,-0.787864349035064,-2.16751343313203,0.0028140663424867096,-1,-1,0,
2026-01-06,LQD,110.47000122070312,110.72409264384984,-0.22948160339775148,-1.0869998237057803,0.0,0,0,0,
2026-01-07,LQD,110.5500030517578,110.91675899093924,-0.3306587232786032,-1.2662171905673294,0.0007241950771308403,0,0,0,
2026-01-08,LQD,110.23999786376952,110.41258022311004,-0.15630678949064286,-0.898796120149179,-0.002804207864590791,0,0,0,
2026-01-09,LQD,110.63999938964844,110.85948095858625,-0.1979817757037854,-0.9534732657729851,0.0036284609364127807,0,0,0,
2026-01-12,LQD,110.51000213623048,110.93178265608186,-0.3802161199906196,-1.2676575391622218,-0.0011749571053424335,0,0,0,
2026-01-13,LQD,110.75,111.07602556190469,-0.29351568914660703,-1.0667366017084692,0.00217172979033764,0,0,0,
2026-01-14,LQD,111.02999877929688,111.04288213479803,-0.011602144372946063,-0.5037726681126895,0.00252820568213874,0,0,0,
2026-01-15,LQD,110.88999938964844,110.47273359050206,0.377709309423889,0.26717621659727053,-0.0012609149886304571,0,0,0,
2026-01-16,LQD,110.56999969482422,110.5351081790519,0.031566003188594156,-0.394319776825475,-0.002885739891654193,0,0,0,
2026-01-20,LQD,109.9000015258789,110.11608662974092,-0.19623391138897592,-0.8179575288393109,-0.006059493269372607,0,0,0,
2026-01-21,LQD,110.55999755859376,110.4955042135132,0.05836739289948099,-0.3036622261928382,0.006005423326217452,0,0,0,
2026-01-22,LQD,110.7699966430664,110.79487249422364,-0.022452168225140796,-0.44051621646693384,0.0018994128899230134,0,0,0,
2026-01-23,LQD,110.83999633789062,110.7010162431808,0.12554545516051982,-0.13762750297519916,0.0006319373200829315,0,0,0,
2026-01-26,LQD,110.93000030517578,110.90156645812878,0.025638814630930276,-0.32746185338057116,0.0008120170539411831,0,0,0,
2026-01-27,LQD,110.80999755859376,111.1670156013447,-0.3211546525915899,-0.9905292582696971,-0.0010817880307570915,0,0,0,
2026-01-28,LQD,110.6500015258789,110.67777950314976,-0.02509806159425874,-0.383686727598005,-0.0014438772334621763,0,0,0,
2026-01-29,LQD,110.68000030517578,110.30235461630096,0.34237318884851015,0.37441981470194485,0.0002711141336031453,0,0,0,
2026-01-30,LQD,110.56999969482422,110.75503468996192,-0.1670668928556335,-0.6372642561701306,-0.0009938616737283912,0,0,0,
2026-02-02,LQD,110.05999755859376,110.17042412672,-0.10023249796988569,-0.4783948128529817,-0.0046124820262103405,0,0,0,
2026-02-03,LQD,110.11000061035156,109.8326750324162,0.25249824594867354,0.27884941287655113,0.00045432539403034156,0,0,0,
2026-02-04,LQD,109.97000122070312,109.5393792702259,0.39312067801198475,0.5785552152961602,-0.0012714502667551253,0,0,0,
2026-02-05,LQD,110.5,110.27432921042332,0.20464489894657323,0.18112470792696236,0.004819485072417251,0,0,0,
2026-02-06,LQD,110.55999755859376,110.60139079901226,-0.037425605699408726,-0.3248929954624222,0.0005429643311651855,0,0,0,
2026-02-09,LQD,110.55999755859376,110.57451643684271,-0.013130401756938836,-0.2895881839636764,0.0,0,0,0,
2026-02-10,LQD,110.81999969482422,110.45873610622812,0.3270575070211519,0.41597969719425804,0.002351683628544432,0,0,0,
2026-02-11,LQD,110.6999969482422,110.49957829580808,0.1813750382807811,0.08159192215939233,-0.0010828618201812468,0,0,0,
2026-02-12,LQD,111.22000122070312,111.0645872176198,0.13993119407071172,-0.0341745644270682,0.004697419031583605,0,0,0,
2026-02-13,LQD,111.58999633789062,111.83784048953451,-0.22161028016906476,-0.8631258122936627,0.003326695856200157,0,0,0,
2026-02-17,LQD,111.6999969482422,111.92738994317874,-0.20316116997990885,-0.8638115124231621,0.0009857569133571165,0,0,0,
2026-02-18,LQD,111.58999633789062,111.49878468058265,0.08180506861063963,-0.21668940127586947,-0.000984786153598094,0,0,0,
2026-02-19,LQD,111.68000030517578,111.6249692999101,0.04929990629410173,-0.29992580723141815,0.0008065594608734905,0,0,0,
2026-02-20,LQD,111.58999633789062,111.4037027641116,0.16722386164622097,-0.02479029959337028,-0.000805909446984332,0,0,0,
2026-02-23,LQD,111.70999908447266,111.1377045702142,0.5149418160754768,0.7727964584214636,0.0010753898245383642,0,0,0,
2026-02-24,LQD,111.68000030517578,111.62904502915416,0.04564696939610763,-0.33492845681093714,-0.0002685415767856858,0,0,0,
2026-02-25,LQD,111.6500015258789,111.73032718099768,-0.07189243703604883,-0.6062223426284313,-0.00026861371073516604,0,0,0,
2026-02-26,LQD,111.72000122070312,111.27756898853848,0.3975933660181045,0.49308897966841914,0.0006269565057550608,0,0,0,
2026-02-27,LQD,111.68000030517578,111.37466495743227,0.2741515297578746,0.22479587319637656,-0.00035804614294909776,0,0,0,
2026-03-02,LQD,110.91999816894533,110.82758607237623,0.08338365910879067,-0.21649632321393694,-0.00680517670266545,0,0,0,
2026-03-03,LQD,110.87000274658205,110.90288380222144,-0.029648512745648392,-0.463404539292611,-0.0004507340713000296,0,0,0,
2026-03-04,LQD,110.97000122070312,110.79036912959974,0.1621369190432581,0.016454768333185526,0.0009019434621071465,0,0,0,
2026-03-05,LQD,110.52999877929688,110.68212509640377,-0.13744434069583453,-0.6910593605083191,-0.003965057552186124,0,0,0,
2026-03-06,LQD,110.16000366210938,110.3844439214107,-0.2033259862785778,-0.8442738471248493,-0.003347463324651745,0,0,0,
2026-03-09,LQD,110.81999969482422,110.45637413065646,0.3292028794441843,0.677601894996803,0.0059912491900349085,0,0,0,
2026-03-10,LQD,110.05999755859376,110.04525725224968,0.01339476749124432,-0.21951096986203159,-0.006857987171298929,0,0,0,
2026-03-11,LQD,109.16000366210938,108.88132440493426,0.25594771068240646,0.5355117459767038,-0.008177302529970065,0,0,0,
2026-03-12,LQD,108.56999969482422,108.18756022113652,0.3534967170957423,0.8104053109624023,-0.005404946385962339,0,0,0,
2026-03-13,LQD,108.16999816894533,107.60847295058994,0.5218224949751101,1.284956853192748,-0.0036842730680965996,0,0,0,
2026-03-16,LQD,108.69000244140624,107.88318184974638,0.7478650312553364,1.883992522519731,0.004807287429632101,1,0,0,
2026-03-17,LQD,109.3000030517578,108.9525192390097,0.31893141634092737,0.5976862717170707,0.005612297328638105,0,0,0,
2026-03-18,LQD,108.70999908447266,108.68695334876205,0.021203773774631163,-0.27236886300369506,-0.005398023337709779,0,0,0,
2026-03-19,LQD,109.19000244140624,109.15293111367028,0.03396274141035471,-0.20582141618626343,0.004415448081832807,0,0,0,
2026-03-20,LQD,107.8499984741211,108.0075088265272,-0.14583277969968414,-0.7313758911074051,-0.012272222157007628,0,0,0,
2026-03-23,LQD,108.55999755859376,109.03457552656108,-0.43525456551322306,-1.6172175696587563,0.006583209035863291,-1,0,0,
2026-03-24,LQD,108.33999633789062,108.25740747989532,0.07628933660788265,0.044285229594303366,-0.0020265403984041086,0,0,0,
2026-03-25,LQD,108.7300033569336,108.52877614330266,0.1854136946732233,0.4643462399276799,0.0035998433840316313,0,0,0,
2026-03-26,LQD,107.87999725341795,107.96491150396932,-0.07864985889257378,-0.4298592770435274,-0.007817585553872242,0,0,0,
2026-03-27,LQD,107.62000274658205,107.53378688392586,0.08017560355170272,0.14834815380923108,-0.002410034422091867,0,0,0,
2026-03-30,LQD,108.30999755859376,108.49098654033484,-0.16682398004906368,-0.7058805431661815,0.006411399316133437,0,0,0,
2026-03-31,LQD,108.98999786376952,109.78401379349174,-0.7232527781465502,-2.5198144861280722,0.006278278279970184,-1,-1,-1,
2026-04-01,LQD,108.66000366210938,109.51871012772357,-0.784072844368551,-2.5412133542513224,-0.003027747574347317,-1,-1,-1,
2026-04-02,LQD,109.12000274658205,109.21539332932775,-0.08734170141938447,-0.2798996769927848,0.004233379983154428,0,0,0,
2026-04-06,LQD,108.9499969482422,108.96502402670257,-0.013790735692107004,-0.07941346319726282,-0.001557970986627133,0,0,0,
2026-04-07,LQD,109.06999969482422,108.85272462376652,0.199604623410832,0.6308751863820777,0.00110144791136646,0,0,0,
2026-04-08,LQD,109.48999786376952,109.27225857299952,0.19926310082127302,0.607428534153922,0.0038507212810163782,0,0,0,
2026-04-09,LQD,109.48999786376952,109.07401545820537,0.38137626438035155,1.230121621444757,0.0,0,0,0,
2026-04-10,LQD,109.1999969482422,108.82528026823309,0.34432870660706,1.0611077776651794,-0.002648652125175288,0,0,0,
2026-04-13,LQD,109.62000274658205,109.1112243766374,0.4662933376940353,1.4488313776708217,0.003846207051992012,0,0,0,
2026-04-14,LQD,109.9800033569336,109.25488378288236,0.6636953415210565,2.064854282211113,0.0032840777351903494,1,1,0,
2026-04-15,LQD,109.94000244140624,109.62438367251092,0.28790927558433627,0.7137842631843938,-0.00036371080474995043,0,0,0,
2026-04-16,LQD,109.43000030517578,109.5774831450375,-0.1345922863244761,-0.781771813224543,-0.004638913270010758,0,0,0,
2026-04-17,LQD,110.04000091552734,110.00540072138295,0.03145317767808752,-0.17440018369330237,0.005574345322584273,0,0,0,
2026-04-20,LQD,110.02999877929688,110.28001274295366,-0.22670831952071785,-1.0739615856458093,-9.089545753593331e-05,0,0,0,
2026-04-21,LQD,109.61000061035156,109.80312415506462,-0.1758816483585022,-0.8957927392416357,-0.003817124180722442,0,0,0,
2026-04-22,LQD,109.81999969482422,109.4635941780574,0.32559274107797975,0.8645241437485769,0.0019158752240060473,0,0,0,
2026-04-23,LQD,109.5199966430664,108.99456312771288,0.4820731422519278,1.368523698205224,-0.0027317706482560267,0,0,0,
2026-04-24,LQD,109.5999984741211,109.0925096045372,0.4651913054558499,1.2739355287804537,0.0007304769312166393,0,0,0,
2026-04-27,LQD,109.29000091552734,108.8522170176033,0.4021818846861448,1.0285871716067476,-0.0028284449170585813,0,0,0,
2026-04-28,LQD,109.33999633789062,108.53675244736267,0.7400662654961074,2.080121718548592,0.0004574565096941985,1,1,0,
2026-04-29,LQD,108.7300033569336,107.95466924178189,0.7182034094469986,1.9114633161697532,-0.0055788641063421185,1,0,0,
2026-04-30,LQD,108.8499984741211,108.22440561052224,0.5780515587678404,1.4262628941134738,0.0011036063044491673,0,0,0,
2026-05-01,LQD,108.5999984741211,107.6257993697798,0.905172467982468,2.3264987961615757,-0.0022967386633399034,1,1,0,
2026-05-04,LQD,108.25,107.888985314207,0.3346168144427397,0.550186145585013,-0.0032228220905959892,0,0,0,
2026-05-05,LQD,108.6500015258789,108.89880608015544,-0.2284731699385192,-1.151878018449307,0.0036951642113525196,0,0,0,
2026-05-06,LQD,109.19000244140624,109.4971782193841,-0.28053305388602423,-1.2670901576622147,0.004970095793314089,0,0,0,
2026-05-07,LQD,108.73999786376952,108.60890283015252,0.12070376387285048,-0.04830455446545806,-0.0041212983567630035,0,0,0,
2026-05-08,LQD,109.1999969482422,109.85527202611397,-0.5964894226614783,-2.116248222113307,0.004230265711877124,-1,-1,0,
2026-05-11,LQD,108.93000030517578,109.3506856499741,-0.3847121234748423,-1.4562926590320984,-0.0024724968004751213,0,0,0,
2026-05-12,LQD,108.55999755859376,108.8842262859909,-0.29777382680346676,-1.1679555693196189,-0.003396701969571536,0,0,0,
2026-05-13,LQD,108.62000274658205,108.92253109961636,-0.27774634869404385,-1.0799713742158776,0.0005527375583800342,0,0,0,
2026-05-14,LQD,108.5500030517578,108.72237140657651,-0.15853991463645445,-0.726841904739608,-0.0006444457103131906,0,0,0,
2026-05-15,LQD,107.86000061035156,108.02479695012065,-0.1525541768388383,-0.7149052424366368,-0.006356540046131842,0,0,0,
2026-05-18,LQD,107.66000366210938,107.7864282757869,-0.1172917738345064,-0.6211311405760607,-0.0018542272122238357,0,0,0,
2026-05-19,LQD,107.12000274658205,107.17006057739036,-0.04670878278748886,-0.41522683423586015,-0.005015798784682612,0,0,0,
2026-05-20,LQD,107.9499969482422,107.9952375708819,-0.04189131267015605,-0.3970920060843244,0.007748265313469949,0,0,0,
2026-05-21,LQD,108.16999816894533,108.3200483657874,-0.13852486137687742,-0.6538306722113875,0.00203799191220555,0,0,0,
2026-05-22,LQD,108.37000274658205,108.39904554153958,-0.026792482177717757,-0.31897414048387135,0.0018489838312130136,0,0,0,
2026-05-26,LQD,108.77999877929688,109.0090196186402,-0.21009347680084867,-0.8237796694861728,0.0037832981666854337,0,0,0,
2026-05-27,LQD,108.93000030517578,108.53160117132242,0.3670812275444711,0.7848916146984104,0.0013789439930336211,0,0,0,
2026-05-28,LQD,109.26000213623048,108.51434758608691,0.6871483510989411,1.6459821388329996,0.0030294852669621175,1,0,0,
2026-05-29,LQD,109.36000061035156,108.7233267054397,0.5855908977443062,1.3338727542117286,0.0009152340487454946,0,0,0,
2026-06-01,LQD,108.93000030517578,108.64618300574446,0.2612308058869527,0.43830446920461197,-0.00393197058134509,0,0,0,
2026-06-02,LQD,108.91999816894533,109.02374866874308,-0.09516321082756904,-0.5314294882252173,-9.182168550847525e-05,0,0,0,
2026-06-03,LQD,108.62000274658205,107.93730678443944,0.6324930484934261,1.4095914028311496,-0.002754273112435812,0,0,0,
2026-06-04,LQD,108.8499984741211,107.89761712661146,0.8826713442541236,1.9780135548293876,0.0021174343741792168,1,0,0,
2026-06-05,LQD,108.16999816894533,107.26052389287834,0.8479114617930491,1.8048422456328401,-0.006247131967920372,1,0,0,
2026-06-08,LQD,108.05999755859376,107.2658683123441,0.7403373120863272,1.489007467113687,-0.001016923474286835,0,0,0,
2021-06-03,JNK,108.77999877929688,109.46435462232286,-0.6251860209537324,,,0,0,0,
2021-06-04,JNK,108.98999786376952,109.25016499093184,-0.23813888718970241,,0.001930493535844846,0,0,0,
2021-06-07,JNK,109.06999969482422,109.22917242308326,-0.14572364207109856,,0.0007340291093014262,0,0,0,
2021-06-08,JNK,109.1500015258789,108.85106197289215,0.27463172849999296,,0.0007334907057718887,0,0,0,
2021-06-09,JNK,109.26000213623048,108.68353238668992,0.5304113115218938,,0.0010077930262373247,0,0,0,
2021-06-10,JNK,109.44000244140624,108.80311023952922,0.5853621284124181,,0.0016474492188944811,0,0,0,
2021-06-11,JNK,109.48999786376952,108.61136808059476,0.8089666843371075,,0.00045682950701730896,0,0,0,
2021-06-14,JNK,109.41000366210938,108.89624215174976,0.4717899352703784,,-0.0007306073908200927,0,0,0,
2021-06-15,JNK,109.43000030517578,109.01120751396124,0.3841740686717071,,0.00018276795902649745,0,0,0,
2021-06-16,JNK,109.29000091552734,109.01252001392348,0.25454039734924494,,-0.0012793510852417977,0,0,0,
2021-06-17,JNK,109.36000061035156,109.77544067044198,-0.3784453585912857,,0.0006404949605438581,0,0,0,
2021-06-18,JNK,109.26000213623048,109.33071988304502,-0.06468241212550943,,-0.00091439716132935,0,0,0,
2021-06-21,JNK,109.47000122070312,109.8936803346712,-0.3855354672605389,,0.0019220124507302039,0,0,0,
2021-06-22,JNK,109.5,109.9256888228354,-0.38725144904160635,,0.00027403653021251806,0,0,0,
2021-06-23,JNK,109.5,109.7893043435662,-0.26350867718486864,,0.0,0,0,0,
2021-06-24,JNK,109.73999786376952,108.98239103759624,0.6951644379979856,,0.0021917613129636138,0,0,0,
2021-06-25,JNK,109.8499984741211,109.08541456811837,0.7009038825491035,,0.001002374817686169,0,0,0,
2021-06-28,JNK,109.8499984741211,108.82206365924397,0.9446014717161716,,0.0,0,0,0,
2021-06-29,JNK,109.9800033569336,108.65745655021644,1.2171707756714665,,0.0011834764189198044,0,0,0,
2021-06-30,JNK,109.95999908447266,109.0005834939316,0.8801930776769371,,-0.0001818900877463836,0,0,0,
2021-07-01,JNK,109.7699966430664,109.2001749854341,0.5218138686209159,,-0.0017279232719917825,0,0,0,
2021-07-02,JNK,109.95999908447266,109.68976382210371,0.246363245714717,,0.0017309141588486288,0,0,0,
2021-07-06,JNK,109.9800033569336,109.4367587335037,0.49640050538483904,,0.0001819231777691055,0,0,0,
2021-07-07,JNK,110.0,109.72367468020887,0.2518374640627747,,0.0001818207170034558,0,0,0,
2021-07-08,JNK,109.77999877929688,109.24396686079974,0.49067416160395383,,-0.002000011097301191,0,0,0,
2021-07-09,JNK,109.9499969482422,109.50012693983513,0.4108397140528029,,0.0015485349866608544,0,0,0,
2021-07-12,JNK,109.94000244140624,109.51097505479107,0.39176656622818645,,-9.090047397342094e-05,0,0,0,
2021-07-13,JNK,109.6500015258789,109.57115442126076,0.0719597279362508,,-0.0026378107066341583,0,0,0,
2021-07-14,JNK,109.7699966430664,110.52963282927024,-0.6872692569034479,,0.001094346698747417,0,0,0,
2021-07-15,JNK,109.75,110.239613344751,-0.4441355787595561,,-0.00018216856771369194,0,0,0,
2021-07-16,JNK,109.56999969482422,110.74930545473832,-1.0648425785352365,,-0.0016400938968180734,0,0,0,
2021-07-19,JNK,108.81999969482422,110.53017878467456,-1.5472508129946727,,-0.006844939327269373,0,0,0,
2021-07-20,JNK,109.29000091552734,110.76969117267396,-1.3358259298926736,,0.004319070226256105,0,0,0,
2021-07-21,JNK,109.63999938964844,110.28195330459052,-0.5821024163119869,,0.0032024748027188465,0,0,0,
2021-07-22,JNK,109.66999816894533,110.17973051077485,-0.4626371288679732,,0.00027361163319850057,0,0,0,
2021-07-23,JNK,109.87999725341795,110.47223167561768,-0.5360934718316509,,0.0019148270992868088,0,0,0,
2021-07-26,JNK,109.7300033569336,110.20106352629756,-0.4274551935259279,,-0.0013650700785733383,0,0,0,
2021-07-27,JNK,109.62999725341795,109.9891742280318,-0.32655666081208345,,-0.0009113833997647092,0,0,0,
2021-07-28,JNK,109.6999969482422,109.9690240489554,-0.24463898178585142,,0.0006385085886888575,0,0,0,
2021-07-29,JNK,109.9000015258789,110.74399448801186,-0.7621117208521146,,0.0018231958359220535,0,0,0,
2021-07-30,JNK,109.7699966430664,110.28279347837493,-0.46498353835140555,,-0.001182937952752372,0,0,0,
2021-08-02,JNK,109.16999816894533,109.75866139430858,-0.5363250771148462,,-0.005465960576386486,0,0,0,
2021-08-03,JNK,109.1999969482422,109.61927446698544,-0.3824852160187568,,0.00027478959237914324,0,0,0,
2021-08-04,JNK,109.0,109.89822634506622,-0.8173256065533812,,-0.0018314739361851018,0,0,0,
2021-08-05,JNK,109.18000030517578,110.21500300542291,-0.9390760531905155,,0.0016513789465668616,0,0,0,
2021-08-06,JNK,109.08999633789062,110.4896561265314,-1.266779025031902,,-0.0008243631345812297,0,0,0,
2021-08-09,JNK,108.83999633789062,110.10653524734744,-1.1502849550316085,,-0.002291685840979052,0,0,0,
2021-08-10,JNK,108.6500015258789,109.51829056655475,-0.7928255966962745,,-0.0017456341271997466,0,0,0,
2021-08-11,JNK,108.83000183105467,109.03425071570992,-0.1873254351862248,,0.001656698597771289,0,0,0,
2021-08-12,JNK,108.97000122070312,109.267005362614,-0.2718150286312286,,0.0012864043672973224,0,0,0,
2021-08-13,JNK,109.16000366210938,109.32386136253888,-0.14988283288505466,,0.0017436215405872701,0,0,0,
2021-08-16,JNK,109.19000244140624,109.52525151235488,-0.30609294780832474,,0.00027481475165314073,0,0,0,
2021-08-17,JNK,108.9800033569336,109.18744542148931,-0.18998710314628736,,-0.0019232446174303197,0,0,0,
2021-08-18,JNK,108.80999755859376,108.53109506893472,0.2569793380246446,,-0.0015599724087272948,0,0,0,
2021-08-19,JNK,108.7699966430664,108.525529385604,0.22526244179264274,,-0.000367621693087683,0,0,0,
2021-08-20,JNK,108.95999908447266,108.900141978591,0.05496513116890995,,0.0017468276847498743,0,0,0,
2021-08-23,JNK,109.30999755859376,109.7741108738211,-0.42278940957290734,,0.0032121739818460338,0,0,0,
2021-08-24,JNK,109.4800033569336,109.57632766420852,-0.08790612838395877,,0.0015552630329966899,0,0,0,
2021-08-25,JNK,109.5999984741211,109.46969606810976,0.11903057256162222,,0.001096045976508364,0,0,0,
2021-08-26,JNK,109.5,108.88893241829824,0.5611842894687743,,-0.0009123948495738388,0,0,0,
2021-08-27,JNK,109.86000061035156,109.1249499375091,0.6735862635111329,,0.003287676806863482,0,0,0,
2021-08-30,JNK,109.9800033569336,108.86766872424472,1.0217309194948847,,0.0010923242846834214,0,0,0,
2021-08-31,JNK,110.0,108.58176481100342,1.306144905146039,2.138052434888917,0.0001818207170034558,1,1,0,
2021-09-01,JNK,109.73999786376952,108.72099568442744,0.9372634723653815,1.5046455406401242,-0.0023636557839135097,1,0,0,
2021-09-02,JNK,109.87999725341795,109.15728769876472,0.662080901687166,1.0497634500538677,0.0012757371275169405,0,0,0,
2021-09-03,JNK,109.91000366210938,109.80668472071254,0.09409166815264669,0.17592516716798423,0.0002730834495947576,0,0,0,
2021-09-07,JNK,109.62000274658205,110.60837852483756,-0.8935812923372461,-1.2894329878359183,-0.002638530669317962,0,0,0,
2021-09-08,JNK,109.73999786376952,110.09335905520116,-0.32096503773172075,-0.40639351520909617,0.0010946461793552853,0,0,0,
2021-09-09,JNK,109.81999969482422,109.54662008978114,0.24955549045604666,0.4699724386130927,0.0007290125078553977,0,0,0,
2021-09-10,JNK,109.70999908447266,109.34692081463628,0.33204251855602335,0.6144093486949288,-0.0010016446062396378,0,0,0,
2021-09-13,JNK,109.97000122070312,109.45893331592728,0.4669037869214073,0.8227916799512771,0.0023699037316577964,0,0,0,
2021-09-14,JNK,109.8499984741211,109.25772951549088,0.5420842637465211,0.9320047977660645,-0.0010912316563604918,0,0,0,
2021-09-15,JNK,110.11000061035156,109.26820940565034,0.7703898593012856,1.2566593297375106,0.0023668833849981308,0,0,0,
2021-09-16,JNK,110.06999969482422,109.22007723552257,0.7781741972850617,1.2275851813084375,-0.00036328140319330515,0,0,0,
2021-09-17,JNK,109.9499969482422,108.74311741059084,1.109844527534042,1.6601836907860672,-0.0010902402735961658,1,0,0,
2021-09-20,JNK,109.58000183105467,108.89507507471566,0.6289786345884462,0.9245642770806708,-0.003365121668549964,0,0,0,
2021-09-21,JNK,109.76000213623048,109.40415307435356,0.32526101786563894,0.46353950776422753,0.001642638274941044,0,0,0,
2021-09-22,JNK,109.94000244140624,109.79806010665438,0.1292758129005029,0.16727886863200084,0.0016399444394357143,0,0,0,
2021-09-23,JNK,109.95999908447266,109.75402750398707,0.1876665350418224,0.2668211018242418,0.00018188687122400182,0,0,0,
2021-09-24,JNK,109.83999633789062,109.69160324125993,0.13528209292767568,0.20433305665866794,-0.0010913309165258012,0,0,0,
2021-09-27,JNK,109.75,109.50557661634848,0.22320633451194627,0.3580402323275675,-0.000819340321295825,0,0,0,
2021-09-28,JNK,109.2699966430664,109.08763976361652,0.16716548258357736,0.30704082356328194,-0.004373606896889259,0,0,0,
2021-09-29,JNK,109.48999786376952,109.66105113144064,-0.15598361123321794,-0.17375648423570433,0.002013372631663568,0,0,0,
2021-09-30,JNK,109.36000061035156,109.85204708827214,-0.44791744074208756,-0.6140788117699651,-0.0011872979811333728,0,0,0,
2021-10-01,JNK,109.1999969482422,109.7741763147448,-0.523055044254048,-0.7125533523967773,-0.0014630912693522902,0,0,0,
2021-10-04,JNK,108.83000183105467,109.02999070738116,-0.1834255648642804,-0.15764576647744213,-0.0033882337685677832,0,0,0,
2021-10-05,JNK,108.73999786376952,108.23790105161794,0.4638826208502798,0.86734453230961,-0.0008270142954226456,0,0,0,
2021-10-06,JNK,108.68000030517578,108.2784680805673,0.37083293818833657,0.7241662671323802,-0.0005517524349126779,0,0,0,
2021-10-07,JNK,108.63999938964844,108.84750230787884,-0.19063636172695497,-0.15681503291234167,-0.0003680614226631018,0,0,0,
2021-10-08,JNK,108.4499969482422,108.59329720655978,-0.13196050032904272,-0.0496991828556297,-0.001748917916731374,0,0,0,
2021-10-11,JNK,108.06999969482422,108.57839663463572,-0.4682302885004378,-0.576283305696512,-0.0035038936294238265,0,0,0,
2021-10-12,JNK,108.2699966430664,108.61600686308702,-0.3185628251430477,-0.34725670936879455,0.0018506241214670816,0,0,0,
2021-10-13,JNK,108.5199966430664,108.61261970496729,-0.08527836097911974,0.020832783680148147,0.0023090422808840216,0,0,0,
2021-10-14,JNK,109.12000274658205,108.96989984990992,0.1377471181297481,0.35836002444365833,0.00552899117283534,0,0,0,
2021-10-15,JNK,108.9000015258789,109.83246884571189,-0.8489905850544723,-1.3382332520259506,-0.002016140168306868,0,0,0,
2021-10-18,JNK,108.8499984741211,109.84625183503584,-0.9069525307162019,-1.4813514488218467,-0.0004591648398272197,0,0,0,
2021-10-19,JNK,108.93000030517578,109.91758505245852,-0.8984774791143846,-1.4425151334385362,0.000734973194085109,0,0,0,
2021-10-20,JNK,109.01000213623048,110.43177130806332,-1.2874638838008234,-2.0299235920316265,0.0007344334052195034,-1,-1,0,
2021-10-21,JNK,108.72000122070312,109.81067171102288,-0.9932281383269872,-1.5022138179840594,-0.002660314740338565,-1,0,0,
2021-10-22,JNK,108.4800033569336,109.87049945802818,-1.2655773005071027,-1.8795685423397521,-0.002207485845059254,-1,0,0,
2021-10-25,JNK,108.6500015258789,109.57819751034404,-0.8470626507408223,-1.1791075115404557,0.0015670922168573576,0,0,0,
2021-10-26,JNK,108.68000030517578,109.59918108819149,-0.8386748640722641,-1.138827203151171,0.00027610472964179067,0,0,0,
2021-10-27,JNK,108.55999755859376,109.80929529671742,-1.137697619083987,-1.5819190689583498,-0.0011041842679889724,-1,0,0,
2021-10-28,JNK,108.81999969482422,109.59543826667098,-0.7075463943672019,-0.9010471809903294,0.002395008677944288,0,0,0,
2021-10-29,JNK,108.62000274658205,109.01487914428506,-0.36222247898874654,-0.3698821660985873,-0.0018378694063870826,0,0,0,
2021-11-01,JNK,108.11000061035156,108.65606301276205,-0.5025604529278292,-0.5844625646105162,-0.004695287454745789,0,0,0,
2021-11-02,JNK,108.29000091552734,109.1158960628005,-0.756897186453771,-0.9827337500326997,0.0016649736764366985,0,0,0,
2021-11-03,JNK,108.5500030517578,109.28160618073964,-0.6694659371787189,-0.8594984382065934,0.0024009800907960344,0,0,0,
2021-11-04,JNK,108.80999755859376,108.95756829704072,-0.13543872238838014,-0.05181617400947847,0.0023951589085815517,0,0,0,
2021-11-05,JNK,109.3000030517578,109.30405745699008,-0.003709290694791338,0.13421250562251721,0.004503313152820931,0,0,0,
2021-11-08,JNK,109.19000244140624,109.11480276805844,0.06891793912476384,0.233975406407006,-0.0010064099476692068,0,0,0,
2021-11-09,JNK,109.2699966430664,109.12074380782715,0.13677769233510925,0.3383412506396702,0.0007326147071302636,0,0,0,
2021-11-10,JNK,108.70999908447266,108.30411631299864,0.37476209149891554,0.7155051218487347,-0.005124897737692757,0,0,0,
2021-11-11,JNK,108.54000091552734,108.38136666562124,0.1463667185481427,0.32808828519311684,-0.0015637767489374843,0,0,0,
2021-11-12,JNK,108.54000091552734,108.2296369932022,0.28676426434344543,0.5449890594297553,0.0,0,0,0,
2021-11-15,JNK,108.41000366210938,108.33014486359484,0.07371798368320394,0.18478700866766154,-0.001197689813169811,0,0,0,
2021-11-16,JNK,108.44000244140624,108.36446998367433,0.06970223519137725,0.18336570269415672,0.00027671596977674184,0,0,0,
2021-11-17,JNK,108.27999877929688,107.88126472778671,0.3696045393204032,0.6763779699045697,-0.0014755040437758327,0,0,0,
2021-11-18,JNK,108.16000366210938,108.09093789268267,0.06389598496709478,0.16930370813579823,-0.0011081928199139224,0,0,0,
2021-11-19,JNK,108.08000183105467,107.71315774584627,0.34057499834326926,0.6080869011825905,-0.0007396618745005856,0,0,0,
2021-11-22,JNK,107.68000030517578,107.25817816165916,0.3932773712423611,0.6802830322938951,-0.0037009763055347866,0,0,0,
2021-11-23,JNK,107.52999877929688,107.20347581555924,0.3045824412441673,0.5278916894030885,-0.001393030511272153,0,0,0,
2021-11-24,JNK,107.4800033569336,106.7930132671131,0.6432912311427924,1.0819032676125553,-0.0004649439498822794,0,0,0,
2021-11-26,JNK,106.66000366210938,105.41735300718548,1.1787913654397968,1.9107677325515433,-0.007629323308644298,1,0,0,
2021-11-29,JNK,107.30999755859376,106.12223053102656,1.1192443106630157,1.8043329236801888,0.0060940734499084215,1,0,0,
2021-11-30,JNK,106.83000183105467,105.72472405462504,1.0454298049135267,1.714590581199248,-0.0044729823731195495,1,0,0,
2021-12-01,JNK,106.5500030517578,105.62700532648893,0.8738274103444678,1.440705976692298,-0.002620975142728854,0,0,0,
2021-12-02,JNK,107.29000091552734,106.69003413421508,0.562345664410894,0.9379361127226513,0.006945075950960611,0,0,0,
2021-12-03,JNK,107.27999877929688,106.88748893466804,0.36721776191107236,0.6101329624458893,-9.32252413563539e-05,0,0,0,
2021-12-06,JNK,107.68000030517578,107.0329820120894,0.6045036594545172,0.9675177348661675,0.0037285750412974217,0,0,0,
2021-12-07,JNK,108.33999633789062,107.45440586473772,0.8241546412416747,1.2847236182595816,0.006129235056132609,0,0,0,
2021-12-08,JNK,108.36000061035156,107.49312886314716,0.8064438688988583,1.2273137942985215,0.00018464346628310757,0,0,0,
2021-12-09,JNK,107.83000183105467,107.0631124017255,0.7162965956487632,1.0643137724620189,-0.00489109243550756,0,0,0,
2021-12-10,JNK,108.06999969482422,107.67975985608234,0.36240779071521506,0.5025986356610833,0.0022257058304198107,0,0,0,
2021-12-13,JNK,108.08999633789062,107.81545675554857,0.2546384262550826,0.33893948869736057,0.00018503417343262996,0,0,0,
2021-12-14,JNK,107.91999816894533,107.68959820321469,0.21394820816014784,0.2908350993615866,-0.0015727465510673166,0,0,0,
2021-12-15,JNK,108.29000091552734,108.01143748768986,0.25790178736324193,0.3797076291532419,0.003428491038359738,0,0,0,
2021-12-16,JNK,108.16999816894533,108.41284056029689,-0.2239978125252562,-0.386078291484521,-0.0011081609157582717,0,0,0,
2021-12-17,JNK,107.7300033569336,107.86728166019218,-0.12726593378986087,-0.2048313918182288,-0.00406762336562605,0,0,0,
2021-12-20,JNK,107.61000061035156,107.52098322619489,0.08279070883253366,0.15878833489895006,-0.0011139213110802348,0,0,0,
2021-12-21,JNK,108.13999938964844,107.64304005845,0.4616734448679558,0.7910278270462446,0.004925181454240146,0,0,0,
2021-12-22,JNK,108.45999908447266,107.9239600121064,0.49668217540027265,0.8379061255796391,0.0029591242521760375,0,0,0,
2021-12-23,JNK,108.77999877929688,108.04975692395688,0.6758384989740662,1.1144522412155637,0.002950393670711593,0,0,0,
2021-12-27,JNK,108.83999633789062,108.338632586646,0.46277467167000597,0.749729383898257,0.000551549542811447,0,0,0,
2021-12-28,JNK,108.8000030517578,108.51285203554878,0.2646239692556902,0.41717094689326323,-0.00036745027084228443,0,0,0,
2021-12-29,JNK,108.58999633789062,107.67987148368628,0.845213540528999,1.336574216862531,-0.0019302087130206314,0,0,0,
2021-12-30,JNK,108.52999877929688,107.69761436999558,0.7728902948970049,1.1786595941775793,-0.0005525146018705573,0,0,0,
2021-12-31,JNK,108.56999969482422,108.56663909931002,0.0030954218920980258,-0.0887731586247912,0.0003685701278657305,0,0,0,
2022-01-03,JNK,108.5,108.43257975093,0.06217711431828093,0.001705409771986889,-0.0006447425165421183,0,0,0,
2022-01-04,JNK,108.3000030517578,108.39469560455116,-0.08735902828568456,-0.23014392960433755,-0.0018432898455502666,0,0,0,
2022-01-05,JNK,107.47000122070312,107.18257309185653,0.2681668489151409,0.3584713832180964,-0.007663913274850054,0,0,0,
2022-01-06,JNK,107.48999786376952,107.45561646079408,0.03199591059810776,-0.036811177553648225,0.00018606720795810716,0,0,0,
2022-01-07,JNK,107.1999969482422,107.10663972325176,0.08716287359183636,0.04856208878085109,-0.002697933959351806,0,0,0,
2022-01-10,JNK,107.20999908447266,106.7605816604694,0.42095820106389054,0.5787526062695998,9.330351226854994e-05,0,0,0,
2022-01-11,JNK,107.75,106.66641507347629,1.0158632647186037,1.5064293489253988,0.005036852160607452,1,0,0,
2022-01-12,JNK,107.91999816894533,107.0579179221478,0.8052466025207351,1.1283628991076378,0.001577709224550583,0,0,0,
2022-01-13,JNK,107.61000061035156,107.20568012685992,0.377144646639245,0.4295676423686954,-0.0028724755731414087,0,0,0,
2022-01-14,JNK,107.51000213623048,107.48420294335452,0.024002776379670965,-0.16604891710872674,-0.0009292674802889866,0,0,0,
2022-01-18,JNK,106.95999908447266,107.03075644938862,-0.06610937571895197,-0.3442972384007319,-0.005115831465251852,0,0,0,
2022-01-19,JNK,106.86000061035156,106.71798053170647,0.1330798033634962,-0.037170440099471,-0.0009349146875190506,0,0,0,
2022-01-20,JNK,106.62000274658205,107.0834145201894,-0.4327577484186187,-1.0856046590522819,-0.0022459092494733213,0,0,0,
2022-01-21,JNK,106.58999633789062,107.2824089006564,-0.6454110882306493,-1.5073449722566288,-0.00028143320126094995,-1,0,0,
2022-01-24,JNK,106.4800033569336,107.04518423248383,-0.5279834675446622,-1.3737105160757765,-0.0010319259286617477,0,0,0,
2022-01-25,JNK,106.19000244140624,106.42702569523588,-0.22270964755548728,-0.8276571521798616,-0.002723524665520949,0,0,0,
2022-01-26,JNK,105.83000183105467,106.28931105733427,-0.43213115383901707,-1.282908138844259,-0.003390155401401418,0,0,0,
2022-01-27,JNK,105.33999633789062,106.02959282682026,-0.6503811535482988,-1.8053794611972132,-0.004630118914164649,-1,0,0,
2022-01-28,JNK,105.58000183105467,105.89086125800806,-0.2935658689147515,-1.0931949771426184,0.00227838904032418,0,0,0,
2022-01-31,JNK,105.56999969482422,106.23830739752604,-0.6290647122239328,-1.7789799594388185,-9.473513977065195e-05,-1,0,0,
2022-02-01,JNK,105.75,106.41081805350996,-0.6210064593034668,-1.7464533971828504,0.0017050327336944893,-1,0,0,
2022-02-02,JNK,105.8499984741211,106.90397266543192,-0.9859074130101415,-2.462754498653235,0.0009456120484263586,-1,-1,0,
2022-02-03,JNK,105.02999877929688,105.7901249425357,-0.7185227956311774,-1.9030306156911416,-0.0077468087543213215,-1,0,0,
2022-02-04,JNK,104.56999969482422,105.73293627496128,-1.099881097705269,-2.524534624448292,-0.004379692371883848,-1,-1,-1,
2022-02-07,JNK,104.4800033569336,105.30356017790798,-0.7820788011184125,-1.8284312269001608,-0.0008606324773191565,-1,0,0,
2022-02-08,JNK,104.37000274658205,104.79157390502375,-0.4022949009467045,-1.0806811873793492,-0.0010528388860762128,0,0,0,
2022-02-09,JNK,104.87999725341795,104.66684190961928,0.20365126138298578,0.06079887886326885,0.0048864088666760175,0,0,0,
2022-02-10,JNK,103.56999969482422,103.10029948427815,0.4555759904632386,0.5331861218229659,-0.012490442342675045,0,0,0,
2022-02-11,JNK,103.12999725341795,102.7062658096118,0.41256630300591884,0.443441516710504,-0.004248358044827261,0,0,0,
2022-02-14,JNK,103.01000213623048,102.14707453716728,0.8447893422040325,1.2252832884705511,-0.0011635326324368478,0,0,0,
2022-02-15,JNK,103.11000061035156,101.86677945090936,1.2204382686323374,1.837515560499495,0.0009707647029153499,1,0,0,
2022-02-16,JNK,103.68000030517578,101.96712331361016,1.6798326126132797,2.4866144387650766,0.005528073818738655,1,1,0,
2022-02-17,JNK,103.23999786376952,101.93661926439952,1.2786166627611377,1.730685530314374,-0.004243850695516471,1,0,0,
2022-02-18,JNK,103.37999725341795,102.8413820073374,0.5237339634760304,0.4553031935187066,0.0013560576573545813,0,0,0,
2022-02-22,JNK,103.16999816894533,102.00189026160147,1.1451826082321002,1.4472678715494545,-0.0020313318828771854,0,0,0,
2022-02-23,JNK,103.0,101.888901070768,1.0905004544707715,1.320485601281199,-0.001647748104705249,0,0,0,
2022-02-24,JNK,103.6500015258789,102.3432406624825,1.2768413965959597,1.5649149507057984,0.006310694426008734,1,0,0,
2022-02-25,JNK,104.2300033569336,103.06216448335742,1.1331402551367495,1.3091984903537552,0.005595772527894116,0,0,0,
2022-02-28,JNK,104.3000030517578,102.83227438548984,1.4273035144256843,1.7471516222218904,0.0006715887227259909,1,0,0,
2022-03-01,JNK,103.4800033569336,102.08931777566464,1.362224385047714,1.6257669495742197,-0.007861933565019075,1,0,0,
2022-03-02,JNK,103.80999755859376,102.39271189297868,1.384166548002397,1.6322327949880961,0.0031889658963570877,1,0,0,
2022-03-03,JNK,103.5500030517578,102.72391783557114,0.8041800133723085,0.7523982147382362,-0.0025045228104279005,0,0,0,
2022-03-04,JNK,102.83000183105467,102.03007644382,0.784009397145886,0.7141644710192401,-0.006953174306940757,0,0,0,
2022-03-07,JNK,101.86000061035156,100.92381594013912,0.9276152130114854,0.9125770200815743,-0.009433056534383644,0,0,0,
2022-03-08,JNK,101.55999755859376,101.09592050066615,0.4590462756848362,0.20927181769055667,-0.002945248870608319,0,0,0,
2022-03-09,JNK,102.33000183105467,101.93322002390906,0.3892566202191469,0.11480915411477093,0.007581767339219114,0,0,0,
2022-03-10,JNK,101.5500030517578,101.60514833145882,-0.054274099892189016,-0.5387759718200362,-0.007622386058241615,0,0,0,
2022-03-11,JNK,100.75,100.47219210209394,0.27650227599669175,-0.025121626796426606,-0.007877922478742416,0,0,0,
2022-03-14,JNK,99.5999984741211,99.00097922691124,0.6050639618795028,0.46959114749976555,-0.011414407204753396,0,0,0,
2022-03-15,JNK,100.2300033569336,99.59962084576132,0.632916577211146,0.5018531696698427,0.006325350325945944,0,0,0,
2022-03-16,JNK,101.66999816894533,101.4314510654545,0.23518060816944672,-0.10335311388733162,0.014366903759183813,0,0,0,
2022-03-17,JNK,102.33000183105467,102.34587350264916,-0.015507876430475886,-0.4770325891914967,0.006491626576137222,0,0,0,
2022-03-18,JNK,102.6999969482422,102.33382534853594,0.35782068974664943,0.07591888662174075,0.0036157051750902447,0,0,0,
2022-03-21,JNK,101.68000030517578,101.18255153124336,0.49163493745145936,0.2658699527026455,-0.009931807919921098,0,0,0,
2022-03-22,JNK,102.16000366210938,101.45524587938324,0.6946489327560219,0.5607894716356483,0.004720725368734691,0,0,0,
2022-03-23,JNK,101.70999908447266,101.07046703737,0.6327585751297661,0.4614371085711944,-0.004404899779811067,0,0,0,
2022-03-24,JNK,101.93000030517578,101.49222746938464,0.4313363167866147,0.15577254796425005,0.002163024507751743,0,0,0,
2022-03-25,JNK,101.33000183105467,100.56074757590176,0.7649647339507835,0.661914111917615,-0.005886377634893858,0,0,0,
2022-03-28,JNK,101.87000274658205,100.8215093262019,1.039950133049291,1.0575962222010513,0.0053291316073171835,0,0,0,
2022-03-29,JNK,103.11000061035156,102.02931227697935,1.0591939799010501,1.0578898212887533,0.01217235526000926,0,0,0,
2022-03-30,JNK,102.88999938964844,102.33601775724908,0.5413359289721965,0.29104710255401456,-0.0021336555077183794,0,0,0,
2022-03-31,JNK,102.5,102.3901553817128,0.10728044886512277,-0.3460829546348962,-0.003790449917017602,0,0,0,
2022-04-01,JNK,102.1500015258789,102.28371801007395,-0.13073095776776364,-0.6999855012192622,-0.003414619259717977,0,0,0,
2022-04-04,JNK,102.87000274658205,102.68813238320534,0.1771094275023039,-0.24020957685492772,0.007048469994596518,0,0,0,
2022-04-05,JNK,101.61000061035156,101.6127199560262,-0.0026761862843662004,-0.5133323421892615,-0.012248489380664918,0,0,0,
2022-04-06,JNK,100.79000091552734,100.6607803555142,0.12837230106577402,-0.3123681757520035,-0.008070068791444118,0,0,0,
2022-04-07,JNK,100.56999969482422,100.27702348577976,0.29216683828474516,-0.07215416417356985,-0.0021827683173404333,0,0,0,
2022-04-08,JNK,99.9800033569336,99.2684754997653,0.7167712142108744,0.5522571760695764,-0.005866524208819168,0,0,0,
2022-04-11,JNK,99.2699966430664,99.08835351120176,0.18331431033831044,-0.24523908975389336,-0.007101487197719192,0,0,0,
2022-04-12,JNK,99.9800033569336,99.78531883679486,0.1951033703235993,-0.209561849398737,0.0071522790155829075,0,0,0,
2022-04-13,JNK,100.58000183105467,100.58062970910755,-0.0006242534518799254,-0.48824064475224843,0.0060011847767103,0,0,0,
2022-04-14,JNK,99.91999816894533,100.06154849611286,-0.1414632586592792,-0.6872720361635395,-0.006561977034142075,0,0,0,
2022-04-18,JNK,99.8000030517578,100.08285060171362,-0.2826134030508671,-0.8893154628403663,-0.001200911923403325,0,0,0,
2022-04-19,JNK,99.7300033569336,99.37682325339102,0.3553948415537811,0.06253859394629586,-0.0007013997262895755,0,0,0,
2022-04-20,JNK,99.9800033569336,99.7812598138513,0.19917922809659505,-0.17520740067285992,0.0025067681899624272,0,0,0,
2022-04-21,JNK,99.3499984741211,98.9721951686112,0.3817267110891763,0.08209983482754912,-0.006301308878369882,0,0,0,
2022-04-22,JNK,98.79000091552734,98.3043815381057,0.493995659016889,0.2301143391777969,-0.005636613660740197,0,0,0,
2022-04-25,JNK,99.44000244140624,98.70866106354168,0.7409090245827228,0.5902500444111561,0.0065796287058919045,0,0,0,
2022-04-26,JNK,98.87000274658205,97.83815725169366,1.0546452671158877,1.0504157615297733,-0.005732096548972332,0,0,0,
2022-04-27,JNK,98.41000366210938,97.75716904552615,0.667812522556981,0.4199566752875612,-0.004652564698027883,0,0,0,
2022-04-28,JNK,98.88999938964844,97.92115009013924,0.9894178107766793,0.9055372726857598,0.004877509497785759,0,0,0,
2022-04-29,JNK,97.61000061035156,96.82901979446628,0.8065565649048516,0.5862681516597841,-0.012943662526009314,0,0,0,
2022-05-02,JNK,97.12999725341795,96.40726236586414,0.7496685102529355,0.46886337891517166,-0.0049175633022453535,0,0,0,
2022-05-03,JNK,97.66999816894533,96.42369141116572,1.2925316792375845,1.3433627533727834,0.005559568936447823,0,0,0,
2022-05-04,JNK,98.68000030517578,97.05394236082236,1.6754166856078259,1.9636239517518868,0.010340966060871537,1,0,0,
2022-05-05,JNK,96.9000015258789,95.5944301995786,1.365739953232197,1.403488616507604,-0.018038090532955908,0,0,0,
2022-05-06,JNK,96.37000274658205,94.9713844179708,1.4726734133472295,1.609300173737046,-0.0054695435598658415,1,0,0,
2022-05-09,JNK,95.3000030517578,93.21962315384806,2.23169739109148,2.9030615969101436,-0.011103036882109008,1,1,1,
2022-05-10,JNK,95.70999908447266,93.7818784363916,2.055962921865366,2.4579354448691806,0.004302161800479487,1,1,0,
2022-05-11,JNK,95.22000122070312,93.45213103696015,1.8917387587916876,2.050784756307317,-0.005119609951485415,1,1,0,
2022-05-12,JNK,95.06999969482422,93.63974014571008,1.5274065764050124,1.3594631035249456,-0.0015753153114462792,0,0,0,
2022-05-13,JNK,95.19000244140624,93.98470339223958,1.2824417226028908,0.9053396882216199,0.0012622567262776663,0,0,0,
2022-05-16,JNK,95.0,93.95060325755344,1.1169664760637834,0.6091566830479788,-0.0019960335805557783,0,0,0,
2022-05-17,JNK,94.91999816894533,94.1054845073176,0.8655326157577907,0.1850485251856013,-0.0008421245374176101,0,0,0,
2022-05-18,JNK,94.12999725341795,93.3380904619932,0.8484283184979138,0.1820708991322181,-0.008322807951610667,0,0,0,
2022-05-19,JNK,94.79000091552734,93.99148057809914,0.8495667187247855,0.19756628987233682,0.0070116188395557,0,0,0,
2022-05-20,JNK,94.6999969482422,93.27927773668158,1.5230812738185826,1.3537539703541126,-0.0009495090876235901,0,0,0,
2022-05-23,JNK,94.9800033569336,93.82036761871274,1.2360170479544828,0.8436688286003762,0.0029567731543267417,0,0,0,
2022-05-24,JNK,95.44000244140624,94.39951464326003,1.1022173176189007,0.607898903574985,0.004843115058061009,0,0,0,
2022-05-25,JNK,96.88999938964844,95.91996628170024,1.0112942545240045,0.457798874872433,0.015192758918173732,0,0,0,
2022-05-26,JNK,98.36000061035156,97.30319734835118,1.0860930481215003,0.5918322153324425,0.015171857054012694,0,0,0,
2022-05-27,JNK,99.27999877929688,98.17211826417916,1.1285083124481736,0.6807077020769907,0.009353377015417497,0,0,0,
2022-05-31,JNK,98.62000274658205,97.73331210010258,0.9072552924137876,0.30178797894096565,-0.006647824746473074,0,0,0,
2022-06-01,JNK,97.83999633789062,97.33839289204664,0.5153192188002197,-0.38260888750329336,-0.007909210981222103,0,0,0,
2022-06-02,JNK,98.12999725341795,97.82536379878138,0.31140538895738573,-0.7359123729484052,0.0029640323628570275,0,0,0,
2022-06-03,JNK,97.37000274658205,97.1732364932921,0.2024901715644038,-0.9102136759913975,-0.007744772527336852,0,0,0,
2022-06-06,JNK,96.73999786376952,96.72492153436896,0.01558680964677766,-1.2071045099588837,-0.006470215313151395,0,0,0,
2022-06-07,JNK,96.87000274658205,96.832226205994,0.039012364032277744,-1.1428085612460044,0.0013438586487835025,0,0,0,
2022-06-08,JNK,96.01000213623048,95.87321155170912,0.14267862973129497,-0.9483496764741177,-0.008877883616885796,0,0,0,
2022-06-09,JNK,95.22000122070312,94.95342250803594,0.2807468184147047,-0.7225537942239619,-0.008228318903757637,0,0,0,
2022-06-10,JNK,93.52999877929688,93.29328815026848,0.25372739424418395,-0.7693598968028047,-0.017748397602822208,0,0,0,
2022-06-13,JNK,90.31999969482422,90.07021239414797,0.27732509343174955,-0.7155203919971376,-0.03432052952387288,0,0,0,
2022-06-14,JNK,91.04000091552734,91.2045973056757,-0.18046940067802728,-1.472567181550255,0.007971669875286524,0,0,0,
2022-06-15,JNK,92.66000366210938,92.7119564738198,-0.056036797934570705,-1.2392047595091817,0.01779440608843119,0,0,0,
2022-06-16,JNK,91.12000274658205,91.61984002405237,-0.5455557195243965,-2.0176885465224856,-0.01661990993593143,-1,-1,0,
2022-06-17,JNK,91.63999938964844,91.88021630941648,-0.2614457490599378,-1.4994582516794865,0.005706723303252836,0,0,0,
2022-06-21,JNK,91.33000183105467,91.44140970154628,-0.12183525041359904,-1.2379609203930297,-0.0033827756510087514,0,0,0,
2022-06-22,JNK,91.37999725341795,91.54087107801855,-0.17573988832102125,-1.285600084986713,0.0005474151030431251,0,0,0,
2022-06-23,JNK,92.02999877929688,92.43739262786076,-0.4407240803556544,-1.6462982195305615,0.007113170774959876,-1,0,0,
2022-06-24,JNK,92.6500015258789,93.2890801586094,-0.6850519178063835,-1.9407706853108067,0.006736963542386842,-1,0,0,
2022-06-27,JNK,92.20999908447266,93.00598501920877,-0.8558437766899752,-2.084517711789507,-0.004749081858173021,-1,-1,0,
2022-06-28,JNK,90.9800033569336,92.04937340093774,-1.1617352780298789,-2.3744743770548724,-0.013339071030813887,-1,-1,0,
2022-06-29,JNK,90.81999969482422,91.84924763771038,-1.1205839670520956,-2.1873096426664977,-0.0017586684568656752,-1,-1,0,
2022-06-30,JNK,90.70999908447266,91.76925247667556,-1.1542574049757341,-2.1145279396272962,-0.0012111936877470253,-1,-1,0,
2022-07-01,JNK,91.04000091552734,91.74765962512735,-0.7713098214073695,-1.5672856765457766,0.00363798737058052,-1,0,0,
2022-07-05,JNK,90.95999908447266,91.08824682097529,-0.14079504324491773,-0.7599554507707782,-0.0008787547259464512,0,0,0,
2022-07-06,JNK,90.61000061035156,90.41382536847983,0.21697482776800972,-0.3030028794124347,-0.003847828470139425,0,0,0,
2022-07-07,JNK,92.08000183105467,92.37619125514834,-0.3206339426525786,-0.9796832594182323,0.016223388266208394,0,0,0,
2022-07-08,JNK,92.2699966430664,92.55477240766318,-0.30768350155134183,-0.9486062712036885,0.0020633667271241496,0,0,0,
2022-07-11,JNK,91.76000213623048,92.24909955630088,-0.5301920803811108,-1.199691301409681,-0.005527197630761482,0,0,0,
2022-07-12,JNK,92.0999984741211,92.66752547909188,-0.6124335381102122,-1.2608011266782966,0.003705278225537123,0,0,0,
2022-07-13,JNK,91.91999816894533,92.69391646191288,-0.8349181073663524,-1.4889759613240465,-0.0019544007400428276,0,0,0,
2022-07-14,JNK,91.66000366210938,92.64795316954203,-1.0663479047667161,-1.70439382046502,-0.0028284868583013933,-1,0,0,
2022-07-15,JNK,92.91999816894533,93.7563573237654,-0.8920559401981718,-1.4573217044898419,0.013746393808587776,0,0,0,
2022-07-18,JNK,92.01000213623048,92.28697123404936,-0.3001172257744327,-0.7623432939758745,-0.009793328138688828,0,0,0,
2022-07-19,JNK,93.26000213623048,93.0173075266774,0.26091338913833734,-0.11976904283196124,0.013585479523728683,0,0,0,
2022-07-20,JNK,93.7300033569336,93.3939384700784,0.35983586553946034,-0.004177535359669718,0.005039687003401072,0,0,0,
2022-07-21,JNK,94.93000030517578,94.5237906963986,0.42974324853505025,0.07330740354992649,0.012802698231776155,0,0,0,
2022-07-22,JNK,94.8000030517578,94.08929076779944,0.7553593806040125,0.44649480409674175,-0.001369401169283413,0,0,0,
2022-07-25,JNK,94.75,94.21161593102208,0.5714625141045262,0.23025417013399355,-0.0005274583348958695,0,0,0,
2022-07-26,JNK,94.0999984741211,93.44673013158716,0.6990810075580316,0.3801341191308131,-0.006860174415608489,0,0,0,
2022-07-27,JNK,95.06999969482422,94.67666483015915,0.41545069777296156,0.06107803212607833,0.01030819592382759,0,0,0,
2022-07-28,JNK,96.12999725341795,95.77443646493198,0.3712481133900102,0.014731856179150949,0.011149653539458626,0,0,0,
2022-07-29,JNK,96.37999725341795,96.30987676815556,0.07280715915688737,-0.32003974649475414,0.0026006450342543896,0,0,0,
2022-08-01,JNK,96.12000274658205,96.05294982545776,0.06980828933013662,-0.310296740544867,-0.002697598197189066,0,0,0,
2022-08-02,JNK,95.63999938964844,95.74970878094663,-0.11457934723246631,-0.5118396006236027,-0.004993792584454315,0,0,0,
2022-08-03,JNK,96.4800033569336,96.661829698882,-0.18810562816245896,-0.5756497266158697,0.00878297754753099,0,0,0,
2022-08-04,JNK,96.7300033569336,96.70731784305929,0.0234579082330901,-0.29893835542498864,0.002591210523439802,0,0,0,
2022-08-05,JNK,96.33000183105467,96.55214871966,-0.2300796942907283,-0.5837197194074073,-0.004135237382375756,0,0,0,
2022-08-08,JNK,96.45999908447266,96.27826623048962,0.18875792128201416,-0.043399472039507336,0.0013494991274469736,0,0,0,
2022-08-09,JNK,95.72000122070312,95.6690999734327,0.0532055253833961,-0.17979390686787666,-0.007671551635839213,0,0,0,
2022-08-10,JNK,97.16000366210938,97.3288411424947,-0.17347117093291345,-0.45636984655728685,0.01504390329128813,0,0,0,
2022-08-11,JNK,96.68000030517578,97.01780791710028,-0.34819134669910634,-0.681983377220942,-0.004940339016483497,0,0,0,
2022-08-12,JNK,97.56999969482422,98.2281701412223,-0.6700424587486714,-1.1305124926300656,0.009205620467926279,0,0,0,
2022-08-15,JNK,97.37999725341795,97.75806317199198,-0.3867363021594116,-0.6811858141077747,-0.0019473449011022659,0,0,0,
2022-08-16,JNK,97.01000213623048,97.42496789926528,-0.42593369234041045,-0.71660386828782,-0.003799498127162737,0,0,0,
2022-08-17,JNK,96.0,96.32552360381588,-0.33794117242980226,-0.5554005900443044,-0.010411319595809765,0,0,0,
2022-08-18,JNK,96.08999633789062,96.17086749278866,-0.08409111512288082,-0.1319072182113292,0.0009374618530273438,0,0,0,
2022-08-19,JNK,95.08000183105467,95.08421954678224,-0.004435768361634371,0.018104266362266856,-0.010510922523968125,0,0,0,
2022-08-22,JNK,93.97000122070312,93.8757959967502,0.100350918948466,0.2384636092785582,-0.011674385664441678,0,0,0,
2022-08-23,JNK,94.16999816894533,93.8302445619333,0.36209391609095876,0.7397037904056214,0.002128306328021301,0,0,0,
2022-08-24,JNK,94.30999755859376,94.1201029824306,0.20175772246936136,0.4954222035507525,0.0014866665856494432,0,0,0,
2022-08-25,JNK,95.0999984741211,94.77731460644952,0.34046529911875467,0.7937233062194559,0.008376640186386508,0,0,0,
2022-08-26,JNK,93.58999633789062,93.43188920786938,0.1692218057043561,0.5157818786971534,-0.01587804585129804,0,0,0,
2022-08-29,JNK,93.1999969482422,93.09328168443862,0.11463261566534476,0.4614340364543194,-0.004167105512435265,0,0,0,
2022-08-30,JNK,92.47000122070312,92.78721113632612,-0.34186814296739726,-0.46170052390056937,-0.007832572440366836,0,0,0,
2022-08-31,JNK,91.88999938964844,92.30629903022196,-0.45099808458058377,-0.6717783771878205,-0.006272324250005901,0,0,0,
2022-09-01,JNK,91.55999755859376,91.92417711703854,-0.39617385748375944,-0.5308830648275983,-0.0035912703585440076,0,0,0,
2022-09-02,JNK,91.58999633789062,91.96096673279712,-0.40339984244009647,-0.5270869112016251,0.00032764067383972417,0,0,0,
2022-09-06,JNK,91.37999725341795,91.50289010674032,-0.13430488717789346,0.06967965954159949,-0.002292816823552979,0,0,0,
2022-09-07,JNK,92.56999969482422,92.7812100501711,-0.22764345844666958,-0.12660503699854286,0.013022570334578987,0,0,0,
2022-09-08,JNK,92.9499969482422,92.99304665636812,-0.04629346996770584,0.2806216964474106,0.0041049719636028215,0,0,0,
2022-09-09,JNK,93.3499984741211,93.50157870954324,-0.16211516159852166,0.04039060136763398,0.004303405476189903,0,0,0,
2022-09-12,JNK,93.66000366210938,94.0483871086856,-0.41296130483066995,-0.49815304254301096,0.0033208911950246556,0,0,0,
2022-09-13,JNK,91.5500030517578,91.84222183641424,-0.31817477714871695,-0.2666697865728124,-0.02252829946455781,0,0,0,
2022-09-14,JNK,91.62000274658205,92.0469772740297,-0.4638658868465877,-0.5843641553754223,0.0007646061440835794,0,0,0,
2022-09-15,JNK,91.08000183105467,91.3084728225635,-0.2502188290377039,-0.09564753335584562,-0.005893919442689799,0,0,0,Gilt/LDI stress (Sep 2022)
2022-09-16,JNK,91.30999755859376,90.9847773052038,0.357444688026243,1.2339222177666587,0.002525205565604871,0,0,0,Gilt/LDI stress (Sep 2022)
2022-09-19,JNK,91.6999969482422,91.63420968837612,0.07179334016172526,0.5808293654463689,0.004271157595839181,0,0,0,Gilt/LDI stress (Sep 2022)
2022-09-20,JNK,90.7699966430664,90.89422761698684,-0.13667641738914565,0.11567923199522498,-0.010141770295812647,0,0,0,Gilt/LDI stress (Sep 2022)
2022-09-21,JNK,90.58000183105467,90.65128820785358,-0.07863801850830537,0.24177835480236673,-0.0020931455220698503,0,0,0,Gilt/LDI stress (Sep 2022)
2022-09-22,JNK,89.94999694824219,90.10479730304468,-0.17180034741308794,0.024286218739708716,-0.006955231508910087,0,0,0,Gilt/LDI stress (Sep 2022)
2022-09-23,JNK,88.80999755859375,88.79970886752142,0.011586401806431898,0.4138358072801134,-0.012673701259872217,0,0,0,Gilt/LDI stress (Sep 2022)
2022-09-26,JNK,87.77999877929688,87.759633361566,0.023205905666181872,0.4162152457562333,-0.011597779615040715,0,0,0,Gilt/LDI stress (Sep 2022)
2022-09-27,JNK,87.56999969482422,87.46208178727441,0.12338822189515566,0.6259302491082577,-0.002392334101082083,0,0,0,Gilt/LDI stress (Sep 2022)
2022-09-28,JNK,88.95999908447266,88.98984836587975,-0.03354234438558741,0.21770881356256697,0.015873008958461776,0,0,0,Gilt/LDI stress (Sep 2022)
2022-09-29,JNK,88.25,87.77966705193599,0.5358108134378472,1.6427067706386662,-0.007981104898601377,1,0,0,Gilt/LDI stress (Sep 2022)
2022-09-30,JNK,87.8499984741211,87.4891692704767,0.412427282889017,1.2875313236451853,-0.0045325951940952125,0,0,0,Gilt/LDI stress (Sep 2022)
2022-10-03,JNK,88.2699966430664,87.97842569378372,0.33141187397183425,1.044236677968718,0.0047808557340958124,0,0,0,Rates vol spike (Oct 2022)
2022-10-04,JNK,90.16999816894533,89.37871067502587,0.8853198798050642,2.3636930307942294,0.02152488499078431,1,1,0,Rates vol spike (Oct 2022)
2022-10-05,JNK,89.86000061035156,89.56610439524268,0.328133301200602,0.9357361679309667,-0.0034379235320926016,0,0,0,Rates vol spike (Oct 2022)
2022-10-06,JNK,89.56999969482422,89.41339229942157,0.17514981970285687,0.5345367510140024,-0.003227252543485215,0,0,0,Rates vol spike (Oct 2022)
2022-10-07,JNK,88.56999969482422,88.57566995513034,-0.006401600246422811,0.059812456800492714,-0.011164452421649207,0,0,0,Rates vol spike (Oct 2022)
2022-10-10,JNK,87.44999694824219,87.38303683778874,0.07662827120296864,0.24696611117469333,-0.0126453963016947,0,0,0,Rates vol spike (Oct 2022)
2022-10-11,JNK,87.72000122070312,87.56160823649209,0.18089318755228384,0.4917429883237834,0.003087527522965372,0,0,0,Rates vol spike (Oct 2022)
2022-10-12,JNK,87.88999938964844,87.79631122336149,0.10671082301920583,0.2612919783463093,0.0019379635952989638,0,0,0,Rates vol spike (Oct 2022)
2022-10-13,JNK,88.05999755859375,87.61707422226377,0.5055217151013185,1.4010076369257696,0.0019342151567398602,0,0,0,Rates vol spike (Oct 2022)
2022-10-14,JNK,87.73999786376953,87.18899237592919,0.6319668031769362,1.7079170339022696,-0.00363388262203046,1,0,0,Rates vol spike (Oct 2022)
2022-10-17,JNK,88.80999755859375,88.36869705549526,0.4993855491853114,1.291884554763812,0.012195118769954494,0,0,0,Rates vol spike (Oct 2022)
2022-10-18,JNK,89.44000244140625,89.4774210141372,-0.04181901121741603,-0.26962342569093045,0.0070938509191698085,0,0,0,Rates vol spike (Oct 2022)
2022-10-19,JNK,88.6500015258789,89.0832928035844,-0.48638893340060596,-1.5175885631387176,-0.008832747025525722,-1,0,0,Rates vol spike (Oct 2022)
2022-10-20,JNK,88.11000061035156,88.56029529298745,-0.5084611350336602,-1.5498207050778388,-0.006091380780965938,-1,0,0,Rates vol spike (Oct 2022)
2022-10-21,JNK,88.7699966430664,88.58702503872915,0.20654447336645668,0.5939318588766915,0.0074905916257286265,0,0,0,Rates vol spike (Oct 2022)
2022-10-24,JNK,89.01000213623047,88.92603803885024,0.09442014873478267,0.2950510863404075,0.002703678069619686,0,0,0,Rates vol spike (Oct 2022)
2022-10-25,JNK,89.80000305175781,89.84788225970384,-0.05328918917379798,-0.14569276365796888,0.008875417330270752,0,0,0,Rates vol spike (Oct 2022)
2022-10-26,JNK,90.0199966430664,89.70312696520337,0.3532426221729769,1.145756551060561,0.0024498171918969636,0,0,0,Rates vol spike (Oct 2022)
2022-10-27,JNK,90.75,90.30435185781944,0.49349575409412627,1.5398636977763147,0.00810934663581575,1,0,0,Rates vol spike (Oct 2022)
2022-10-28,JNK,91.44000244140624,90.81391641349094,0.6894163941400984,2.0461904851009254,0.007603332687672104,1,1,0,Rates vol spike (Oct 2022)
2022-10-31,JNK,90.05000305175781,89.41698847428998,0.7079354698350675,1.9963708476814084,-0.015201217766142583,1,0,0,Rates vol spike (Oct 2022)
2022-11-01,JNK,90.16000366210938,89.69912584263702,0.513804137044653,1.3811884541342896,0.0012215503234167535,0,0,0,
2022-11-02,JNK,89.31999969482422,89.19815198023167,0.13660340700730195,0.29208973964026,-0.009316813810625213,0,0,0,
2022-11-03,JNK,88.79000091552734,88.5012305963839,0.3262896088534584,0.8108154302478704,-0.005933707804609223,0,0,0,
2022-11-04,JNK,89.33000183105469,89.13002370763307,0.22436673424164,0.5163558068727341,0.006081776213079371,0,0,0,
2022-11-07,JNK,89.33000183105469,89.28131780319585,0.05452879623277429,0.029364051043167454,0.0,0,0,0,
2022-11-08,JNK,89.1500015258789,88.7338975899051,0.46893458675385274,1.1784140008328539,-0.002015003934693782,0,0,0,
2022-11-09,JNK,88.08999633789062,88.01950854153193,0.08008201536984423,0.05403745954042873,-0.011890130901238138,0,0,0,
2022-11-10,JNK,90.83999633789062,90.52747855874536,0.345218693948785,0.7951298221316485,0.031218073723737083,0,0,0,
2022-11-11,JNK,91.16000366210938,90.6240176873854,0.5914392104893168,1.4765062088766414,0.003522758004397497,0,0,0,
2022-11-14,JNK,90.4499969482422,89.83986811498646,0.679129261938404,1.67775478868532,-0.00778857706608771,1,0,0,
2022-11-15,JNK,91.4499969482422,90.57767918364144,0.9630604056791824,2.372813882056674,0.011055832324375015,1,1,0,
2022-11-16,JNK,91.1999969482422,90.29088722104804,1.0068676421004727,2.3428870583728387,-0.0027337343722547702,1,1,0,
2022-11-17,JNK,90.77999877929688,89.80142948034126,1.089703476457289,2.4027411054060153,-0.004605243234642731,1,1,0,
2022-11-18,JNK,91.0199966430664,89.67299584217427,1.502125348039975,3.1315321244770056,0.0026437306344651024,1,1,1,
2022-11-21,JNK,90.94000244140624,89.76539444680463,1.3085309788257866,2.499409008682814,-0.0008788640365904321,1,1,0,
2022-11-22,JNK,91.6500015258789,90.2559395618552,1.5445653447198475,2.7882483915875307,0.0078073352255529915,1,1,1,
2022-11-23,JNK,92.16000366210938,90.85483228218216,1.4365459130159859,2.402254891640454,0.005564671333763815,1,1,0,
2022-11-25,JNK,91.94000244140624,90.99371330143896,1.0399500203189451,1.5461154152463952,-0.0023871659283970503,1,0,0,
2022-11-28,JNK,90.98999786376952,90.84150793281218,0.1634604426284566,-0.18323256880499308,-0.010332875270937292,0,0,0,
2022-11-29,JNK,91.41000366210938,91.2226992535374,0.2053265361633248,-0.1191561613542914,0.004615955689642792,0,0,0,
2022-11-30,JNK,92.83000183105467,92.89534704965374,-0.07034283274073481,-0.6900210538254612,0.015534384772526888,0,0,0,
2022-12-01,JNK,92.5500030517578,92.61638697320484,-0.07167621585826618,-0.7108795932955363,-0.003016253083851672,0,0,0,
2022-12-02,JNK,92.5500030517578,92.57352692174229,-0.025411011945535092,-0.6366616389832878,0.0,0,0,0,
2022-12-05,JNK,91.6999969482422,91.801964414151,-0.11107329408419685,-0.8152155564522301,-0.009184290388842387,0,0,0,
2022-12-06,JNK,91.2699966430664,91.34901189821682,-0.08649820453279772,-0.7722985500892398,-0.004689207409881324,0,0,0,
2022-12-07,JNK,91.72000122070312,91.66677454861428,0.05806539212374278,-0.4760779853038312,0.004930476544187545,0,0,0,
2022-12-08,JNK,91.81999969482422,92.04949950516225,-0.2493221707578714,-1.1104173099716175,0.0010902580984541999,0,0,0,
2022-12-09,JNK,91.87000274658205,91.9202518828178,-0.0546660123383993,-0.7273391464097042,0.0005445769105207887,0,0,0,
2022-12-12,JNK,92.18000030517578,92.52031194249756,-0.3678237029002704,-1.381841291787274,0.0033743066215949913,0,0,0,
2022-12-13,JNK,93.18000030517578,93.43068538357542,-0.26831129127487946,-1.1902799510089046,0.01084834016803371,0,0,0,
2022-12-14,JNK,92.69000244140624,92.81107332343682,-0.1304487467876386,-0.9058609390225827,-0.00525861624988988,0,0,0,
2022-12-15,JNK,92.3000030517578,92.63871088529216,-0.36562235192775394,-1.361153781499983,-0.004207566936843876,0,0,0,
2022-12-16,JNK,91.83000183105467,92.12768744372067,-0.3231228536457646,-1.2448262725649653,-0.005092104064607361,0,0,0,
2022-12-19,JNK,90.79000091552734,90.70849195701672,0.08985813428498952,-0.3979629356589977,-0.011325284708593175,0,0,0,
2022-12-20,JNK,90.51000213623048,90.794393515013,-0.31322570455354304,-1.220418195604461,-0.003084026616073876,0,0,0,
2022-12-21,JNK,91.30999755859376,91.59288781033008,-0.3088561333737246,-1.201044484990883,0.00883875155763647,0,0,0,
2022-12-22,JNK,90.6999969482422,90.9357663723299,-0.25927028879082803,-1.0822890731573462,-0.0066805456867975455,0,0,0,
2022-12-23,JNK,90.9800033569336,91.4234182041919,-0.4850123261284702,-1.5014947385543589,0.003087171092752916,-1,0,0,
2022-12-27,JNK,89.9800033569336,90.42503337575792,-0.49215355771561636,-1.4704085763823698,-0.01099142628162797,0,0,0,
2022-12-28,JNK,88.66999816894531,88.7916793702558,-0.1370412207241752,-0.7646165874892112,-0.014558847956381404,0,0,0,
2022-12-29,JNK,89.94000244140625,89.6349126938467,0.3403693252891326,0.18210307216706495,0.01432281830029103,0,0,0,
2022-12-30,JNK,90.0,89.65014697913345,0.39024255135686203,0.28130339462769527,0.0006670842446645509,0,0,0,
2023-01-03,JNK,90.18000030517578,89.87674464249363,0.33741282451697574,0.17680632526570092,0.0020000033908420534,0,0,0,
2023-01-04,JNK,91.29000091552734,91.09167758450572,0.21771838688297498,-0.03909133382516418,0.012308722628024293,0,0,0,
2023-01-05,JNK,91.12000274658205,91.18020116171814,-0.06602136688570245,-0.5926096519716372,-0.0018621773166876965,0,0,0,
2023-01-06,JNK,92.44000244140624,92.14666666987246,0.3183357381604375,0.1696824720325824,0.014486387785734633,0,0,0,
2023-01-09,JNK,92.83999633789062,92.34433961292612,0.536748356252389,0.5876259897234171,0.0043270649710112075,0,0,0,
2023-01-10,JNK,92.72000122070312,92.21564044026566,0.5469362659408896,0.5918737508352155,-0.0012924937733816977,0,0,0,
2023-01-11,JNK,93.37999725341795,93.26289092279318,0.12556583810137753,-0.24440460956533738,0.007118162467921296,0,0,0,
2023-01-12,JNK,93.87999725341795,93.87256646089182,0.007915829732036014,-0.47464499459625287,0.005354465781821416,0,0,0,
2023-01-13,JNK,93.95999908447266,93.80107164174716,0.16943030601237488,-0.14357676436607322,0.000852171212135211,0,0,0,
2023-01-17,JNK,93.69000244140624,93.5997241279927,0.09645147382067486,-0.2730717302663355,-0.0028735275191273946,0,0,0,
2023-01-18,JNK,93.77999877929688,93.36188015126518,0.4478472663085354,0.4312130843534367,0.0009605756809210053,0,0,0,
2023-01-19,JNK,93.16000366210938,92.59770026428376,0.6072541717782859,0.728073305604795,-0.006611165763038662,0,0,0,
2023-01-20,JNK,93.38999938964844,92.80287449323878,0.6326580934219206,0.7530512614154453,0.0024688248013948755,0,0,0,
2023-01-23,JNK,93.2699966430664,92.73980193683022,0.5717013570908099,0.6054121073890008,-0.0012849635653314762,0,0,0,
2023-01-24,JNK,93.38999938964844,92.95440134018406,0.46861476507198596,0.38433875099674547,0.0012866168210692308,0,0,0,
2023-01-25,JNK,93.38999938964844,92.91733217572008,0.5086964970480199,0.45299764772191686,0.0,0,0,0,
2023-01-26,JNK,93.62999725341795,93.24030258030618,0.4179465985496343,0.2520685316103886,0.0025698454367493184,0,0,0,
2023-01-27,JNK,93.38999938964844,92.7565664400304,0.6828982291270683,0.7836753579907842,-0.0025632582592087783,0,0,0,
2023-01-30,JNK,92.9000015258789,92.30329036633154,0.6464679180765414,0.7020018296235994,-0.0052467915940884735,0,0,0,
2023-01-31,JNK,93.62999725341795,93.0514823096443,0.6217149145980826,0.6546132554232236,0.007857865614089299,0,0,0,
2023-02-01,JNK,94.0199966430664,93.77020642562836,0.2663854831504102,-0.05952369977961239,0.004165325227906136,0,0,0,
2023-02-02,JNK,94.62999725341795,94.34024837858313,0.30713177017732557,0.03126321686647644,0.006487988003949008,0,0,0,
2023-02-03,JNK,93.66999816894533,92.96610170896145,0.7571538948545895,0.933966515616625,-0.010144765004079681,0,0,0,
2023-02-06,JNK,93.12000274658205,92.40826224188882,0.7702130604189542,0.939450701817597,-0.0058716284094646465,0,0,0,
2023-02-07,JNK,93.4800033569336,93.15542390211728,0.3484278651958761,0.07653255875135803,0.0038659858218781373,0,0,0,
2023-02-08,JNK,93.12000274658205,93.28618507550922,-0.17814248572032823,-0.9828039274040385,-0.003851097533415393,0,0,0,
2023-02-09,JNK,92.4499969482422,92.70500663287028,-0.2750764968260729,-1.1437482696529753,-0.007195079237306334,0,0,0,
2023-02-10,JNK,91.7300033569336,91.95952590442492,-0.24959083383039044,-1.0735268817055947,-0.007787924446462591,0,0,0,
2023-02-13,JNK,91.98999786376952,91.89602303884234,0.102262123886963,-0.3656241871429198,0.002834345332183741,0,0,0,
2023-02-14,JNK,92.0,91.78899306910756,0.2298826077475017,-0.1009212172542643,0.00010873069314887296,0,0,0,
2023-02-15,JNK,91.86000061035156,91.1746622362544,0.7516763509595331,0.9348093237341688,-0.001521732496178707,0,0,0,
2023-02-16,JNK,91.08000183105467,90.47869979176976,0.6645785590075572,0.7789704270174868,-0.008491168888681622,0,0,0,
2023-02-17,JNK,91.37999725341795,90.60584775636546,0.8544144955567767,1.1729618584403374,0.0032937573159006472,0,0,0,
2023-02-21,JNK,89.94000244140625,89.46376718573077,0.5323219339587955,0.5504228231281348,-0.015758315334791106,0,0,0,
2023-02-22,JNK,90.5999984741211,90.041708866001,0.6200344430945124,0.8003039952775899,0.007338181174108893,0,0,0,
2023-02-23,JNK,91.51000213623048,91.53400301725569,-0.02622072698019946,-0.5818564929905303,0.010044190700172262,0,0,0,
2023-02-24,JNK,90.9800033569336,91.19593244500452,-0.23677491120685418,-1.0662736156966446,-0.005791703277504889,0,0,0,
2023-02-27,JNK,91.55999755859376,92.22031783426398,-0.7160247233770403,-2.228817459329006,0.006374963511319498,-1,-1,0,
2023-02-28,JNK,91.38999938964844,91.5915082604186,-0.2200082459579407,-0.9596378170214456,-0.0018566860362412285,0,0,0,
2023-03-01,JNK,90.62000274658205,90.50508670958102,0.1269719097333989,-0.05341622317582716,-0.008425392802372755,0,0,0,
2023-03-02,JNK,90.66999816894533,91.11501213074992,-0.4884090463226812,-1.5951867918525076,0.0005517040482010405,-1,0,0,
2023-03-03,JNK,91.5999984741211,92.01162004054738,-0.4473582426272887,-1.4526986633560068,0.010256979419398515,0,0,0,
2023-03-06,JNK,91.66999816894533,91.5813206388294,0.09682927642597476,-0.09146941616320502,0.0007641888208547165,0,0,0,
2023-03-07,JNK,91.08000183105467,90.60435063668876,0.5249761087888665,0.959088423139065,-0.0064360897750135315,0,0,0,
2023-03-08,JNK,90.62000274658205,90.19086821343816,0.47580707630879726,0.8109513443676777,-0.005050494897067326,0,0,0,
2023-03-09,JNK,90.05999755859375,89.6057618621801,0.506926883912101,0.8623691754755503,-0.006179708353732272,0,0,0,
2023-03-10,JNK,90.02999877929688,89.82958561457954,0.223103739537684,0.14914885592275792,-0.0003330977138585878,0,0,0,
2023-03-13,JNK,89.56999969482422,89.34693702717638,0.24965899791281007,0.19722000095518025,-0.005109397875260657,0,0,0,
2023-03-14,JNK,90.2699966430664,89.66057775316962,0.6796954750553605,1.235744302142517,0.007815082623949587,0,0,0,
2023-03-15,JNK,89.86000061035156,89.31439318063504,0.610884103095293,1.0329651792012606,-0.004541885986060201,0,0,0,
2023-03-16,JNK,90.4499969482422,90.15145243498844,0.33115885012396307,0.3120020248880249,0.006565728175865093,0,0,0,
2023-03-17,JNK,89.91000366210938,89.64428905903767,0.2964099619293167,0.2081101968223515,-0.00597007522777282,0,0,0,
2023-03-20,JNK,89.66999816894531,89.27876710620787,0.43821288691411936,0.5450186106285178,-0.002669396990195083,0,0,0,
2023-03-21,JNK,90.69000244140624,90.43643589225876,0.2803809622147922,0.11412482246601702,0.011375089698776986,0,0,0,
2023-03-22,JNK,90.79000091552734,90.60346373784192,0.20588305346157876,-0.08666738605047374,0.0011026405494443114,0,0,0,
2023-03-23,JNK,90.48999786376952,90.52066407870312,-0.03387758501963787,-0.7390119645624559,-0.003304362250606818,0,0,0,
2023-03-24,JNK,90.23999786376952,90.14345426776244,0.10709995172839414,-0.3871415347572661,-0.0027627362791672327,0,0,0,
2023-03-27,JNK,90.0999984741211,89.91379588664208,0.20709011964500906,-0.13819307670479877,-0.0015514117127947147,0,0,0,
2023-03-28,JNK,90.08000183105467,89.71042414962898,0.4119673771793491,0.40048083498590004,-0.0002219383285801957,0,0,0,
2023-03-29,JNK,91.13999938964844,90.80863891145682,0.3648997299857191,0.23679436659444014,0.01176729059777104,0,0,0,
2023-03-30,JNK,91.73999786376952,91.92663797891215,-0.2030315904574388,-1.4390752926556294,0.006583261774623539,0,0,0,
2023-03-31,JNK,92.81999969482422,92.47664811850896,0.371284625146936,0.25622151509959357,0.011772420494912783,0,0,0,
2023-04-03,JNK,92.29000091552734,92.06900728020425,0.2400304313595147,-0.12449176541801396,-0.0057099631656907235,0,0,0,
2023-04-04,JNK,91.97000122070312,92.16375381673606,-0.21022645889424815,-1.4065129794437787,-0.003467327897386352,0,0,0,
2023-04-05,JNK,91.4499969482422,91.93340879030762,-0.5258282581123951,-2.1978901344554433,-0.00565406399433499,-1,-1,0,
2023-04-06,JNK,91.88999938964844,91.8826292728562,0.008021229747730065,-0.7131171415824286,0.004811399191792853,0,0,0,
2023-04-10,JNK,91.70999908447266,91.85987335942848,-0.16315532503446167,-1.1580765463906912,-0.0019588671930719226,0,0,0,
2023-04-11,JNK,91.97000122070312,92.34093679044112,-0.40170219474792357,-1.7411710657622819,0.0028350467650859468,-1,0,0,
2023-04-12,JNK,91.91000366210938,92.52212185869357,-0.6615911787227083,-2.3008618299402546,-0.0006523600934805751,-1,-1,0,
2023-04-13,JNK,92.61000061035156,92.88542662079544,-0.29652230760408305,-1.3135074870697878,0.007616112722784729,0,0,0,
2023-04-14,JNK,92.37999725341795,92.54499538082206,-0.17828962735925125,-0.996079091952844,-0.0024835693274781745,0,0,0,
2023-04-17,JNK,92.12999725341795,92.6622070666505,-0.5743547775089476,-1.917776431287022,-0.0027062135465776294,-1,0,0,
2023-04-18,JNK,92.2300033569336,93.15470883426244,-0.9926556466126107,-2.72933979136194,0.0010854890534790496,-1,-1,-1,
2023-04-19,JNK,91.88999938964844,92.33736895213748,-0.4844945958130291,-1.4913950282759385,-0.003686478964652351,0,0,0,
2023-04-20,JNK,91.83000183105467,91.90142685763595,-0.07771917044544364,-0.5393521471428088,-0.0006529280551994532,0,0,0,
2023-04-21,JNK,92.08000183105467,92.80902845688604,-0.7855126144004752,-2.0614646252974262,0.0027224218122083865,-1,-1,0,
2023-04-24,JNK,92.3499984741211,92.86204318151748,-0.5514036627381658,-1.4813172262067642,0.002932196325992731,0,0,0,
2023-04-25,JNK,92.18000030517578,92.61628062417188,-0.47106223231580785,-1.25969978322966,-0.001840803159222082,0,0,0,
2023-04-26,JNK,91.81999969482422,91.93713482345724,-0.12740785196096538,-0.4835906132824822,-0.0039054090817934872,0,0,0,
2023-04-27,JNK,92.12999725341795,92.1277781066621,0.0024087705157496693,-0.18275197163494478,0.0033761441910700185,0,0,0,
2023-04-28,JNK,92.48999786376952,92.58028255822484,-0.09752043519476113,-0.3821711806815096,0.003907528721197373,0,0,0,
2023-05-01,JNK,91.58999633789062,91.38000862731158,0.22979611594858362,0.3737963311584682,-0.009730798428653098,0,0,0,
2023-05-02,JNK,91.55999755859376,91.83156127645915,-0.2957193736996885,-0.7968307274524864,-0.000327533360588772,0,0,0,
2023-05-03,JNK,91.4499969482422,91.76765916431876,-0.3461592231613444,-0.8863837631390084,-0.001201404688561336,0,0,0,
2023-05-04,JNK,91.18000030517578,91.42852116599737,-0.27181984095572526,-0.6947216052187399,-0.002952396414176217,0,0,0,
2023-05-05,JNK,91.6500015258789,91.71807064896072,-0.07421560724095322,-0.2179955507773522,0.005154652545843907,0,0,0,
2023-05-08,JNK,91.47000122070312,91.37095626416378,0.10839873039414688,0.23930663190279136,-0.001963996750452335,0,0,0,
2023-05-09,JNK,91.25,91.21483064080302,0.038556623906345955,0.08413496959156869,-0.0024051734750969445,0,0,0,
2023-05-10,JNK,91.79000091552734,91.43893103026232,0.38393918357250967,0.8905927823961672,0.00591781825235449,0,0,0,
2023-05-11,JNK,91.66000366210938,91.7266181680208,-0.0726228735364579,-0.21275918339805797,-0.0014162463462398245,0,0,0,
2023-05-12,JNK,91.31999969482422,91.34700729390124,-0.02956593749166747,-0.11792323125961862,-0.003709403815196577,0,0,0,
2023-05-15,JNK,91.33999633789062,91.30143965946404,0.04223008812390719,0.05774260852614103,0.0002189733150814721,0,0,0,
2023-05-16,JNK,90.69000244140624,91.02352877500655,-0.3664177142865268,-0.9022201460830657,-0.007116202348858125,0,0,0,
2023-05-17,JNK,90.9000015258789,91.23278562629274,-0.3647637174830774,-0.8734060663245813,0.0023155703916575288,0,0,0,
2023-05-18,JNK,90.94000244140624,91.38492429791316,-0.4868657056129806,-1.1419324095264143,0.00044005406882141607,0,0,0,
2023-05-19,JNK,90.98999786376952,91.2513619105485,-0.2864220777714947,-0.6221009982007005,0.0005497627119099846,0,0,0,
2023-05-22,JNK,91.38999938964844,91.60996184290197,-0.24010756999411687,-0.4789121588052592,0.004396104355094188,0,0,0,
2023-05-23,JNK,90.94000244140624,91.6376283950302,-0.7612876564380882,-1.7877586905470633,-0.004923918932569493,-1,0,0,
2023-05-24,JNK,90.3000030517578,90.87672912438066,-0.6346245933142148,-1.4071621906151985,-0.007037600313028358,0,0,0,
2023-05-25,JNK,90.20999908447266,90.76273575440165,-0.608990755219919,-1.3086210179675044,-0.0009967216416765234,0,0,0,
2023-05-26,JNK,90.77999877929688,91.3341687693868,-0.6067499135938677,-1.3158876729127627,0.006318586637945378,0,0,0,
2023-05-30,JNK,91.16000366210938,91.56572050193007,-0.44308813123154134,-0.8824836732893943,0.004185997884141424,0,0,0,
2023-05-31,JNK,90.83999633789062,91.1829697921807,-0.37613762204911866,-0.6906455264635883,-0.0035103917437835364,0,0,0,
2023-06-01,JNK,90.91999816894533,91.34975247371372,-0.47044933689563984,-0.9320767564429776,0.0008806895010995408,0,0,0,
2023-06-02,JNK,91.37999725341795,92.01281252377164,-0.687746905019559,-1.4590042907227063,0.005059382905154397,0,0,0,
2023-06-05,JNK,91.2699966430664,91.57583932488724,-0.33397748147935,-0.5508165361729218,-0.0012037712153404323,0,0,0,
2023-06-06,JNK,91.47000122070312,91.683173850191,-0.2325100894044013,-0.27079373047222893,0.0021913507723561043,0,0,0,
2023-06-07,JNK,91.0,90.93152024834434,0.07530914634291008,0.546530957305868,-0.005138309986124079,0,0,0,
2023-06-08,JNK,91.58999633789062,91.44566319473942,0.15783486948291248,0.7914199555052376,0.006483476240556341,0,0,0,
2023-06-09,JNK,91.5999984741211,91.26914096619164,0.3625075292995353,1.3219974292832641,0.00010920555333981952,0,0,0,
2023-06-12,JNK,91.54000091552734,91.5719817891618,-0.03492429999831875,0.28410420792978425,-0.0006549951920654662,0,0,0,
2023-06-13,JNK,91.66999816894533,91.4479946403916,0.24276478606964583,1.076899954303466,0.0014201141808807272,0,0,0,
2023-06-14,JNK,91.73999786376952,91.59310387431782,0.16037669129901172,0.8966883493807509,0.000763605282233959,0,0,0,
2023-06-15,JNK,92.16000366210938,92.2808514612774,-0.1309565280926435,0.09187454493481986,0.004578218967952852,0,0,0,
2023-06-16,JNK,91.91000366210938,92.59675282886508,-0.7416557770928915,-1.6104661212923175,-0.002712673503319163,-1,0,0,
2023-06-20,JNK,91.66999816894533,91.82624278221932,-0.17015246245515786,0.055248365604121864,-0.0026113097987285894,0,0,0,
2023-06-21,JNK,91.4499969482422,92.02442721340591,-0.6242149856924413,-1.2412673043921876,-0.002399926094660443,0,0,0,
2023-06-22,JNK,91.18000030517578,91.78776840907696,-0.6621449834061732,-1.3096334995194896,-0.002952396414176217,0,0,0,
2023-06-23,JNK,90.9000015258789,91.25284202560547,-0.3866624774574817,-0.4827561030561603,-0.0030708354722497333,0,0,0,
2023-06-26,JNK,91.06999969482422,91.29706228069368,-0.24870743942598658,-0.06046074367547369,0.0018701668436926777,0,0,0,
2023-06-27,JNK,91.33999633789062,92.05920142517104,-0.7812419357830405,-1.5826231354361981,0.0029647155371819167,-1,0,0,
2023-06-28,JNK,91.87000274658205,92.16013821003658,-0.3148166540216147,-0.18013936854003543,0.00580256656383904,0,0,0,
2023-06-29,JNK,91.62999725341795,91.73424578673344,-0.11364189286282955,0.4674603110307125,-0.0026124467833764653,0,0,0,
2023-06-30,JNK,92.02999877929688,92.0449349004076,-0.016226988619072635,0.7593811551196329,0.004365399300107375,0,0,0,
2023-07-03,JNK,91.4800033569336,91.59425291180862,-0.12473441427054972,0.46016302825206334,-0.005976262410719579,0,0,0,
2023-07-05,JNK,91.16999816894533,90.9469881622039,0.2452087872813275,1.64694408188264,-0.003388775433016744,1,0,0,
2023-07-06,JNK,90.5199966430664,90.15661285073422,0.4030583901081273,2.0485759844518414,-0.007129555105117147,1,1,0,
2023-07-07,JNK,90.58999633789062,90.48971133070732,0.11082476196304435,1.1070145678587546,0.0007733064231125741,0,0,0,
2023-07-10,JNK,91.01000213623048,90.9623035902967,0.05243770666651428,0.9230304669146316,0.004636337513176159,0,0,0,
2023-07-11,JNK,91.4800033569336,91.27313510950408,0.22664746552347892,1.417107852629029,0.005164280954521594,0,0,0,
2023-07-12,JNK,92.2300033569336,92.05218628290956,0.19316985419285768,1.2723893043381769,0.008198513035397204,0,0,0,
2023-07-13,JNK,92.79000091552734,92.59411244163437,0.21155607924472986,1.2859666439807853,0.006071750387198094,0,0,0,
2023-07-14,JNK,92.13999938964844,92.10802423640004,0.03471484000821729,0.737762712882435,-0.007005081576307415,0,0,0,
2023-07-17,JNK,92.31999969482422,92.49087112301405,-0.18474410081246345,0.08362317508891345,0.001953552272282666,0,0,0,
2023-07-18,JNK,92.5500030517578,92.31211972010728,0.25769458265262524,1.3559475912859622,0.0024913708589024974,0,0,0,
2023-07-19,JNK,92.62999725341795,92.90337960558936,-0.29426523914632974,-0.3286168634512874,0.0008643349435160097,0,0,0,
2023-07-20,JNK,92.26000213623048,92.575864238116,-0.3411927120367787,-0.4839192661713553,-0.003994333673304928,0,0,0,
2023-07-21,JNK,92.45999908447266,92.49763846807556,-0.04069226439321352,0.4522436518933912,0.002167753561796548,0,0,0,
2023-07-24,JNK,92.29000091552734,92.22873136998624,0.06643216775401437,0.7629750361530504,-0.0018386131368008929,0,0,0,
2023-07-25,JNK,92.2300033569336,92.27913663471595,-0.05324418885370875,0.3588748960838109,-0.0006500981471293521,0,0,0,
2023-07-26,JNK,92.6500015258789,92.69413600082297,-0.04761301722869182,0.3578761390091296,0.00455381279039857,0,0,0,
2023-07-27,JNK,91.93000030517578,92.16103101161582,-0.2506815558637999,-0.2970353746669246,-0.0077711949146812564,0,0,0,
2023-07-28,JNK,92.45999908447266,92.59009878671048,-0.14051146282662957,0.06914181073384755,0.005765242875421128,0,0,0,
2023-07-31,JNK,92.75,93.02250500077056,-0.2929452402602009,-0.4176216920752009,0.0031365013886965887,0,0,0,
2023-08-01,JNK,91.70999908447266,92.29517749052762,-0.6340292331254496,-1.4779199681326018,-0.011212947876305557,0,0,0,
2023-08-02,JNK,91.3499984741211,91.90630748382708,-0.6053001419993714,-1.349774542258288,-0.003925423769985725,0,0,0,
2023-08-03,JNK,91.04000091552734,91.35958756970496,-0.3498118398726094,-0.5320986376713451,-0.0033935146554114892,0,0,0,
2023-08-04,JNK,91.56999969482422,92.04576618875728,-0.516880366835576,-1.0453411050853152,0.005821603404734699,0,0,0,
2023-08-07,JNK,91.76000213623048,92.3108816502113,-0.596765521174671,-1.2572016350468294,0.0020749420338481706,0,0,0,
2023-08-08,JNK,91.91999816894533,92.31556990796484,-0.42849948217173583,-0.7054663946953755,0.0017436358869882262,0,0,0,
2023-08-09,JNK,91.93000030517578,92.58268899664382,-0.7049791905392849,-1.515932741199186,0.00010881349466607126,-1,0,0,
2023-08-10,JNK,91.87999725341795,92.28677716724646,-0.4407781117887727,-0.6731969373488143,-0.0005439252865423461,0,0,0,
2023-08-11,JNK,91.75,92.06051624729352,-0.3372957918891199,-0.331126479733084,-0.0014148591347843409,0,0,0,
2023-08-14,JNK,91.76000213623048,91.76087288421276,-0.0009489316687023948,0.7375105614616881,0.00010901510877903142,0,0,0,
2023-08-15,JNK,91.47000122070312,91.1600239422634,0.3400364162212783,1.7710578556945424,-0.003160428386834724,1,0,0,
2023-08-16,JNK,91.2300033569336,91.07903898466616,0.16575094988963848,1.189239169507637,-0.0026237876961481277,0,0,0,
2023-08-17,JNK,90.8000030517578,91.00959634190228,-0.23029801094500896,-0.039471537236559405,-0.0047133650044212105,0,0,0,
2023-08-18,JNK,90.83999633789062,91.318478822187,-0.5239711507109831,-0.9437480590361103,0.0004404546782892371,0,0,0,
2023-08-21,JNK,90.87000274658205,91.49684704419964,-0.6850993426197334,-1.3989281386385535,0.0003303215532926007,0,0,0,
2023-08-22,JNK,90.91999816894533,91.10256377403694,-0.20039568320429613,0.0711146076295971,0.0005501862094436927,0,0,0,
2023-08-23,JNK,91.66999816894533,91.90402743842722,-0.25464528161041294,-0.1206995950914093,0.008249010284913982,0,0,0,
2023-08-24,JNK,91.12999725341795,91.29058424493812,-0.17590750771108854,0.10259097928512143,-0.005890704988693929,0,0,0,
2023-08-25,JNK,91.51000213623048,91.16586369053977,0.37748608060017574,1.772129294155218,0.004169920929063542,1,0,0,
2023-08-28,JNK,91.9000015258789,91.91774916922678,-0.01930817878840775,0.5161406810237164,0.004261822539003202,0,0,0,
2023-08-29,JNK,92.47000122070312,92.594066783478,-0.13398867452813001,0.1409827698528161,0.006202390482699993,0,0,0,
2023-08-30,JNK,92.4499969482422,92.8477919239221,-0.4284377338836954,-0.7854218019124559,-0.0002163325640407443,0,0,0,
2023-08-31,JNK,92.45999908447266,92.97872338450146,-0.5578957003783442,-1.1838468472076011,0.0001081896869725707,0,0,0,
2023-09-01,JNK,91.98999786376952,92.73392953710317,-0.8022216647640265,-1.9255754563268672,-0.00508329250872841,-1,0,0,
2023-09-05,JNK,91.4499969482422,91.90610926006316,-0.4962807320352513,-0.9611489279126281,-0.0058702133717517535,0,0,0,
2023-09-06,JNK,91.31999969482422,91.86110145649616,-0.5890434069399828,-1.2155103727530479,-0.0014215118398698268,0,0,0,
2023-09-07,JNK,91.58999633789062,91.9017171231627,-0.33918929376947093,-0.4343749164951774,0.002956599255022896,0,0,0,
2023-09-08,JNK,91.51000213623048,92.48075441616034,-1.0496803211201124,-2.448288800991952,-0.0008733945284268296,-1,-1,0,
2023-09-11,JNK,91.62000274658205,92.93792812752632,-1.418070541809218,-3.2188736428747564,0.0012020610620007144,-1,-1,-1,
2023-09-12,JNK,91.5199966430664,92.70092879555176,-1.2739162032452271,-2.6165332169553785,-0.001091531330688289,-1,-1,-1,
2023-09-13,JNK,91.75,92.60579388388211,-0.9241256383538912,-1.6478970015126535,0.0025131486600751263,-1,0,0,
2023-09-14,JNK,91.87999725341795,92.31223775147816,-0.46823748247104846,-0.4544440572347411,0.0014168637974709686,0,0,0,
2023-09-15,JNK,91.58000183105467,92.1178818987349,-0.5839040765955855,-0.7336459352353042,-0.003265078704082325,0,0,0,
2023-09-18,JNK,91.5999984741211,92.10831296783904,-0.5518660339544296,-0.6633211850518895,0.00021835163427175175,0,0,0,
2023-09-19,JNK,91.37000274658205,91.67121590466832,-0.3285798656794416,-0.075190073633748,-0.0025108704298071327,0,0,0,
2023-09-20,JNK,91.26000213623048,92.29417685474452,-1.1205200086909648,-2.0566733784897036,-0.001203902889842845,-1,-1,0,
2023-09-21,JNK,90.62000274658205,91.48138646354889,-0.9415945147596371,-1.5706223655287015,-0.0070129232376421324,-1,0,0,
2023-09-22,JNK,90.76000213623048,91.2485253809319,-0.5353765911963965,-0.5500603217445238,0.0015449060406667048,0,0,0,
2023-09-25,JNK,90.62999725341795,91.21580217391607,-0.6422186798085692,-0.7964843555803524,-0.0014324028178998027,0,0,0,
2023-09-26,JNK,90.1999969482422,90.65221615723992,-0.498850693526704,-0.4565939620622583,-0.0047445693281154,0,0,0,
2023-09-27,JNK,90.06999969482422,90.98651484477428,-1.0073087770354328,-1.6611339635733962,-0.0014412112839934377,-1,0,0,
2023-09-28,JNK,90.45999908447266,91.57288959738246,-1.2153056628471963,-2.0560300316707347,0.004329958820582069,-1,-1,0,
2023-09-29,JNK,90.4000015258789,91.24222608799904,-0.923064460645501,-1.319297921961081,-0.0006632496042556779,0,0,0,
2023-10-02,JNK,89.33999633789062,90.49362971596032,-1.274822749060571,-2.0321234144566063,-0.011725720908144388,-1,-1,0,
2023-10-03,JNK,88.43000030517578,89.4729718959663,-1.1656834110788434,-1.7199744213661428,-0.010185763040253204,-1,0,0,
2023-10-04,JNK,88.76000213623047,89.62460009033002,-0.9646882142047475,-1.2378955097531443,0.003731785931424092,0,0,0,
2023-10-05,JNK,88.87999725341797,89.49131915424674,-0.683107486408932,-0.5729973581849293,0.0013519052985524471,0,0,0,
2023-10-06,JNK,89.04000091552734,89.71414466301746,-0.7514352948716461,-0.7052334401643717,0.0018002212764831604,0,0,0,
2023-10-09,JNK,89.69999694824219,90.28667337929843,-0.6497929418570921,-0.44600519211386697,0.007412354289405121,0,0,0,
2023-10-10,JNK,89.72000122070312,90.39045685293075,-0.7417327620309406,-0.6383063405952863,0.0002230130785008111,0,0,0,
2023-10-11,JNK,89.76000213623047,90.33657792382476,-0.6382528548740074,-0.36567444338129995,0.00044584167390882,0,0,0,
2023-10-12,JNK,89.25,89.60421604091438,-0.3953118017936132,0.2495853810021647,-0.005681841845952995,0,0,0,
2023-10-13,JNK,89.16999816894531,90.1180597305204,-1.0520217195200072,-1.3334471218467638,-0.0008963790594362919,0,0,0,
2023-10-16,JNK,89.13999938964844,90.09595950502548,-1.0610466003458412,-1.324487763082992,-0.00033642233837483104,0,0,0,
2023-10-17,JNK,88.72000122070312,89.58506705171419,-0.9656361930406266,-1.0530105244535093,-0.004711668968152227,0,0,0,
2023-10-18,JNK,88.26000213623047,88.93692706661759,-0.7611292100075263,-0.5289586780878084,-0.005184840826685133,0,0,0,
2023-10-19,JNK,87.95999908447266,88.54569568682638,-0.661462533904807,-0.2605791238434515,-0.0033990827611215524,0,0,0,
2023-10-20,JNK,88.0999984741211,88.64351503164309,-0.6131486971471942,-0.11445506856444236,0.0015916256378536442,0,0,0,
2023-10-23,JNK,88.45999908447266,89.10226241321864,-0.720815960617742,-0.36819834057009854,0.0040862726059787136,0,0,0,
2023-10-24,JNK,88.91000366210938,89.39137598554363,-0.5384997357151153,0.12771632500108104,0.005087096792834034,0,0,0,
2023-10-25,JNK,88.4800033569336,89.38235852041592,-1.0095450359773381,-1.0803104081371215,-0.004836354599758397,0,0,0,
2023-10-26,JNK,88.76000213623047,89.96947784258288,-1.344317801275443,-1.8773281597044609,0.0031645430455888857,-1,0,0,
2023-10-27,JNK,88.61000061035156,89.71331655210149,-1.2298240485950263,-1.522190702771626,-0.0016899675785122525,-1,0,0,
2023-10-30,JNK,88.62999725341797,89.87673398091266,-1.3871629200049311,-1.8396899798417534,0.0002256702734304561,-1,0,0,
2023-10-31,JNK,88.91999816894531,90.1034003916658,-1.3133824223907404,-1.5947915456370452,0.003272040217920269,-1,0,0,
2023-11-01,JNK,89.23999786376953,90.38407430228791,-1.2657942755402234,-1.426241967004495,0.0035987370829251297,0,0,0,
2023-11-02,JNK,90.22000122070312,90.817845800865,-0.6582897611035186,0.03503239533156123,0.010981660470561927,0,0,0,
2023-11-03,JNK,91.23999786376952,91.69042664060257,-0.4912495157194416,0.4312201307031552,0.011305659823382053,0,0,0,
2023-11-06,JNK,90.91999816894533,90.97269936326366,-0.05793077998915875,1.4346250507005174,-0.0035072304068001214,0,0,0,
2023-11-07,JNK,90.8000030517578,90.94434467859227,-0.15871424148977561,1.163078541137126,-0.001319787941092554,0,0,0,
2023-11-08,JNK,90.8499984741211,91.14487351167628,-0.32352344810420003,0.7716059536699176,0.0005506103599446366,0,0,0,
2023-11-09,JNK,90.25,90.69375904893651,-0.48929392009991574,0.3923869031083211,-0.0066042761056512855,0,0,0,
2023-11-10,JNK,90.70999908447266,91.0791928992912,-0.40535472819436613,0.6136052656596781,0.005096942764239998,0,0,0,
2023-11-13,JNK,90.5500030517578,91.10833875815874,-0.6128261298705111,0.1644555589092485,-0.001763819141546441,0,0,0,
2023-11-14,JNK,91.4800033569336,92.26529681821611,-0.8511254917758839,-0.4041145987306534,0.010270571770651493,0,0,0,
2023-11-15,JNK,91.1999969482422,91.54022307328694,-0.3716684465279839,0.8470459736345395,-0.003060848255534876,0,0,0,
2023-11-16,JNK,91.33000183105467,91.71172164342728,-0.4162170391443801,0.7247307119870676,0.0014254921838019463,0,0,0,
2023-11-17,JNK,91.52999877929688,91.48642951554535,0.047623744835422206,1.844785293056309,0.0021898274853007216,1,0,0,
2023-11-20,JNK,91.5999984741211,91.46518470514933,0.14739353493502283,2.0354983485954836,0.0007647732520241757,1,1,0,
2023-11-21,JNK,91.72000122070312,92.02072228435158,-0.32679711284942997,0.8717202051645984,0.0013100736744655617,0,0,0,
2023-11-22,JNK,91.9499969482422,92.36266636986235,-0.4467924517982562,0.5915927310113134,0.0025075853083085242,0,0,0,
2023-11-24,JNK,91.87000274658205,91.9351782878004,-0.0708929295968968,1.6101513867827582,-0.0008699750333345246,1,0,0,
2023-11-27,JNK,92.01000213623048,91.79196130990938,0.2375380405969843,2.3488231351433373,0.001523885767529709,1,1,0,
2023-11-28,JNK,92.3499984741211,92.6148298960378,-0.28594926127272446,1.0325219570393704,0.003695210629244494,0,0,0,
2023-11-29,JNK,92.83000183105467,93.03054677628182,-0.2155689202917591,1.194300887058245,0.005197654194527113,0,0,0,
2023-11-30,JNK,92.68000030517578,93.04548569543395,-0.3928029259307823,0.7348697174508633,-0.0016158733482725118,0,0,0,
2023-12-01,JNK,92.94000244140624,93.2666162652429,-0.3501937101564857,0.8205921983187309,0.0028053747882426094,0,0,0,
2023-12-04,JNK,92.70999908447266,93.15813265408856,-0.4810461060655848,0.4902747895885021,-0.0024747509241629384,0,0,0,
2023-12-05,JNK,92.83999633789062,92.7078072887087,0.14258674975481989,1.9665987675248502,0.0014021923708522621,1,0,0,
2023-12-06,JNK,92.8000030517578,92.59416676180376,0.22229941383191493,2.0731593881493926,-0.0004307764725374197,1,1,0,
2023-12-07,JNK,92.95999908447266,92.8118793137123,0.1595913926704383,1.8399176368653174,0.0017240951234196444,1,0,0,
2023-12-08,JNK,92.80999755859376,92.89887718013804,-0.0956735153773012,1.2194786469366132,-0.0016136136763791331,0,0,0,
2023-12-11,JNK,92.73999786376952,93.09856739809148,-0.38515043178774955,0.5157878124920472,-0.0007542258018060632,0,0,0,
2023-12-12,JNK,92.98999786376952,93.36659517383563,-0.4033533721187381,0.45398235412642485,0.002695708494270699,0,0,0,
2023-12-13,JNK,94.37000274658205,94.82763378930956,-0.48259249381281566,0.2645639716944085,0.01484035825911345,0,0,0,
2023-12-14,JNK,94.83000183105467,95.408041630931,-0.6058606695988646,-0.03022888289101634,0.004874420590067041,0,0,0,
2023-12-15,JNK,94.63999938964844,95.28061349072036,-0.6723446434717901,-0.1850506574356551,-0.0020036110696775022,0,0,0,
2023-12-18,JNK,94.19000244140624,94.33969064823114,-0.1586693848542015,1.034465053018824,-0.00475482830879459,0,0,0,
2023-12-19,JNK,94.5,94.20518212222376,0.312952930119849,2.0574418667341017,0.0032911938693982457,1,1,0,
2023-12-20,JNK,94.47000122070312,93.76137360493436,0.7557777670307821,2.837580579525413,-0.0003174473999669747,1,1,1,
2023-12-21,JNK,94.9000015258789,94.41284918912098,0.5159809718082988,2.1861210951134753,0.0045517127090026754,1,1,0,
2023-12-22,JNK,94.80999755859376,94.65355734874292,0.16527663009479068,1.4010959170411648,-0.0009484084914435087,0,0,0,
2023-12-26,JNK,95.0,94.97952275322284,0.021559643788025943,1.0769106105848008,0.002004033818151063,0,0,0,
2023-12-27,JNK,95.4000015258789,95.39546606109622,0.004754381911386052,1.0099837212837284,0.004210542377672599,0,0,0,
2023-12-28,JNK,95.05999755859376,94.75780856380491,0.31890669420174644,1.5981192382192198,-0.003563982828584278,1,0,0,
2023-12-29,JNK,94.7300033569336,94.4636467241704,0.2819673408765815,1.4678820333251568,-0.00347143078198342,0,0,0,
2024-01-02,JNK,94.44000244140624,94.08841643633988,0.37367618500013194,1.6033002243794454,-0.00306134176343964,1,0,0,
2024-01-03,JNK,94.12999725341795,93.62842748011188,0.535702442949407,1.8574689707941379,-0.003282562261480493,1,0,0,
2024-01-04,JNK,93.76000213623048,93.3126347895821,0.4794284800307919,1.677454106968798,-0.00393068233276761,1,0,0,
2024-01-05,JNK,93.87999725341795,93.6916376138214,0.20104210407009535,1.092196998861638,0.0012798113742906736,0,0,0,
2024-01-08,JNK,94.37999725341795,94.49332278323207,-0.11992966960648471,0.44392579564568013,0.005325948174564887,0,0,0,
2024-01-09,JNK,94.54000091552734,94.72838551641136,-0.1988681638107132,0.2749874999050799,0.0016953132736354792,0,0,0,
2024-01-10,JNK,94.73999786376952,94.59643792971248,0.15176040155307574,0.9373243850249681,0.0021154743632896267,0,0,0,
2024-01-11,JNK,94.9800033569336,94.3647272562402,0.6520191586233887,1.8356742449735852,0.0025333069302913014,1,0,0,
2024-01-12,JNK,95.12000274658205,94.81062874327448,0.32630730057205054,1.1747184381835567,0.0014739880469611943,0,0,0,
2024-01-16,JNK,94.4800033569336,94.3965264185422,0.08843221414872114,0.6976873127762883,-0.006728336534572388,0,0,0,
2024-01-17,JNK,94.12000274658205,94.18919884570003,-0.07346500444424077,0.36229558105283943,-0.0038103365533499467,0,0,0,
2024-01-18,JNK,94.27999877929688,94.40664591562329,-0.13415065761324005,0.22086512971107333,0.0016999153001049372,0,0,0,
2024-01-19,JNK,94.37999725341795,94.48559106677637,-0.111756525165603,0.24695867394659865,0.0010606541728450658,0,0,0,
2024-01-22,JNK,94.54000091552734,94.70979413078388,-0.1792773564918397,0.09659453557489305,0.0016953132736354792,0,0,0,
2024-01-23,JNK,94.4800033569336,95.06201496102292,-0.6122441275076759,-0.7779967599496181,-0.0006346261689521571,0,0,0,
2024-01-24,JNK,94.43000030517578,95.03449709437098,-0.6360814311406513,-0.8309605759971583,-0.000529244813517904,0,0,0,
2024-01-25,JNK,95.12999725341795,95.49923899473124,-0.3866436478448378,-0.3315124864687329,0.007412866101662141,0,0,0,
2024-01-26,JNK,95.01000213623048,94.86254207605486,0.1554460348083374,0.7437066757298022,-0.001261380433637771,0,0,0,
2024-01-29,JNK,95.27999877929688,95.26502229984622,0.015720858599616964,0.43005783073170756,0.002841770729351767,0,0,0,
2024-01-30,JNK,95.12999725341795,95.20494110131916,-0.07871844363776563,0.194728958314123,-0.0015743233396379175,0,0,0,
2024-01-31,JNK,94.87000274658205,94.65568596592506,0.22641722836823333,0.8770582081098914,-0.002733044405996421,0,0,0,
2024-02-01,JNK,94.81999969482422,94.46568335302032,0.37507413192556543,1.2376306450947439,-0.0005270691505236957,0,0,0,
2024-02-02,JNK,94.4499969482422,94.22359247061448,0.24028427667766258,0.8945386606464323,-0.003902159331078514,0,0,0,
2024-02-05,JNK,94.0,93.92626807277573,0.0784997942930556,0.4306832443828984,-0.0047643934651347974,0,0,0,
2024-02-06,JNK,94.37999725341795,94.53360717396572,-0.1624923930651291,-0.2540225482767244,0.004042523972531464,0,0,0,
2024-02-07,JNK,94.5199966430664,94.8276587348758,-0.32444341230607504,-0.6927871990940895,0.001483358695937964,0,0,0,
2024-02-08,JNK,94.54000091552734,95.002072682671,-0.48638072212075023,-1.1186474295639517,0.00021164063871559335,0,0,0,
2024-02-09,JNK,94.75,95.58356761044408,-0.8720825464909692,-2.0884773305823283,0.002221272291506482,-1,-1,0,
2024-02-12,JNK,94.52999877929688,94.80704800694532,-0.29222429499983127,-0.5524013699279006,-0.002321912619558053,0,0,0,
2024-02-13,JNK,93.7699966430664,93.82382143384396,-0.05736793700681501,0.06454618034915262,-0.008039798434832046,0,0,0,
2024-02-14,JNK,94.16000366210938,94.48246547544808,-0.34129275915487123,-0.7243429332034967,0.004159187725339519,0,0,0,
2024-02-15,JNK,94.41999816894533,95.25880136832964,-0.8805519147159766,-2.194409424003789,0.002761198988149305,-1,-1,0,
2024-02-16,JNK,94.1999969482422,94.598721560427,-0.42149048698306046,-0.936207590386216,-0.002330027800990564,0,0,0,
2024-02-20,JNK,94.36000061035156,95.2279463369598,-0.911440139155216,-2.176901356724466,0.001698552731347558,-1,-1,0,
2024-02-21,JNK,94.20999908447266,94.98555426584922,-0.8164980321175017,-1.8390626912251464,-0.001589672794708008,-1,0,0,
2024-02-22,JNK,94.6500015258789,95.8681755416566,-1.2706761225975047,-2.7650105712839532,0.004670443113068412,-1,-1,-1,
2024-02-23,JNK,94.6999969482422,95.91840819010665,-1.2702579878615163,-2.5799854049524806,0.0005282136456132847,-1,-1,-1,
2024-02-26,JNK,94.41000366210938,95.15782979772196,-0.7858797717457894,-1.4453576186059691,-0.0030622312088491865,0,0,0,
2024-02-27,JNK,94.4800033569336,95.24940595128268,-0.8077767904847781,-1.4433030433912526,0.0007414436194150831,0,0,0,
2024-02-28,JNK,94.5,94.89616398250988,-0.4174710187262068,-0.5602742123960726,0.00021164947455454275,0,0,0,
2024-02-29,JNK,94.62000274658205,94.6719435687803,-0.05486400747706836,0.23541186690621813,0.0012698703342015616,0,0,0,
2024-03-01,JNK,94.41000366210938,94.0215811219464,0.413120621380736,1.2352143806445588,-0.0022193941912589388,0,0,0,
2024-03-04,JNK,94.4499969482422,93.84343767732187,0.6463523565770963,1.6738594358724561,0.0004236128014141194,1,0,0,
2024-03-05,JNK,94.33999633789062,93.81967968998995,0.5545922237423564,1.4246319675474903,-0.0011646438740686715,0,0,0,
2024-03-06,JNK,94.55999755859376,94.23663471291844,0.3431392119003494,0.9480906278367748,0.002332003701962959,0,0,0,
2024-03-07,JNK,94.66000366210938,94.01459665035163,0.6864966023925672,1.620596879191242,0.0010575941846195924,1,0,0,
2024-03-08,JNK,94.6999969482422,94.3772429074336,0.34198290908451895,0.9026221498751459,0.00042249402689220616,0,0,0,
2024-03-11,JNK,94.6999969482422,94.66476733402676,0.037215127874481745,0.27985168510129854,0.0,0,0,0,
2024-03-12,JNK,94.75,95.2124410808728,-0.4856939656446774,-0.7813876211943234,0.0005280153470874627,0,0,0,
2024-03-13,JNK,94.81999969482422,95.37019007738252,-0.5768997441568262,-0.9575582142496287,0.0007387830588307942,0,0,0,
2024-03-14,JNK,94.3499984741211,95.09644790241768,-0.784939337652809,-1.3531689114691123,-0.00495677306703024,0,0,0,
2024-03-15,JNK,94.36000061035156,95.6021917836724,-1.299333362703284,-2.2722884224120827,0.0001060109845494317,-1,-1,0,
2024-03-18,JNK,94.52999877929688,95.19727066419672,-0.7009359409615986,-1.1063690997588946,0.0018015914354143625,0,0,0,
2024-03-19,JNK,94.93000030517578,95.48414819019396,-0.5803558973101796,-0.8786502034225955,0.004231477108264992,0,0,0,
2024-03-20,JNK,95.25,95.69747056810672,-0.46758870997354535,-0.6484444106221354,0.0033709016516960677,0,0,0,
2024-03-21,JNK,95.23999786376952,95.63720075279863,-0.4153225793964842,-0.5272052895240027,-0.00010500930425705324,0,0,0,
2024-03-22,JNK,95.11000061035156,95.75368626214822,-0.6722306753125077,-0.9983137135431475,-0.0013649438926269797,0,0,0,
2024-03-25,JNK,95.0199966430664,95.23939808700996,-0.23036836472140448,-0.10517923759325551,-0.0009463144433558002,0,0,0,
2024-03-26,JNK,94.83999633789062,94.94460445017803,-0.11017804844539786,0.14468916456166114,-0.0018943413127232578,0,0,0,
2024-03-27,JNK,95.3499984741211,95.69364820783548,-0.3591144659549597,-0.34344990843091205,0.005377500589661244,0,0,0,
2024-03-28,JNK,95.1999969482422,95.41437623026536,-0.22468237019733162,-0.06601105992153881,-0.0015731675750325635,0,0,0,
2024-04-01,JNK,94.22000122070312,94.55991998648346,-0.3594744642644876,-0.31809319981252776,-0.01029407309825725,0,0,0,
2024-04-02,JNK,94.04000091552734,94.5632291028098,-0.553310406430388,-0.687167996673725,-0.0019104256298420053,0,0,0,
2024-04-03,JNK,94.08999633789062,94.40996274979432,-0.3389117023080168,-0.23011809363574995,0.0005316399604056166,0,0,0,
2024-04-04,JNK,93.95999908447266,94.30896543540064,-0.37002457753289036,-0.26996239595674254,-0.001381626724175078,0,0,0,
2024-04-05,JNK,93.91000366210938,94.56422448113486,-0.691826980673856,-0.9184703537436127,-0.0005320926229291922,0,0,0,
2024-04-08,JNK,94.16000366210938,94.7898008275742,-0.6644144833793293,-0.8327731363122104,0.002662123205739775,0,0,0,
2024-04-09,JNK,94.41999816894533,94.5014446244476,-0.08618540788021302,0.399059803615893,0.002761198988149305,0,0,0,
2024-04-10,JNK,93.54000091552734,93.62409964223764,-0.08982593908155914,0.38721310829633326,-0.009320030401222867,0,0,0,
2024-04-11,JNK,93.4499969482422,93.81605236891724,-0.39018420774686,-0.2355614204380554,-0.000962197631005135,0,0,0,
2024-04-12,JNK,93.44000244140624,94.0378985657245,-0.6358033659167633,-0.7394622260677065,-0.00010695031741414507,0,0,0,
2024-04-15,JNK,92.87999725341795,93.58381908953848,-0.7520764197998027,-0.9661845787967638,-0.005993206050475486,0,0,0,
2024-04-16,JNK,92.56999969482422,92.8186279629673,-0.26786462329768207,0.12454151121334442,-0.003337613778647386,0,0,0,
2024-04-17,JNK,92.69000244140624,92.71246110762269,-0.02422399960926578,0.6677341648898287,0.0012963459757764362,0,0,0,
2024-04-18,JNK,92.80999755859376,92.97445073070278,-0.17687996091028613,0.32791646222685156,0.0012945853277259722,0,0,0,
2024-04-19,JNK,93.0,93.65894733165447,-0.7035604717198927,-0.8268940061561947,0.0020472195496641366,0,0,0,
2024-04-22,JNK,93.4800033569336,93.77258804889894,-0.31201516141665314,0.05101337749413634,0.005161326418640755,0,0,0,
2024-04-23,JNK,93.83999633789062,94.4198595715476,-0.6141327007774062,-0.6232603119284458,0.003851015918158174,0,0,0,
2024-04-24,JNK,93.68000030517578,94.32407301466634,-0.6828296201653763,-0.7739963481822744,-0.0017049876274370934,0,0,0,
2024-04-25,JNK,93.41999816894533,93.85078555059548,-0.45901308030917715,-0.2723384483692648,-0.002775428430651816,0,0,0,
2024-04-26,JNK,93.7300033569336,94.17387350060103,-0.4713304520330752,-0.2802134309434664,0.003318402848045965,0,0,0,
2024-04-29,JNK,94.0199966430664,94.45576138387264,-0.46134267981311006,-0.24192511572037362,0.0030939216445826645,0,0,0,
2024-04-30,JNK,93.43000030517578,93.4652435974816,-0.037707377576204494,0.7134413680640195,-0.006275221856585023,0,0,0,
2024-05-01,JNK,93.3000030517578,93.44763887777748,-0.15798775420401687,0.4613560267451023,-0.0013913866316318524,0,0,0,
2024-05-02,JNK,93.83999633789062,94.1333913594866,-0.31168007160766326,0.13807479193872732,0.005787709201180435,0,0,0,
2024-05-03,JNK,94.2699966430664,94.71378908309326,-0.4685615941703179,-0.20625154039793223,0.004582271120594283,0,0,0,
2024-05-06,JNK,94.37000274658205,94.79087779247882,-0.44400374350175364,-0.12931463268581364,0.001060847640573126,0,0,0,
2024-05-07,JNK,94.41000366210938,94.5910441167448,-0.19139280713719675,0.4792922944976864,0.0004238732050771965,0,0,0,
2024-05-08,JNK,94.20999908447266,94.40826116409812,-0.21000501140557049,0.42959565234130237,-0.0021184680635383257,0,0,0,
2024-05-09,JNK,94.23999786376952,94.26825491471322,-0.029975150138583487,0.8401136299870129,0.0003184245790084361,0,0,0,
2024-05-10,JNK,94.0199966430664,93.60062779981982,0.44804063082084894,1.8958082010978288,-0.00233447820129562,1,0,0,
2024-05-13,JNK,94.02999877929688,93.61636875710968,0.4418351487872455,1.8041955695292486,0.00010638307368204813,1,0,0,
2024-05-14,JNK,94.16999816894533,94.28540668774676,-0.12240337381546135,0.5200452646192087,0.0014888800538757074,0,0,0,
2024-05-15,JNK,94.69000244140624,94.99794471058932,-0.3241567700451114,0.0584922182218279,0.005521973904342614,0,0,0,
2024-05-16,JNK,94.5,94.4525133138658,0.05027572530167427,0.885214854226068,-0.002006573413321111,0,0,0,
2024-05-17,JNK,94.48999786376952,94.83201025073876,-0.3606507824361767,-0.06120934061400611,-0.00010584271143365687,0,0,0,
2024-05-20,JNK,94.5500030517578,94.99868922539768,-0.47230775213678405,-0.3384669740512401,0.0006350427489139054,0,0,0,
2024-05-21,JNK,94.5,95.12506386329504,-0.65709691842449,-0.7794234886471816,-0.0005288529893586746,0,0,0,
2024-05-22,JNK,94.3000030517578,94.84970989166013,-0.5795556365224708,-0.6479142050762065,-0.0021163698226688288,0,0,0,
2024-05-23,JNK,93.9499969482422,94.43233068201825,-0.5107718196643967,-0.532814550373588,-0.0037116234590521824,0,0,0,
2024-05-24,JNK,94.27999877929688,94.71704283977336,-0.4614207194113945,-0.4249882146171535,0.003512526256243209,0,0,0,
2024-05-28,JNK,93.93000030517578,94.50861340720282,-0.6122331935333808,-0.828464134598199,-0.00371233006632099,0,0,0,
2024-05-29,JNK,93.62000274658205,93.77317318885385,-0.16334143024394002,0.32687581254664094,-0.003300304030518064,0,0,0,
2024-05-30,JNK,93.9499969482422,94.0967469083464,-0.15595646494255733,0.35093548684352455,0.0035248258062265947,0,0,0,
2024-05-31,JNK,94.3499984741211,95.11704782869036,-0.8064267889713663,-1.309679203984337,0.0042576002008734015,0,0,0,
2024-06-03,JNK,94.08000183105467,94.72710692171826,-0.6831255716469302,-0.9735820574197627,-0.0028616496813242964,0,0,0,
2024-06-04,JNK,94.04000091552734,95.16491999551604,-1.1820732682186923,-2.293347357532519,-0.0004251797911224431,-1,-1,0,
2024-06-05,JNK,94.3499984741211,95.39787122914362,-1.098423624679797,-1.9939270078702598,0.003296443593957532,-1,0,0,
2024-06-06,JNK,94.20999908447266,94.99243365340962,-0.8236809384121713,-1.241461910988723,-0.001483830332936753,0,0,0,
2024-06-07,JNK,93.93000030517578,95.05756744672084,-1.1861939789034173,-2.2440152574872916,-0.0029720707145514114,-1,-1,0,
2024-06-10,JNK,94.0199966430664,94.94134535638857,-0.9704399172600974,-1.550000989380109,0.0009581213414056045,-1,0,0,
2024-06-11,JNK,94.18000030517578,94.94238937143382,-0.803001769078528,-1.0313124440711519,0.001701804592876277,0,0,0,
2024-06-12,JNK,94.51000213623048,95.4615457469996,-0.9967821108731931,-1.5498262502491698,0.0035039480779930354,-1,0,0,
2024-06-13,JNK,94.52999877929688,95.25944152598083,-0.7657432533708602,-0.8872728862182577,0.00021158229408957396,0,0,0,
2024-06-14,JNK,94.1500015258789,94.47988458506244,-0.3491569243890517,0.2815492120555258,-0.0040198588630595555,0,0,0,
2024-06-17,JNK,94.25,94.42025721821628,-0.18031852828233022,0.7673060460599093,0.0010621186670252136,0,0,0,
2024-06-18,JNK,94.56999969482422,95.05821850943305,-0.5135997941728522,-0.2442744122356451,0.0033952222262516596,0,0,0,
2024-06-20,JNK,94.47000122070312,94.54707683132264,-0.08152088166302991,1.0364248452371823,-0.0010574016542643783,0,0,0,
2024-06-21,JNK,94.56999969482422,94.56776638733108,0.0023615948419414313,1.2519276764112492,0.0010585209360531866,0,0,0,
2024-06-24,JNK,94.54000091552734,94.36472901543182,0.1857387838912365,1.7197232024979008,-0.00031721242882187806,1,0,0,
2024-06-25,JNK,94.62999725341795,94.54475474621523,0.09016101150353244,1.4071110708670886,0.0009519392534280691,0,0,0,
2024-06-26,JNK,94.37999725341795,94.29349607565236,0.09173610202786144,1.3880547957741671,-0.0026418684059611452,0,0,0,
2024-06-27,JNK,94.51000213623048,94.68672914812906,-0.1866439082736757,0.5900820009774232,0.0013774622440754225,0,0,0,
2024-06-28,JNK,94.2699966430664,94.2407192109442,0.031066647588572093,1.182147835790897,-0.0025394718838130936,0,0,0,
2024-07-01,JNK,93.6500015258789,93.34457062326229,0.32720799996963595,1.9195894769076118,-0.0065768021562043755,1,0,0,
2024-07-02,JNK,93.9800033569336,93.94161778368444,0.040861094533784975,1.1080895515038256,0.003523778170612113,0,0,0,
2024-07-03,JNK,94.1999969482422,94.0421231870336,0.16787558155681165,1.4048676837524836,0.0023408553250745534,0,0,0,
2024-07-05,JNK,94.58999633789062,94.15388011539548,0.46319516727365667,2.074039298013927,0.004140121043344713,1,1,0,
2024-07-08,JNK,94.48999786376952,94.47407401098752,0.01685526209036267,0.9063183831285041,-0.0010571781160018112,0,0,0,
2024-07-09,JNK,94.43000030517578,94.123438743611,0.32570161657590974,1.6266596607302437,-0.0006349620060340788,1,0,0,
2024-07-10,JNK,94.61000061035156,94.2889795332424,0.340465109176398,1.6157608213588697,0.0019061771110246983,1,0,0,
2024-07-11,JNK,94.9499969482422,94.33940812387358,0.6472256255486338,2.24846010018926,0.0035936617238900848,1,1,0,
2024-07-12,JNK,95.23999786376952,94.6517452774382,0.621491536798468,2.0733079487677166,0.003054248813566529,1,1,0,
2024-07-15,JNK,95.23999786376952,94.49888695280572,0.7842535873823788,2.2987112934975378,0.0,1,1,0,
2024-07-16,JNK,95.62000274658205,95.12367624027948,0.5217696854449364,1.6570746304877648,0.0039899715595970164,1,0,0,
2024-07-17,JNK,95.51000213623048,95.14599809984378,0.3825741950856687,1.3151799335020522,-0.001150393298388508,0,0,0,
2024-07-18,JNK,95.29000091552734,94.9248674870691,0.38465518901882034,1.290000288210809,-0.0023034364546379305,0,0,0,
2024-07-19,JNK,95.20999908447266,95.3375060770139,-0.1337427396498519,0.1983974785952549,-0.0008395616569004671,0,0,0,
2024-07-22,JNK,95.54000091552734,95.66985602477092,-0.1357325229066473,0.17667275172756552,0.003466041741707171,0,0,0,
2024-07-23,JNK,95.58000183105467,95.27551072777986,0.3195901034262643,1.1093746714356998,0.00041868238584896744,0,0,0,
2024-07-24,JNK,95.23999786376952,95.38146108717726,-0.14831312269209723,0.11264092803862169,-0.0035572709852647044,0,0,0,
2024-07-25,JNK,95.27999877929688,95.49922767387,-0.22956090841047186,-0.0746716889345137,0.00042000122243357474,0,0,0,
2024-07-26,JNK,95.54000091552734,95.80486119782016,-0.2764580825871932,-0.18109499226346265,0.002728821783811508,0,0,0,
2024-07-29,JNK,95.4499969482422,95.88528242519614,-0.4539648483525295,-0.560627920242741,-0.0009420553320353964,0,0,0,
2024-07-30,JNK,95.47000122070312,96.38003271884595,-0.9442116509728914,-1.5627824644590147,0.00020957855526981817,-1,0,0,
2024-07-31,JNK,95.83999633789062,96.45493629599582,-0.6375411997765478,-0.8946384825142968,0.003875511809538601,0,0,0,
2024-08-01,JNK,95.08999633789062,95.4049179669268,-0.3300895129382628,-0.2477471769849093,-0.007825542869970725,0,0,0,
2024-08-02,JNK,94.79000091552734,94.91019572595263,-0.1266405674395029,0.17020493688052313,-0.0031548578600979482,0,0,0,
2024-08-05,JNK,94.19000244140624,94.18642710110164,0.0037960249843167018,0.4268740952733237,-0.0063297654639311585,0,0,0,
2024-08-06,JNK,94.55999755859376,94.59546451938894,-0.03749329946776333,0.32766475618469343,0.003928178231205504,0,0,0,
2024-08-07,JNK,94.6999969482422,94.7125195675742,-0.013221714921297908,0.3720392510627895,0.0014805350387376848,0,0,0,
2024-08-08,JNK,95.06999969482422,95.06391826420555,0.006397201724593892,0.40526884041303635,0.003907104102487402,0,0,0,
2024-08-09,JNK,95.0500030517578,95.20929527443712,-0.16730742751553052,0.04786623934218151,-0.00021033599590414287,0,0,0,
2024-08-12,JNK,95.08000183105467,95.43248467925774,-0.36935310799853804,-0.35127608510360636,0.0003156105032477985,0,0,0,
2024-08-13,JNK,95.5500030517578,95.45593447205546,0.0985466018667243,0.6574485994787435,0.004943218464996013,0,0,0,
2024-08-14,JNK,95.7699966430664,95.64422371750555,0.13150080650174428,0.7165118182244528,0.002302392300180589,0,0,0,
2024-08-15,JNK,95.86000061035156,95.85919170945505,0.0008438428095320213,0.42660767085948653,0.0009397929460162047,0,0,0,
2024-08-16,JNK,96.18000030517578,95.63714475759636,0.5676199858907883,1.586070058546594,0.003338198339106535,1,0,0,
2024-08-19,JNK,96.33000183105467,95.77110121106936,0.5835796110911903,1.5577999068349244,0.0015595916552604283,1,0,0,
2024-08-20,JNK,96.2699966430664,95.88281729667708,0.403804724668587,1.1515349746790808,-0.0006229127670266399,0,0,0,
2024-08-21,JNK,96.43000030517578,96.46621446586036,-0.037540771020299436,0.2357687981815077,0.0016620304112258122,0,0,0,
2024-08-22,JNK,96.3499984741211,96.45782407282816,-0.11178522814868297,0.06877854856542634,-0.0008296363248108118,0,0,0,
2024-08-23,JNK,96.86000061035156,97.76873282299188,-0.929471198410187,-1.5785883502414193,0.005293224123583684,-1,0,0,
2024-08-26,JNK,96.69000244140624,97.12135953943309,-0.44414235969556404,-0.5942210125827534,-0.0017550915535216038,0,0,0,
2024-08-27,JNK,96.7300033569336,97.22124205670217,-0.5052791852649534,-0.723912117955407,0.0004137027046988706,0,0,0,
2024-08-28,JNK,96.73999786376952,96.43957660753324,0.31151241720902545,0.9176923737521224,0.0001033237515668528,0,0,0,
2024-08-29,JNK,96.8000030517578,96.73603552312952,0.0661258529795629,0.41372674998887327,0.0006202727859554447,0,0,0,
2024-08-30,JNK,96.81999969482422,96.64745919928724,0.1785256404735891,0.6165022132538965,0.00020657688466929613,0,0,0,
2024-09-03,JNK,95.93000030517578,95.94735298401464,-0.01808562539682823,0.19511686539793333,-0.00919230936225679,0,0,0,
2024-09-04,JNK,96.33999633789062,96.74914867965856,-0.4229001984530738,-0.6915653831590767,0.004273908385390879,0,0,0,
2024-09-05,JNK,96.62000274658205,97.32275870507218,-0.7220879965186439,-1.377783705307122,0.002906439893451518,0,0,0,
2024-09-06,JNK,96.48999786376952,97.12970822177348,-0.6586145163159912,-1.254659238849413,-0.0013455276248905967,0,0,0,
2024-09-09,JNK,96.6999969482422,97.28241715295655,-0.5986901042956377,-1.18792641864065,0.0021763818957605263,0,0,0,
2024-09-10,JNK,96.48999786376952,97.66993734811685,-1.2080887081372533,-2.5307643401375572,-0.0021716555439509344,-1,-1,-1,
2024-09-11,JNK,96.6500015258789,97.2901630846646,-0.6579920708207735,-1.3049432902657636,0.0016582409125480702,0,0,0,
2024-09-12,JNK,96.76000213623048,97.60399777573616,-0.8647142112405267,-1.796571948398117,0.001138133560423471,-1,0,0,
2024-09-13,JNK,97.0500030517578,97.27286298293674,-0.22910802082389461,-0.36433919737727105,0.00299711563791627,0,0,0,
2024-09-16,JNK,97.25,97.18771092687642,0.06409151170403211,0.30732512871503775,0.0020607618954482376,0,0,0,
2024-09-17,JNK,97.30999755859376,97.57696805339124,-0.2735999079735682,-0.4809941373275217,0.0006169414765424541,0,0,0,
2024-09-18,JNK,97.41999816894533,97.44083353185148,-0.021382578690015183,0.09259408707953092,0.0011304142751142887,0,0,0,
2024-09-19,JNK,97.62999725341795,97.4752489434649,0.1587565167879722,0.5084516529775376,0.0021556055062581514,0,0,0,
2024-09-20,JNK,97.73999786376952,97.87484549121478,-0.13777557120881664,-0.18596567307237216,0.0011267091411057972,0,0,0,
2024-09-23,JNK,97.55999755859376,98.1996098656034,-0.6513389491923843,-1.3494070159472111,-0.0018416237887239895,0,0,0,
2024-09-24,JNK,97.61000061035156,98.31612530846888,-0.7182185993415021,-1.451362915692896,0.000512536418707521,0,0,0,
2024-09-25,JNK,97.5,97.6086484292438,-0.11131024862265052,-0.05283042404646322,-0.0011269399617225284,0,0,0,
2024-09-26,JNK,97.54000091552734,97.68402863871748,-0.14744244806161566,-0.13723040049171958,0.00041026580028047377,0,0,0,
2024-09-27,JNK,97.79000091552734,97.9608196949976,-0.1743745918032323,-0.19163711009347723,0.002563051031919894,0,0,0,
2024-09-30,JNK,97.79000091552734,98.1377006135082,-0.35429778342799106,-0.5828180310628718,0.0,0,0,0,
2024-10-01,JNK,97.22000122070312,97.26603306063022,-0.047325709169615614,0.12892547146045089,-0.005828813677142608,0,0,0,
2024-10-02,JNK,97.20999908447266,97.51658416765352,-0.3143927628287027,-0.47084334853186677,-0.00010288146579795487,0,0,0,
2024-10-03,JNK,97.04000091552734,97.17648580472834,-0.14045052984860998,-0.04708646637393929,-0.0017487724570143248,0,0,0,
2024-10-04,JNK,96.9499969482422,97.57043583492198,-0.6358881984800091,-1.1730310429456228,-0.0009274934711046567,0,0,0,
2024-10-07,JNK,96.4800033569336,97.38050361912389,-0.9247233570616374,-1.7673970626087248,-0.0048477937710459384,-1,0,0,
2024-10-08,JNK,96.68000030517578,97.56394658503908,-0.9060173463696718,-1.6583999049355955,0.0020729367877641014,-1,0,0,
2024-10-09,JNK,96.58000183105467,97.01031391535126,-0.4435735407186369,-0.5919013555230752,-0.00103432430497985,0,0,0,
2024-10-10,JNK,96.56999969482422,96.4443420390288,0.13029033444447277,0.772416865266553,-0.00010356322262194961,0,0,0,
2024-10-11,JNK,96.79000091552734,96.04794102122251,0.7725932346023604,2.2980968409150493,0.0022781528569779663,1,1,0,
2024-10-14,JNK,96.8499984741211,96.01920957945096,0.8652319658835561,2.438481048062515,0.0006198735202627148,1,1,0,
2024-10-15,JNK,96.8499984741211,96.19088978474802,0.6852090575812289,1.9746768356154252,0.0,1,0,0,
2024-10-16,JNK,97.0500030517578,97.04928740471335,0.0007374057693591174,0.44144193917106456,0.002065096342672046,0,0,0,
2024-10-17,JNK,96.80999755859376,96.82096413923068,-0.011326659194539445,0.4087775017621129,-0.00247300861017008,0,0,0,
2024-10-18,JNK,97.08999633789062,96.75909910420827,0.34198048219318183,1.1878131432842136,0.0028922506596220643,0,0,0,
2024-10-21,JNK,96.6999969482422,96.3905411936526,0.3210436944926963,1.1402292406390617,-0.004016885408988591,0,0,0,
2024-10-22,JNK,96.52999877929688,96.91095343108098,-0.393097620337651,-0.4689608487041933,-0.0017579955978315187,0,0,0,
2024-10-23,JNK,96.20999908447266,96.60164280961185,-0.4054213921714189,-0.4896056192088716,-0.0033150284768557192,0,0,0,
2024-10-24,JNK,96.51000213623048,97.06939909017402,-0.5762855845268741,-0.8597866580476591,0.0031182107329033038,0,0,0,
2024-10-25,JNK,96.36000061035156,96.81056440679389,-0.4654076744652313,-0.6102444812648865,-0.0015542588597934337,0,0,0,
2024-10-28,JNK,96.63999938964844,96.95442827934272,-0.32430585716864746,-0.3228943002847457,0.0029057573425004257,0,0,0,
2024-10-29,JNK,96.66999816894533,97.42937722346176,-0.779414870706538,-1.3546504273916886,0.0003104178340889163,0,0,0,
2024-10-30,JNK,96.4800033569336,96.8847801063474,-0.41779188533999045,-0.5252379366986045,-0.0019653958374933334,0,0,0,
2024-10-31,JNK,96.3000030517578,96.19802780684849,0.10600554630294831,0.6581723608915876,-0.0018656747399756757,0,0,0,
2024-11-01,JNK,95.73999786376952,95.47743474706796,0.27500017925399917,1.0249307132010304,-0.005815214644253941,0,0,0,
2024-11-04,JNK,95.9800033569336,95.4936841930202,0.509268406620905,1.5062522977570603,0.0025068466525932642,1,0,0,
2024-11-05,JNK,96.22000122070312,96.34920017438938,-0.13409447452849568,0.08544395852961698,0.0025004985973695604,0,0,0,
2024-11-06,JNK,96.44000244140624,96.5108238505353,-0.07338183045535598,0.223062256958463,0.0022864395958432926,0,0,0,
2024-11-07,JNK,96.86000061035156,97.2173402154102,-0.367567765448903,-0.42211880431986704,0.004355020306024082,0,0,0,
2024-11-08,JNK,97.06999969482422,97.38345259009871,-0.32187490475806374,-0.32274105080942656,0.0021680681720976924,0,0,0,
2024-11-11,JNK,97.01000213623048,96.94486113706004,0.06719386505525282,0.5414143359351257,-0.0006180854927615442,0,0,0,
2024-11-12,JNK,96.54000091552734,96.55924685700342,-0.019931743569389745,0.3544325369620617,-0.0048448738310831185,0,0,0,
2024-11-13,JNK,96.61000061035156,96.60860542682586,0.0014441607137767184,0.401970276934806,0.0007250848783963981,0,0,0,
2024-11-14,JNK,96.41000366210938,96.73216430488144,-0.3330439725887579,-0.3174764414852441,-0.0020701474689852617,0,0,0,
2024-11-15,JNK,96.36000061035156,96.91020377192156,-0.5677453355323666,-0.8268146911527636,-0.0005186500348351997,0,0,0,
2024-11-18,JNK,96.5199966430664,96.81184346149304,-0.30145776383518275,-0.1853666138812218,0.0016603988345933463,0,0,0,
2024-11-19,JNK,96.68000030517578,96.87737674236728,-0.2037384204945916,0.051761152062913963,0.0016577255250129763,0,0,0,
2024-11-20,JNK,96.62000274658205,96.663831598775,-0.04534152171298238,0.42361404084634363,-0.0006205788002104917,0,0,0,
2024-11-21,JNK,96.6500015258789,96.69700873141808,-0.048612884882240096,0.39135942472865193,0.000310482078700991,0,0,0,
2024-11-22,JNK,96.6500015258789,96.68847447002904,-0.03979062071359382,0.3976922728081293,0.0,0,0,0,
2024-11-25,JNK,97.04000091552734,96.7909757605231,0.2572813767477422,1.0814036953192143,0.0040351721002716,0,0,0,
2024-11-26,JNK,96.86000061035156,96.66480417906976,0.20193123333721638,0.9567959442545539,-0.0018549083210795958,0,0,0,
2024-11-27,JNK,97.13999938964844,96.94311041842344,0.2030974355734884,0.9503500237465887,0.002890757562796775,0,0,0,
2024-11-29,JNK,97.36000061035156,97.06822139588589,0.30059190358055116,1.1746636587195738,0.002264785073969877,0,0,0,
2024-12-02,JNK,96.79000091552734,96.17680358094212,0.6375730027970393,1.9009043517342534,-0.005854557223201273,1,0,0,
2024-12-03,JNK,96.80999755859376,95.9417898270405,0.9049317644776431,2.364222506757723,0.0002065982320205162,1,1,0,
2024-12-04,JNK,97.0199966430664,96.47714619953877,0.5626725757464789,1.5469587871672006,0.0021691879947165482,1,0,0,
2024-12-05,JNK,96.94000244140624,96.98703726478293,-0.04849598946741943,0.17774722319872283,-0.0008245125172954282,0,0,0,
2024-12-06,JNK,97.11000061035156,97.141904642479,-0.03284270804125412,0.1943448434366244,0.0017536431263045493,0,0,0,
2024-12-09,JNK,96.97000122070312,96.77536025423996,0.20112657390458133,0.7037054471985882,-0.0014416577980488343,0,0,0,
2024-12-10,JNK,96.97000122070312,96.58971248680872,0.39371556670317176,1.1238655000922435,0.0,0,0,0,
2024-12-11,JNK,96.98999786376952,96.44267733637147,0.5675086408987853,1.497818542818325,0.00020621473460513684,0,0,0,
2024-12-12,JNK,96.7300033569336,96.20076678921411,0.5501375772597445,1.4052104368039904,-0.002680632153442275,0,0,0,
2024-12-13,JNK,96.43000030517578,96.0535594258792,0.39190726668184095,1.0112762935879258,-0.0031014477550548314,0,0,0,
2024-12-16,JNK,96.58999633789062,95.98307322388928,0.6323230686577868,1.5152593516906396,0.001659193531146963,1,0,0,
2024-12-17,JNK,96.41999816894533,96.2381182194455,0.1889895115001119,0.48527113263744315,-0.0017599976746102142,0,0,0,
2024-12-18,JNK,95.41999816894533,95.34681500673838,0.07675470040795067,0.23042200600411852,-0.010371292459971038,0,0,0,
2024-12-19,JNK,94.7699966430664,94.81538082834096,-0.047865847163260304,-0.059724543907971765,-0.006812005222721407,0,0,0,
2024-12-20,JNK,95.37999725341795,95.41006726558668,-0.03151660304883499,-0.045520846105533204,0.006436642734609421,0,0,0,
2024-12-23,JNK,95.19000244140624,95.46185930174232,-0.2847806048662669,-0.6679360819586103,-0.001991977537039724,0,0,0,
2024-12-24,JNK,95.44000244140624,95.34976588198036,0.09463742106883212,0.2307693114823719,0.00262632622741954,0,0,0,
2024-12-26,JNK,95.66999816894533,95.22534059500548,0.46695298873330765,1.0874673895505245,0.00240984620343343,0,0,0,
2024-12-27,JNK,95.41999816894533,94.83937898952412,0.6122131814943033,1.3819355565182667,-0.0026131494176316883,0,0,0,
2024-12-30,JNK,95.48999786376952,94.92615125134944,0.5939844868745413,1.2943438072555349,0.0007335956420817524,0,0,0,
2024-12-31,JNK,95.47000122070312,94.76150176336404,0.7476659235607449,1.5878114269055916,-0.00020941086515591234,1,0,0,
2025-01-02,JNK,95.75,95.14972184734006,0.6308774644901605,1.2784630085530329,0.00293284566582952,0,0,0,
2025-01-03,JNK,95.9499969482422,95.53663260038392,0.43267627988032703,0.8088243018214549,0.0020887409738088447,0,0,0,
2025-01-06,JNK,96.05999755859376,95.06550555688013,1.0461123578821219,2.090956462863763,0.001146436830121944,1,1,0,
2025-01-07,JNK,95.7699966430664,94.66395221981324,1.1683902872393177,2.28508854867887,-0.003018956099290593,1,1,0,
2025-01-08,JNK,95.87000274658205,94.74597301569848,1.1863614833501397,2.254602223774384,0.0010442320875123645,1,1,0,
2025-01-10,JNK,95.33999633789062,94.39379970235396,1.0023927827042116,1.7771097359996946,-0.005528386288799925,1,0,0,
2025-01-13,JNK,95.3000030517578,94.73746508215692,0.5937861743641184,0.8640311528485561,-0.0004194806762011227,0,0,0,
2025-01-14,JNK,95.37999725341795,94.80376564702313,0.6078151036112578,0.9057772561087085,0.0008393934847694684,0,0,0,
2025-01-15,JNK,96.26000213623048,95.83555397676584,0.44289216460057,0.5690286753884588,0.009226304342140113,0,0,0,
2025-01-16,JNK,96.37000274658205,95.86252302005322,0.5293828187921467,0.7702633994387528,0.0011427447320839779,0,0,0,
2025-01-17,JNK,96.4499969482422,95.76189019898432,0.7185601159585109,1.155176530249024,0.0008300736679494047,0,0,0,
2025-01-21,JNK,96.7300033569336,96.73930200172842,-0.009612065212811601,-0.45186932017265313,0.002903125117169836,0,0,0,
2025-01-22,JNK,96.56999969482422,96.37153019101368,0.2059420488780923,0.028631322536010584,-0.0016541265021873253,0,0,0,
2025-01-23,JNK,96.70999908447266,96.76640784234203,-0.05829373966354315,-0.5407697708206923,0.0014497192719360452,0,0,0,
2025-01-24,JNK,96.80999755859376,96.5872040883707,0.2306656169685025,0.0755572117373822,0.0010340034646652008,0,0,0,
2025-01-27,JNK,96.91999816894533,96.79702517283526,0.12704212334055817,-0.17754364167582254,0.001136252588840092,0,0,0,
2025-01-28,JNK,96.86000061035156,96.81246163149927,0.04910419387251699,-0.38647889965506466,-0.0006190420937605134,0,0,0,
2025-01-29,JNK,96.77999877929688,96.76997508195218,0.010358272115089127,-0.5036088177565655,-0.0008259532371522882,0,0,0,
2025-01-30,JNK,96.9800033569336,96.78952268553708,0.19679885395795763,-0.08236465159883426,0.002066589999580648,0,0,0,
2025-01-31,JNK,96.76000213623048,96.70403702905062,0.05787256550938615,-0.4708103132667481,-0.0022685214795611364,0,0,0,
2025-02-03,JNK,96.0999984741211,96.21800526450448,-0.12264522638874918,-0.9534725523108201,-0.006821038110149669,0,0,0,
2025-02-04,JNK,96.37999725341795,96.34813282799368,0.03307217741433597,-0.5502804660978449,0.00291361897755138,0,0,0,
2025-02-05,JNK,96.63999938964844,96.67725652395012,-0.03853764126255814,-0.7179539671500301,0.0026976773567117807,0,0,0,
2025-02-06,JNK,96.5199966430664,96.3486921756784,0.17779635978417035,-0.15321449506349535,-0.0012417502829049631,0,0,0,
2025-02-07,JNK,96.23999786376952,95.88106313060833,0.3743541440213842,0.33152702990334243,-0.0029009406240692037,0,0,0,
2025-02-10,JNK,96.45999908447266,95.64840607926116,0.8485170202825413,1.4960393036393045,0.0022859645218877844,0,0,0,
2025-02-11,JNK,96.3499984741211,96.34817457134068,0.0018930330424321246,-0.6841678685861544,-0.0011403754032304203,0,0,0,
2025-02-12,JNK,96.12999725341795,95.8898528214384,0.25043779389957393,-0.06559262175033044,-0.0022833546879840183,0,0,0,
2025-02-13,JNK,96.55999755859376,95.94246532226916,0.6436484973054696,0.9433203807408913,0.00447311263353356,0,0,0,
2025-02-14,JNK,96.68000030517578,96.56826597728208,0.1157050163042026,-0.4504013491623015,0.0012427790971016872,0,0,0,
2025-02-18,JNK,96.62000274658205,96.41748649752614,0.21004099610198837,-0.21139972109526659,-0.0006205788002104917,0,0,0,
2025-02-19,JNK,96.6999969482422,97.04999170156876,-0.36063347063727574,-1.7173622047105925,0.0008279258889070107,-1,0,0,
2025-02-20,JNK,96.7699966430664,97.10072960887268,-0.34060811606512986,-1.7068303985827011,0.0007238851813167191,-1,0,0,
2025-02-21,JNK,96.62999725341795,96.58042897357102,0.05132331712929302,-0.6781307230468344,-0.0014467231012194048,0,0,0,
2025-02-24,JNK,96.72000122070312,96.5592967841188,0.16643082741542534,-0.38422651487236037,0.0009314288507027424,0,0,0,
2025-02-25,JNK,96.95999908447266,96.91198561607752,0.04954337493955462,-0.7161549345586569,0.0024813674600963065,0,0,0,
2025-02-26,JNK,97.0500030517578,96.65704140353536,0.40655253100687794,0.26237235845643553,0.0009282587472667636,0,0,0,
2025-02-27,JNK,96.8499984741211,96.65333615440488,0.2034718381598751,-0.3220983925828201,-0.0020608405084752146,0,0,0,
2025-02-28,JNK,97.12000274658205,97.44949022778135,-0.33811103621902416,-1.7821115458735959,0.002787860368764994,-1,0,0,
2025-03-03,JNK,96.37999725341795,96.42017919656712,-0.041673790158850046,-0.9470422052602819,-0.007619496213308485,0,0,0,
2025-03-04,JNK,96.2699966430664,96.73646201384132,-0.48220222350923825,-2.0514492081422993,-0.0011413219909346406,-1,-1,0,
2025-03-05,JNK,96.30999755859376,96.99399649786604,-0.7051971915471285,-2.466391591512581,0.00041550760280650856,-1,-1,0,
2025-03-06,JNK,95.97000122070312,95.74281643865636,0.23728650409226568,-0.08429037443824242,-0.003530228911944322,0,0,0,
2025-03-07,JNK,96.11000061035156,96.42350073115092,-0.3251283332612716,-1.4621298573635269,0.0014587828265884006,0,0,0,
2025-03-10,JNK,95.73999786376952,96.24094967266144,-0.5205183558514164,-1.8683159138946965,-0.0038497840415391282,-1,0,0,
2025-03-11,JNK,95.30999755859376,95.8041191606719,-0.5157623768237491,-1.796129230576188,-0.004491333975039424,-1,0,0,
2025-03-12,JNK,95.4000015258789,96.33365668827422,-0.9691889568943938,-2.6911435707231792,0.000944328712523701,-1,-1,-1,
2025-03-13,JNK,94.86000061035156,95.81504442949216,-0.9967576854210939,-2.560844059968297,-0.005660386864677958,-1,-1,-1,
2025-03-14,JNK,95.33000183105467,96.47132520364892,-1.1830700679035289,-2.729043175766103,0.004954682876650018,-1,-1,-1,
2025-03-17,JNK,95.58000183105467,96.48092035926378,-0.9337789532421275,-2.107743626480441,0.0026224692667378147,-1,-1,0,
2025-03-18,JNK,95.41000366210938,96.1313336973754,-0.7503589178704125,-1.677428930459593,-0.0017785955815923238,-1,0,0,
2025-03-19,JNK,95.9800033569336,96.0155403725374,-0.03701173316936528,-0.29487037527098037,0.005974213111267224,0,0,0,
2025-03-20,JNK,95.86000061035156,95.67918986706344,0.1889760391359274,0.15451589253386236,-0.0012502890433933045,0,0,0,
2025-03-21,JNK,95.76000213623048,95.52732641383952,0.24356980471009637,0.2585795102355603,-0.0010431720580469372,0,0,0,
2025-03-24,JNK,96.12999725341795,95.96158752701515,0.17549701994601635,0.1236130388514462,0.003863775155947824,0,0,0,
2025-03-25,JNK,96.02999877929688,95.79755302600806,0.2426426833947502,0.24485875081715977,-0.001040242140624037,0,0,0,
2025-03-26,JNK,95.56999969482422,95.32448866870266,0.25755294316324984,0.26489139480291995,-0.0047901602657505205,0,0,0,
2025-03-27,JNK,95.38999938964844,94.76329114200588,0.6613407365763727,1.0150338222092845,-0.0018834394239882757,0,0,0,
2025-03-28,JNK,95.20999908447266,94.6252934213822,0.6179168824202939,0.9089302649240968,-0.001886993461867159,0,0,0,
2025-03-31,JNK,95.3000030517578,94.18851311792828,1.1800695191332744,1.9120963112872196,0.0009453205351392935,1,0,0,
2025-04-01,JNK,95.0199966430664,93.82764222129198,1.2707922671255703,2.004806389512149,-0.002938157394804297,1,1,0,
2025-04-02,JNK,95.1999969482422,93.92826836435574,1.353935940725867,2.0679089656578,0.0018943413127232578,1,1,0,
2025-04-03,JNK,93.9000015258789,92.8029003651578,1.1821841304574234,1.7246925306241225,-0.01365541453819652,1,0,0,
2025-04-04,JNK,92.4499969482422,91.47107310723686,1.0702004554573123,1.4980800547830941,-0.015442008030607801,0,0,0,
2025-04-07,JNK,91.61000061035156,90.5410115770823,1.1806683122367978,1.6317505557283551,-0.009085953116482082,1,0,0,
2025-04-08,JNK,91.2300033569336,90.7054698328115,0.5782821312638726,0.6463121535571752,-0.004147988766360022,0,0,0,
2025-04-09,JNK,93.69000244140624,93.2584392976574,0.4627604182516838,0.47963355101927146,0.026964803178270103,0,0,0,
2025-04-10,JNK,92.16999816894533,92.05983153801664,0.11966851240999116,-0.08607410888840974,-0.016223761691238292,0,0,0,
2025-04-11,JNK,92.38999938964844,92.49341897583308,-0.11181291310213594,-0.47256193917447836,0.0023869070746844745,0,0,0,
2025-04-14,JNK,92.93000030517578,92.9481823205556,-0.019561453409724573,-0.2901939457103991,0.005844798345001845,0,0,0,
2025-04-15,JNK,93.1999969482422,92.96878963077016,0.2486934791668167,0.20661908448608227,0.0029053765434172707,0,0,0,
2025-04-16,JNK,93.12000274658205,93.01927193691932,0.10829025809945227,-0.03926272634388224,-0.0008583069128701437,0,0,0,
2025-04-17,JNK,93.72000122070312,93.86908672931358,-0.1588227965191206,-0.5077032739011923,0.0064432823928701755,0,0,0,
2025-04-21,JNK,93.1500015258789,93.13329698647988,0.017936162403285546,-0.16583506409031026,-0.006081942887323666,0,0,0,
2025-04-22,JNK,93.5,92.8665543883866,0.6821030625990488,1.0312478548766961,0.0037573641265464808,0,0,0,
2025-04-23,JNK,94.04000091552734,93.56839034005488,0.5040276676327308,0.6939999808683085,0.005775410861255104,0,0,0,
2025-04-24,JNK,94.8499984741211,94.51748491440726,0.35180110856202695,0.4043358163877844,0.008613329973500727,0,0,0,
2025-04-25,JNK,95.0199966430664,94.49141609519268,0.5593953077613175,0.7696955150287169,0.0017922843614139872,0,0,0,
2025-04-28,JNK,95.02999877929688,94.90681709513017,0.12979224036481818,-0.009908226016407467,0.00010526348751671577,0,0,0,
2025-04-29,JNK,95.2699966430664,95.28357122766522,-0.014246511149733932,-0.2693391605993885,0.002525495810295819,0,0,0,
2025-04-30,JNK,94.70999908447266,94.13862065815024,0.6069543215395976,0.8357468429635746,-0.005878005440598577,0,0,0,
2025-05-01,JNK,94.3000030517578,93.5818572336746,0.7673985527878396,1.0979449008313382,-0.004328962482083587,0,0,0,
2025-05-02,JNK,94.56999969482422,93.810255897852,0.8098728541999559,1.1404163623324959,0.0028631668539631505,0,0,0,
2025-05-05,JNK,94.52999877929688,94.03705608713288,0.5242004723193823,0.6166790323223339,-0.0004229767966207332,0,0,0,
2025-05-06,JNK,94.4800033569336,94.42615018095536,0.05703205719499361,-0.2089807353491764,-0.0005288841955876089,0,0,0,
2025-05-07,JNK,94.5,94.24565511323632,0.26987438992076573,0.15843542440767502,0.00021164947455454275,0,0,0,
2025-05-08,JNK,94.52999877929688,94.26498891839158,0.2811328616764839,0.17539472538163,0.0003174473999669747,0,0,0,
2025-05-09,JNK,94.5500030517578,94.43244347819817,0.12449066150318666,-0.09452775695568634,0.000211618245205214,0,0,0,
2025-05-12,JNK,95.6500015258789,95.77809876937656,-0.13374377351767397,-0.5286815391641779,0.0116340395411616,0,0,0,
2025-05-13,JNK,95.8000030517578,95.6952827099876,0.10943103860988342,-0.09757404986749088,0.0015682333872029108,0,0,0,
2025-05-14,JNK,95.4499969482422,95.24692581727264,0.21320491892740517,0.0889026176173986,-0.003653508271043604,0,0,0,
2025-05-15,JNK,95.62000274658205,94.90135411543868,0.75725856373893,1.054546067558366,0.0017810979965984242,0,0,0,
2025-05-16,JNK,95.73999786376952,95.29756282434175,0.4642668986648556,0.5216450498135271,0.0012549164791961775,0,0,0,
2025-05-19,JNK,95.68000030517578,95.490950211154,0.19797697436641296,0.04866769558323062,-0.000626671818805602,0,0,0,
2025-05-20,JNK,95.63999938964844,95.6728023793485,-0.03428664038709053,-0.37570987028642405,-0.0004180697679740941,0,0,0,
2025-05-21,JNK,95.0,95.63180900320542,-0.6606682544133841,-1.4706636308047882,-0.006691754430497299,0,0,0,
2025-05-22,JNK,95.16000366210938,95.8137477117982,-0.6823071482969716,-1.4625556397841737,0.0016842490748354422,0,0,0,
2025-05-23,JNK,95.12000274658205,95.35806421671816,-0.24965006587705027,-0.6961953977484828,-0.00042035428738906866,0,0,0,
2025-05-27,JNK,95.7300033569336,96.25508988381648,-0.5455155956081769,-1.1787609250378523,0.006412958292029369,0,0,0,
2025-05-28,JNK,95.68000030517578,95.96199913602771,-0.2938651063867425,-0.7269450543406575,-0.0005223341690626659,0,0,0,
2025-05-29,JNK,95.8000030517578,95.87197107881826,-0.07506680654484278,-0.3455130753525171,0.0012542093039220603,0,0,0,
2025-05-30,JNK,95.91000366210938,95.84161693522604,0.07135389517640464,-0.10735570997272083,0.0011482318042530526,0,0,0,
2025-06-02,JNK,95.37000274658205,95.14272115424669,0.23888489794914214,0.17236180987154776,-0.005630287716699045,0,0,0,
2025-06-03,JNK,95.58999633789062,95.43894543711396,0.15826966662807132,0.016776383440825753,0.0023067378103485137,0,0,0,
2025-06-04,JNK,95.80999755859376,95.5791869862915,0.24148622684493515,0.13732422266131414,0.0023015088307511977,0,0,0,
2025-06-05,JNK,95.61000061035156,95.1437260488883,0.4900738922329747,0.5671701794175286,-0.002087432975038883,0,0,0,
2025-06-06,JNK,95.62000274658205,94.7251354622758,0.9446988699874956,1.320363681846444,0.0001046139124216694,0,0,0,
2025-06-09,JNK,95.72000122070312,94.8334206109,0.9348820321906814,1.2622333196119424,0.0010457903288927373,0,0,0,
2025-06-10,JNK,95.93000030517578,94.9543444156288,1.0275000007123416,1.377589076085194,0.0021938892790906994,0,0,0,
2025-06-11,JNK,95.87999725341795,95.50316688195284,0.39457369191840647,0.24818779561625276,-0.0005212451954420549,0,0,0,
2025-06-12,JNK,96.0,95.1626857991205,0.8798765964287683,1.1067190027865417,0.0012515931374599276,0,0,0,
2025-06-13,JNK,95.6999969482422,95.1440338568481,0.5843383645374931,0.5358009286328884,-0.003125031789143695,0,0,0,
2025-06-16,JNK,95.91999816894533,94.940489083943,1.0317084886051862,1.4140845786199518,0.002298863403539242,0,0,0,
2025-06-17,JNK,95.79000091552734,95.11198970306904,0.7128556710620716,0.7369734926113621,-0.0013552674718468882,0,0,0,
2025-06-18,JNK,95.94000244140624,94.79178063949972,1.2113094554825274,1.730656295059902,0.0015659413763986496,1,0,0,
2025-06-20,JNK,96.2300033569336,94.8246882143429,1.4820139871318143,2.171446502230187,0.0030227320007050196,1,1,0,
2025-06-23,JNK,96.41999816894533,94.92387420304271,1.5761303238660425,2.225162860706924,0.0019743822652380505,1,1,0,
2025-06-24,JNK,96.68000030517578,95.66629659048957,1.0596247067297788,1.1830513400396978,0.0026965581950633144,0,0,0,
2025-06-25,JNK,96.70999908447266,96.34747594643716,0.3762663572391226,-0.13612925614083213,0.00031028940010524586,0,0,0,
2025-06-26,JNK,97.0199966430664,96.7826107264218,0.2452774469120677,-0.3880282034595446,0.0032054344072838248,0,0,0,
2025-06-27,JNK,96.94000244140624,96.37310090270424,0.5882362748442921,0.2749843641870237,-0.0008245125172954282,0,0,0,
2025-06-30,JNK,97.2699966430664,96.39575329841858,0.9069313893334816,0.8756928341798917,0.0034041076268760406,0,0,0,
2025-07-01,JNK,96.66000366210938,96.01403625517598,0.6727843470892216,0.4487620350589077,-0.006271131921546269,0,0,0,
2025-07-02,JNK,96.8499984741211,96.5077528490516,0.35463018769570104,-0.14500193317247362,0.0019655990566260773,0,0,0,
2025-07-03,JNK,96.91000366210938,96.57946015587584,0.3422503146114646,-0.14165946911390304,0.0006195682904870381,0,0,0,
2025-07-07,JNK,96.55999755859376,96.32930992164374,0.23947813717099098,-0.3277087802927594,-0.003611661235056407,0,0,0,
2025-07-08,JNK,96.41000366210938,96.4941982819795,-0.08725355655485201,-0.9793825847792887,-0.0015533751064292778,0,0,0,
2025-07-09,JNK,96.66000366210938,97.11641004952348,-0.4699580505306631,-1.72757792718404,0.002593091904406375,-1,0,0,
2025-07-10,JNK,96.61000061035156,96.9461950599414,-0.3467845740433365,-1.4166104299708446,-0.0005173086060766829,0,0,0,
2025-07-11,JNK,96.44000244140624,96.48446334870673,-0.04608089816471549,-0.7737830704411476,-0.001759633245744019,0,0,0,
2025-07-14,JNK,96.52999877929688,97.10844594214416,-0.5956713211041536,-1.8336858133017757,0.0009331847326041753,-1,0,0,
2025-07-15,JNK,96.22000122070312,97.0647007938078,-0.870243833439565,-2.2724464057757743,-0.003211411607934589,-1,-1,0,
2025-07-16,JNK,96.44000244140624,97.39959813475522,-0.9852152490622789,-2.3576695321958083,0.0022864395958432926,-1,-1,0,
2025-07-17,JNK,96.55999755859376,96.9759600357127,-0.4289336006220044,-1.2917448750467677,0.0012442463101391965,0,0,0,
2025-07-18,JNK,96.6999969482422,96.88296720193976,-0.188856987953501,-0.84129905495145,0.0014498694406395174,0,0,0,
2025-07-21,JNK,96.83000183105467,97.27490211681204,-0.4573638997067446,-1.307699845836283,0.0013444145492791382,0,0,0,
2025-07-22,JNK,97.01000213623048,97.48196866038212,-0.4841577684955521,-1.3243422239669365,0.001858931134689712,0,0,0,
2025-07-23,JNK,97.08000183105467,98.04058226424682,-0.9797783846316984,-2.0878776340505443,0.0007215719336433057,-1,-1,0,
2025-07-24,JNK,96.94000244140624,97.5414465949166,-0.616603684388767,-1.4124334454553598,-0.0014421032860307825,0,0,0,
2025-07-25,JNK,97.04000091552734,97.1679937231085,-0.1317232173650529,-0.5776655519859425,0.0010315501506361624,0,0,0,
2025-07-28,JNK,97.0,97.11443720709508,-0.11783748162082616,-0.536339894414747,-0.00041221058480989115,0,0,0,
2025-07-29,JNK,97.0199966430664,97.24794586960684,-0.234400042594291,-0.7204424788221208,0.00020615095944753747,0,0,0,
2025-07-30,JNK,96.8499984741211,97.0995474385916,-0.25700322097621264,-0.7492643670390956,-0.0017521972255959417,0,0,0,
2025-07-31,JNK,96.88999938964844,96.9074813725758,-0.01803986924410127,-0.33320184505384326,0.0004130192685345424,0,0,0,
2025-08-01,JNK,96.3499984741211,96.55150258854968,-0.2087011688334764,-0.6306793744026435,-0.005573340065321952,0,0,0,
2025-08-04,JNK,96.70999908447266,96.49038326039825,0.22760384678101372,0.12309696645115621,0.0037363841832156464,0,0,0,
2025-08-05,JNK,96.63999938964844,96.08624057074545,0.5763143771821062,0.7157576217354233,-0.000723810314206208,0,0,0,
2025-08-06,JNK,96.7699966430664,96.60706164478596,0.16865744129507151,0.01811165638585389,0.001345170263234552,0,0,0,
2025-08-07,JNK,96.6999969482422,95.94134961135484,0.7907407389624387,1.0548365314316628,-0.0007233615506094804,0,0,0,
2025-08-08,JNK,96.72000122070312,95.93421362454067,0.8190900477256217,1.0782158520977976,0.0002068694218431144,0,0,0,
2025-08-11,JNK,96.6999969482422,96.59236308280828,0.11143103036173901,-0.10576602614297627,-0.0002068266357366788,0,0,0,
2025-08-12,JNK,96.88999938964844,97.06175012874148,-0.1769499713998915,-0.5868567764204144,0.001964865019674633,0,0,0,
2025-08-13,JNK,97.16999816894533,97.02393945663594,0.15053883930848097,-0.040239393763855116,0.002889862535460086,0,0,0,
2025-08-14,JNK,96.88999938964844,96.96269518401122,-0.07497295142717307,-0.4092302093149667,-0.002881535294567694,0,0,0,
2025-08-15,JNK,96.91999816894533,97.23060376103962,-0.3194524975466116,-0.79125571259696,0.0003096168798211174,0,0,0,
2025-08-18,JNK,96.87000274658205,97.69286752621464,-0.8422977034754257,-1.6012060488057367,-0.0005158421719749784,-1,0,0,
2025-08-19,JNK,96.86000061035156,97.83164575000652,-0.9931808181351056,-1.7708899861691594,-0.00010325318413229034,-1,0,0,
2025-08-20,JNK,96.79000091552734,97.54821598067868,-0.777272098242691,-1.3848093344690116,-0.0007226893906991938,0,0,0,
2025-08-21,JNK,96.62000274658205,97.01472232654972,-0.406865649358921,-0.8127315370088353,-0.0017563608568788025,0,0,0,
2025-08-22,JNK,97.43000030517578,97.50269197516543,-0.07455350054146923,-0.30462428835654093,0.00838333197648744,0,0,0,
2025-08-25,JNK,97.30999755859376,97.53288219166888,-0.22852255369333235,-0.552554037982974,-0.0012316816812699694,0,0,0,
2025-08-26,JNK,97.5199966430664,97.68942500601146,-0.17343572544789698,-0.47710598083460226,0.0021580422334939175,0,0,0,
2025-08-27,JNK,97.66999816894533,97.68736231767548,-0.01777522528828736,-0.23307439963409676,0.001538161721107656,0,0,0,
2025-08-28,JNK,97.68000030517578,97.50956022036368,0.1747932043041923,0.07317423357467714,0.00010240745794987127,0,0,0,
2025-08-29,JNK,97.51000213623048,97.13541815482992,0.385630688080727,0.4071142733785671,-0.0017403579894982313,0,0,0,
2025-09-02,JNK,96.83999633789062,96.0859999484172,0.7847099368047415,1.0317703334947648,-0.006871149458122283,0,0,0,
2025-09-03,JNK,97.13999938964844,96.35389856298964,0.8158474523424669,1.0553137339798486,0.0030979250630189803,0,0,0,
2025-09-04,JNK,97.41000366210938,96.64767651150169,0.7887692473568853,0.9904008583876887,0.0027795375144887835,0,0,0,
2025-09-05,JNK,97.51000213623048,96.82869010772818,0.7036261956495549,0.8472329182032703,0.0010265729428362569,0,0,0,
2025-09-08,JNK,97.5199966430664,96.55946198448054,0.9947597458033192,1.3026108922482917,0.00010249724763577994,0,0,0,
2025-09-09,JNK,97.4000015258789,96.73998815372616,0.6822549648279289,0.8226687523239533,-0.001230466789562068,0,0,0,
2025-09-10,JNK,97.48999786376952,96.8196313536565,0.6923869681597332,0.8552860277775534,0.0009239870275228323,0,0,0,
2025-09-11,JNK,97.7699966430664,96.96511393183684,0.8300745274175328,1.0558292461077656,0.0028720769866890095,0,0,0,
2025-09-12,JNK,97.69000244140624,97.20795102812664,0.4958971032525034,0.5399800242474997,-0.0008181876281760925,0,0,0,
2025-09-15,JNK,97.98999786376952,97.7291109098553,0.26694907124947015,0.1825845024990993,0.0030708917480395392,0,0,0,
2025-09-16,JNK,97.91999816894533,96.74507680072894,1.2144508093537798,1.6860592496111126,-0.0007143555092378184,1,0,0,
2025-09-17,JNK,97.8000030517578,96.51790291567109,1.328354737676904,1.8130987724120138,-0.0012254403536701153,1,0,0,
2025-09-18,JNK,98.0199966430664,96.69293119594616,1.3724534262292432,1.8646744990249846,0.00224942315382326,1,0,0,
2025-09-19,JNK,98.08999633789062,96.44892664759732,1.7014908795091173,2.34076349798909,0.0007141368824885586,1,1,0,
2025-09-22,JNK,98.19000244140624,96.91614232201768,1.3143941647573807,1.7773001121955847,0.0010195341752397002,1,0,0,
2025-09-23,JNK,98.12999725341795,97.09550979145584,1.065432854911636,1.3909944236402654,-0.0006111130104522466,0,0,0,
2025-09-24,JNK,97.9800033569336,96.97327317022844,1.0381522184343774,1.3145584636722158,-0.0015285223752428134,0,0,0,
2025-09-25,JNK,97.66999816894533,96.4931531776262,1.219615021961997,1.537785211551514,-0.0031639638433053063,1,0,0,
2025-09-26,JNK,97.8499984741211,96.85482008178396,1.0274949573978993,1.227456069797773,0.001842943673085795,0,0,0,
2025-09-29,JNK,98.05999755859376,97.82817798901328,0.23696605042211366,0.07017132567877685,0.002146132731194683,0,0,0,
2025-09-30,JNK,97.98999786376952,97.4261556049712,0.5787380763380413,0.5853233361926183,-0.0007138455697229817,0,0,0,
2025-10-01,JNK,97.63999938964844,97.00941524647445,0.6500236513866706,0.682970654561821,-0.0035717775461906465,0,0,0,
2025-10-02,JNK,97.58999633789062,97.31262361086937,0.2850326265278883,0.13853683857785024,-0.0005121164693812075,0,0,0,
2025-10-03,JNK,97.47000122070312,97.03973162868652,0.4433952823189852,0.37017665209202233,-0.001229584196028033,0,0,0,
2025-10-06,JNK,97.48999786376952,97.07470402998572,0.42780849855129194,0.3348538428025252,0.00020515689767064416,0,0,0,
2025-10-07,JNK,97.37999725341795,96.994505472674,0.3974367196011441,0.2709643721711078,-0.0011283271388032867,0,0,0,
2025-10-08,JNK,97.23999786376952,97.02872246609353,0.21774521224869284,-0.013358040375979523,-0.0014376606448663898,0,0,0,
2025-10-09,JNK,96.94000244140624,97.1284655061933,-0.19403484221115472,-0.6327401210881431,-0.003085103136093892,0,0,0,
2025-10-10,JNK,96.33999633789062,96.63586376485762,-0.3061673124658169,-0.8152550221255507,-0.006189458308279661,0,0,0,
2025-10-13,JNK,96.91999816894533,97.0171738314952,-0.1001633615081932,-0.5310980384725437,0.006020363847850652,0,0,0,
2025-10-14,JNK,96.9800033569336,97.07013794165984,-0.09285511140451369,-0.5572842243654801,0.0006191208122359182,0,0,0,
2025-10-15,JNK,97.33999633789062,97.51081657503622,-0.17518080880200823,-0.6996688500997116,0.0037120330840996196,0,0,0,
2025-10-16,JNK,97.04000091552734,96.67384331484236,0.3787556055804076,0.17873494567995515,-0.0030819337749091735,0,0,0,
2025-10-17,JNK,97.23999786376952,97.2778339439038,-0.03889486288942472,-0.5121274264136995,0.002060974302919405,0,0,0,
2025-10-20,JNK,97.4499969482422,97.79075333015524,-0.34845460363987346,-1.0250482276263309,0.0021595957330942106,0,0,0,
2025-10-21,JNK,97.37000274658205,97.25502451896403,0.1182234318347126,-0.29918801159060676,-0.0008208743372526417,0,0,0,
2025-10-22,JNK,97.2699966430664,96.87067453081958,0.4122218764150097,0.17564079973618968,-0.0010270730275721007,0,0,0,
2025-10-23,JNK,97.4499969482422,96.85874979439362,0.6104220373519701,0.49982508180481966,0.0018505223747082855,0,0,0,
2025-10-24,JNK,97.73999786376952,97.30649706036743,0.4455003689354329,0.1988240400046433,0.002975894557301517,0,0,0,
2025-10-27,JNK,98.0199966430664,97.482702405192,0.5511687967380241,0.3639054653021143,0.002864730769558177,0,0,0,
2025-10-28,JNK,97.91000366210938,97.62231497782886,0.2946956178470547,-0.10287282931777822,-0.0011221483852683622,0,0,0,
2025-10-29,JNK,97.62000274658205,97.23492727336786,0.39602587672182765,0.06531266773262684,-0.0029619130291133056,0,0,0,
2025-10-30,JNK,97.38999938964844,97.19704925589036,0.19851439445460464,-0.29980204297724217,-0.0023561088963569565,0,0,0,
2025-10-31,JNK,97.38999938964844,96.3073870503308,1.1241218067227337,1.3154263130688482,0.0,0,0,0,
2025-11-03,JNK,96.58000183105467,95.74839228738242,0.8685362999894944,0.8511598037116269,-0.008317050658898095,0,0,0,
2025-11-04,JNK,96.55999755859376,95.79401030243145,0.7996191554607842,0.7102101440911727,-0.0002071264452437882,0,0,0,
2025-11-05,JNK,96.6500015258789,95.81525626992564,0.8712028631449523,0.8320652135557531,0.0009321040758158983,0,0,0,
2025-11-06,JNK,96.6999969482422,95.5345563931954,1.2199151794353338,1.4141450315913573,0.0005172832030417851,0,0,0,
2025-11-07,JNK,96.76000213623048,95.43689408223652,1.386369565687941,1.6335698485208845,0.0006205293679626411,1,0,0,
2025-11-10,JNK,97.08999633789062,95.83052797788773,1.314266326794644,1.4577840328076905,0.003410440206434995,0,0,0,
2025-11-11,JNK,97.26000213623048,96.23691065227652,1.0630967650765508,1.005277226760412,0.0017510125116104724,0,0,0,
2025-11-12,JNK,97.02999877929688,96.43563450586184,0.6163326206962478,0.2429030504557862,-0.0023648298568967885,0,0,0,
2025-11-13,JNK,96.5999984741211,95.813279939164,0.8210955051915668,0.5630529940392868,-0.0044316222878024725,0,0,0,
2025-11-14,JNK,96.62999725341795,96.3436100877977,0.29725600417014775,-0.37349655866312537,0.0003105463744381698,0,0,0,
2025-11-17,JNK,96.45999908447266,95.89798965203858,0.5860492325994595,0.10021962648783439,-0.0017592691066674604,0,0,0,
2025-11-18,JNK,96.41000366210938,96.40160824057246,0.008708798214202562,-1.057351889125779,-0.0005183021235517504,0,0,0,
2025-11-19,JNK,96.48999786376952,96.7979239331099,-0.31811226607831805,-1.7126821178824565,0.0008297292668975054,-1,0,0,
2025-11-20,JNK,96.47000122070312,96.42023369792211,0.05161522729443779,-0.988947027053293,-0.0002072405794290022,0,0,0,
2025-11-21,JNK,96.76000213623048,96.68131424156218,0.08138893775450877,-0.9513389039941572,0.003006125343192334,0,0,0,
2025-11-24,JNK,97.04000091552734,97.63718251543966,-0.6116333803649894,-2.2725345901194856,0.002893745071467002,-1,-1,0,
2025-11-25,JNK,97.41999816894533,98.54252562030707,-1.1391299789564393,-3.044425228842834,0.003915882623999334,-1,-1,-1,
2025-11-26,JNK,97.56999969482422,98.40487593860244,-0.8484094266824015,-2.3747540183500604,0.0015397405943158304,-1,-1,0,
2025-11-28,JNK,97.6500015258789,98.35243601218768,-0.7142014115661866,-2.0378890201569937,0.0008199429261546154,-1,-1,0,
2025-12-01,JNK,96.95999908447266,97.96798618864374,-1.0288943800785433,-2.402203523050284,-0.007066077118528136,-1,-1,0,
2025-12-02,JNK,97.11000061035156,97.80044582879354,-0.7059734877391579,-1.7996777958594439,0.0015470454547779067,-1,0,0,
2025-12-03,JNK,97.26000213623048,98.04573054659215,-0.8013897249592993,-1.8592724431108,0.00154465580204044,-1,0,0,
2025-12-04,JNK,97.29000091552734,97.81890228778812,-0.5406944464626293,-1.4100372429542651,0.0003084390154015626,0,0,0,
2025-12-05,JNK,97.29000091552734,97.7728448878936,-0.4938426133758134,-1.2946399872884047,0.0,0,0,0,
2025-12-08,JNK,97.08000183105467,97.14824043604898,-0.07024173025473018,-0.6436059192419554,-0.0021584857898706566,0,0,0,
2025-12-09,JNK,96.94000244140624,97.1745039317256,-0.24131997677510125,-0.8726503178269366,-0.0014421032860307825,0,0,0,
2025-12-10,JNK,97.27999877929688,97.65941430082955,-0.3885089054127732,-1.0569900047544771,0.0035072862526090987,0,0,0,
2025-12-11,JNK,97.2699966430664,97.63357594821548,-0.37239167122375494,-1.0049486927980191,-0.000102818013527739,0,0,0,
2025-12-12,JNK,97.06999969482422,97.01090314215467,0.06091743376818911,-0.36519596761891976,-0.0020561011117958827,0,0,0,
2025-12-15,JNK,97.16999816894533,97.06165818767658,0.11161975108570435,-0.2691389510272355,0.0010301686868805504,0,0,0,
2025-12-16,JNK,97.18000030517578,97.06974116022144,0.11358755430525921,-0.2422292925755947,0.00010293440793396336,0,0,0,
2025-12-17,JNK,97.06999969482422,96.75184350555132,0.32883734071138715,0.11087069116827132,-0.0011319264252533934,0,0,0,
2025-12-18,JNK,96.8499984741211,96.9274822439102,-0.0799399385967025,-0.4978213267591958,-0.0022664182692364587,0,0,0,
2025-12-19,JNK,96.81999969482422,96.82897267787033,-0.009266836978595188,-0.35879095914362924,-0.00030974475755818354,0,0,0,
2025-12-22,JNK,96.91000366210938,96.34652184721268,0.5848491508497476,0.643856844908309,0.0009296009870776167,0,0,0,
2025-12-23,JNK,96.98999786376952,96.8037231010026,0.1924252051468715,0.009479129061861106,0.0008254483400811363,0,0,0,
2025-12-24,JNK,97.20999908447266,97.16656543052969,0.044700205004181974,-0.2156439403241453,0.0022682877157307324,0,0,0,
2025-12-26,JNK,97.16000366210938,97.48214245990629,-0.33045929199740715,-0.8438826958279197,-0.0005143032901362421,0,0,0,
2025-12-29,JNK,97.19000244140624,97.46583105599204,-0.28300032082766263,-0.7421258482670322,0.00030875646527550593,0,0,0,
2025-12-30,JNK,97.3000030517578,97.71677193409178,-0.4265070100914572,-0.9641261975832157,0.0011318099350587918,0,0,0,
2025-12-31,JNK,97.20999908447266,97.65279910711088,-0.4534432465704713,-0.9798445160680253,-0.0009250150509991784,0,0,0,
2026-01-02,JNK,97.23999786376952,97.39208452886989,-0.15615916410053537,-0.4455107435183186,0.0003085976708094851,0,0,0,
2026-01-05,JNK,97.5,97.41886329509664,0.08328644182347138,-0.015688754336370368,0.002673818818823337,0,0,0,
2026-01-06,JNK,97.54000091552734,97.7873541801416,-0.2529501556597933,-0.588037938555478,0.00041026580028047377,0,0,0,
2026-01-07,JNK,97.51000213623048,97.26650956537276,0.250335466899914,0.30175801651012335,-0.0003075536089326425,0,0,0,
2026-01-08,JNK,97.58999633789062,97.70757769949478,-0.1203400640693197,-0.34171812609165386,0.0008203691919561606,0,0,0,
2026-01-09,JNK,97.69000244140624,97.68406645764466,0.00607671647673294,-0.12489495544419187,0.0010247577340751768,0,0,0,
2026-01-12,JNK,97.68000030517578,97.32852751321828,0.361120013769623,0.4836252869443543,-0.00010238648767002534,0,0,0,
2026-01-13,JNK,97.70999908447266,97.65575442128308,0.05554681699100823,-0.060835843493230256,0.0003071128092051456,0,0,0,
2026-01-14,JNK,97.73999786376952,97.19400227101124,0.5617585241894302,0.8124629880851821,0.0003070185198847941,0,0,0,
2026-01-15,JNK,97.73999786376952,97.8566738999892,-0.11923155730689482,-0.38842894971964803,0.0,0,0,0,
2026-01-16,JNK,97.81999969482422,98.266279630234,-0.45415369045117293,-0.9500325143645889,0.0008185168078906901,0,0,0,
2026-01-20,JNK,97.58999633789062,98.2668321778337,-0.6887734395652539,-1.3241863841497732,-0.0023512917363642805,0,0,0,
2026-01-21,JNK,97.86000061035156,98.90477090202891,-1.0563396306860258,-1.8905522859551698,0.002766720797140909,-1,0,0,
2026-01-22,JNK,97.91999816894533,99.196074356858,-1.2864180323527656,-2.153709647279193,0.0006130958330223812,-1,-1,0,
2026-01-23,JNK,97.87000274658205,99.43528142478648,-1.5741682989939776,-2.4463531132936343,-0.0005105741758391069,-1,-1,0,
2026-01-26,JNK,97.91999816894533,99.23673544988978,-1.326864769356854,-1.9664311708525313,0.0005108349949958235,-1,0,0,
2026-01-27,JNK,97.91000366210938,99.08638327093622,-1.1872263069792577,-1.683996696641539,-0.00010206808642609921,-1,0,0,
2026-01-28,JNK,97.75,99.16941956477352,-1.4313077267195373,-1.9464927629213393,-0.001634191156417053,-1,0,0,
2026-01-29,JNK,97.76000213623048,99.15040526840374,-1.4023171447553744,-1.8191036198879076,0.00010232364430162733,-1,0,0,
2026-01-30,JNK,97.81999969482422,98.44389912405786,-0.6337613958661013,-0.7204760506808723,0.0006137229672942279,0,0,0,
2026-02-02,JNK,97.37999725341795,97.51544704605962,-0.13890085801246274,-0.020666799353190563,-0.0044980826291041165,0,0,0,
2026-02-03,JNK,97.29000091552734,97.58958025197056,-0.3069788144079724,-0.23011537670513332,-0.0009241768374300685,0,0,0,
2026-02-04,JNK,97.11000061035156,96.86491096092116,0.25302211812208825,0.5975749617806626,-0.001850141879760736,0,0,0,
2026-02-05,JNK,97.05999755859376,96.9539751979982,0.10935328889717247,0.4100204900636819,-0.0005149114554990897,0,0,0,
2026-02-06,JNK,97.4000015258789,97.4319636872522,-0.03280459529266617,0.22511558017287098,0.0035030288052488867,0,0,0,
2026-02-09,JNK,97.54000091552734,97.67847425108542,-0.14176443338183717,0.09688929462091433,0.0014373653742831838,0,0,0,
2026-02-10,JNK,97.48999786376952,97.98462932351906,-0.5048051548130071,-0.4479930478535163,-0.0005126414936281742,0,0,0,
2026-02-11,JNK,97.4800033569336,98.38570828974358,-0.9205655461082851,-1.1269336732030648,-0.00010251827936125224,0,0,0,
2026-02-12,JNK,97.37000274658205,98.42683879277732,-1.0737275108675175,-1.3735403287483112,-0.0011284428248198308,0,0,0,
2026-02-13,JNK,97.4800033569336,98.29640733210722,-0.8305532189139946,-0.9134062447366482,0.0011297176465923098,0,0,0,
2026-02-17,JNK,97.38999938964844,97.91875737517356,-0.5399966254669609,-0.36097771432957476,-0.0009233069776947156,0,0,0,
2026-02-18,JNK,97.52999877929688,97.50330701839238,0.0273752365132222,0.7168800664132094,0.0014375129944124154,0,0,0,
2026-02-19,JNK,97.5500030517578,97.66613935266469,-0.11891153031812682,0.4729768192260611,0.00020510891737202108,0,0,0,
2026-02-20,JNK,97.62000274658205,97.86471647229033,-0.2500530676728308,0.22770657098978275,0.0007175775769796555,0,0,0,
2026-02-23,JNK,97.5,97.43367609933335,0.06807081834727124,0.8298988000331016,-0.0012292844007960602,0,0,0,
2026-02-24,JNK,97.38999938964844,97.03069651697508,0.3702981484941677,1.3895549019855862,-0.0011282113882211675,0,0,0,
2026-02-25,JNK,97.55999755859376,96.92934461290749,0.6506315999605953,1.8642245066032301,0.0017455403019890348,1,0,0,
2026-02-26,JNK,97.4800033569336,96.60448758847684,0.9062889212624775,2.207757619170023,-0.0008199487870234057,1,1,0,
2026-02-27,JNK,97.25,96.55380913974864,0.721039248947414,1.8047526859028582,-0.0023594927063288473,1,0,0,
2026-03-02,JNK,96.68000030517578,96.34041567701196,0.3524840803077925,1.112634494514063,-0.005861179381225878,0,0,0,
2026-03-03,JNK,96.45999908447266,96.07741584032566,0.39820309570235324,1.1554590994034557,-0.002275560819287148,0,0,0,
2026-03-04,JNK,96.8000030517578,96.32165645824784,0.49661375343695546,1.288536884664511,0.0035248182719491705,0,0,0,
2026-03-05,JNK,96.37999725341795,96.3110216948962,0.07161751304047485,0.5173250794560911,-0.004338902738621475,0,0,0,
2026-03-06,JNK,95.91000366210938,95.88409940609355,0.027016216636826906,0.417941382219147,-0.004876464045467821,0,0,0,
2026-03-09,JNK,96.43000030517578,96.14116396536772,0.30042941846647775,0.8796497936170602,0.005421714348988527,0,0,0,
2026-03-10,JNK,96.30999755859376,96.14167798694632,0.17507451000626184,0.6368655608507734,-0.0012444544872159957,0,0,0,
2026-03-11,JNK,96.11000061035156,96.68613110725676,-0.5958770821702184,-0.7171392831205804,-0.002076595922666513,0,0,0,
2026-03-12,JNK,95.47000122070312,95.70233468653498,-0.24276676905829528,-0.09130235643423307,-0.006659030127812771,0,0,0,
2026-03-13,JNK,95.25,95.216202541909,0.03549549046143236,0.38982027546109377,-0.002304401570023429,0,0,0,
2026-03-16,JNK,95.6500015258789,95.69337919267072,-0.0453298516133233,0.23752173222345518,0.004199491085342899,0,0,0,
2026-03-17,JNK,96.02999877929688,95.8424841377346,0.19564877021843222,0.6595083454382663,0.003972788785739478,0,0,0,
2026-03-18,JNK,95.58000183105467,95.19431843997134,0.40515379216307057,1.0153624749598023,-0.0046860038942249105,0,0,0,
2026-03-19,JNK,95.79000091552734,95.3379576449505,0.47414826344434413,1.1173047534919032,0.0021971027458638215,0,0,0,
2026-03-20,JNK,94.9499969482422,94.17060012305798,0.8276434727672333,1.6893773221717212,-0.008769223919581126,1,0,0,
2026-03-23,JNK,95.5,95.05774170337024,0.4652522653124207,1.0446726209299768,0.005792554707059194,0,0,0,
2026-03-24,JNK,95.2300033569336,95.06787782551793,0.17053660513304425,0.5385727186677961,-0.002827189979752953,0,0,0,
2026-03-25,JNK,95.5500030517578,95.21018815896775,0.3569102208081691,0.8661164724021005,0.003360282301207107,0,0,0,
2026-03-26,JNK,94.9499969482422,94.97551503109908,-0.026868064730705722,0.2181393672809588,-0.00627949852801768,0,0,0,
2026-03-27,JNK,94.66000366210938,94.18675766837772,0.502454915581556,1.100515695626603,-0.003054168461857909,0,0,0,
2026-03-30,JNK,94.76000213623048,93.82915001265368,0.9920713589020734,1.842358987367853,0.001056396262967052,1,0,0,
2026-03-31,JNK,95.72000122070312,95.51918283132174,0.21023880589096888,0.5404088075537266,0.01013084701172251,0,0,0,
2026-04-01,JNK,95.47000122070312,94.93703972859876,0.5613841485135479,1.083775980551527,-0.0026117843377746475,0,0,0,
2026-04-02,JNK,95.72000122070312,95.35961432313806,0.3779240301285697,0.7612559088095936,0.002618623617926419,0,0,0,
2026-04-06,JNK,95.91000366210938,95.00746908641092,0.9499617076185694,1.627880707106825,0.0019849816024151146,1,0,0,
2026-04-07,JNK,95.91999816894533,95.5346494787363,0.40336013405774573,0.7460202850176079,0.00010420713642300683,0,0,0,
2026-04-08,JNK,96.4800033569336,96.47816417174045,0.001906322750787804,0.10276906592003354,0.005838252696814372,0,0,0,
2026-04-09,JNK,96.56999969482422,96.74624918244254,-0.18217707570859173,-0.17887615784417263,0.0009327978312529961,0,0,0,
2026-04-10,JNK,96.23999786376952,96.3424133316556,-0.10630361472628641,-0.05857165300421773,-0.0034172292854670605,0,0,0,
2026-04-13,JNK,96.58000183105467,96.86754942148124,-0.29684614934916853,-0.3536280155449535,0.003532875881465003,0,0,0,
2026-04-14,JNK,96.87000274658205,96.9418702790072,-0.07413466670110462,0.011255382846074571,0.003002701491295001,0,0,0,
2026-04-15,JNK,96.80999755859376,96.59334314109576,0.22429539184862335,0.48228902054811873,-0.0006194403456895037,0,0,0,
2026-04-16,JNK,96.70999908447266,95.92318249519305,0.8202569689751894,1.4135287954721387,-0.0010329354058766782,0,0,0,
2026-04-17,JNK,97.08000183105467,96.49544192593385,0.6057901735602312,1.0470084861965365,0.003825899597608595,0,0,0,
2026-04-20,JNK,96.98999786376952,96.3191487525732,0.6964857142992519,1.1512913552106336,-0.0009271113060111968,0,0,0,
2026-04-21,JNK,96.75,96.60914180044487,0.1458021434928814,0.2773685289961579,-0.0024744599345863927,0,0,0,
2026-04-22,JNK,96.91000366210938,96.55041250900872,0.372438753762031,0.6077856641031676,0.0016537846212856255,0,0,0,
2026-04-23,JNK,96.73999786376952,96.00882496407516,0.7615684287022046,1.2040800787048564,-0.0017542646983340626,0,0,0,
2026-04-24,JNK,96.88999938964844,96.38976807906695,0.5189672312222516,0.7956531260149086,0.0015505636674724155,0,0,0,
2026-04-27,JNK,96.91000366210938,97.0794610648834,-0.17455536002694874,-0.45117160237140824,0.0002064637484462395,0,0,0,
2026-04-28,JNK,96.8000030517578,96.86861841871482,-0.07083343200006094,-0.3091091604114116,-0.001135080035030378,0,0,0,
2026-04-29,JNK,96.5,96.35122598827938,0.15440801110171265,0.07344988592122574,-0.003099204982435655,0,0,0,
2026-04-30,JNK,96.83000183105467,96.66587760000968,0.16978507320247774,0.058798442999036415,0.0034197080938307423,0,0,0,
2026-05-01,JNK,96.4000015258789,96.38439798910083,0.016188861583010132,-0.3104848483044792,-0.004440775555555776,0,0,0,
2026-05-04,JNK,96.0999984741211,95.7150217571308,0.4022113874321026,0.5437570094164609,-0.0031120648029997477,0,0,0,
2026-05-05,JNK,96.22000122070312,95.7517852094048,0.48898932826615915,0.7152887474543933,0.0012487278718775752,0,0,0,
2026-05-06,JNK,96.54000091552734,95.91962660370778,0.6467647277054556,1.0507791958591393,0.003325708696367835,0,0,0,
2026-05-07,JNK,96.1999969482422,95.80643727410178,0.4107862533437573,0.5067111374016424,-0.0035218972867282483,0,0,0,
2026-05-08,JNK,96.5199966430664,96.4061191283653,0.11812270396391869,-0.1578971413340867,0.003326400259621387,0,0,0,
2026-05-11,JNK,96.31999969482422,96.2094682880618,0.11488620478753295,-0.17513829956646276,-0.0020720778615624935,0,0,0,
2026-05-12,JNK,96.18000030517578,95.76707540214042,0.4311762694030558,0.5172477627636247,-0.001453482039991738,0,0,0,
2026-05-13,JNK,96.18000030517578,96.24374357845504,-0.06623108257140468,-0.6993237265869504,0.0,0,0,0,
2026-05-14,JNK,96.12000274658205,96.10066013398728,0.020127450287855803,-0.5790029078595524,-0.0006238049324533979,0,0,0,
2026-05-15,JNK,95.72000122070312,95.28561449325056,0.4558786022032018,0.5619405420724801,-0.0041614805914385045,0,0,0,
2026-05-18,JNK,95.7699966430664,95.15719003119976,0.6439940183875971,1.080438541525488,0.0005223090443553513,0,0,0,
2026-05-19,JNK,95.54000091552734,95.053588589621,0.5117243158555038,0.6687019051888311,-0.002401542608341689,0,0,0,
2026-05-20,JNK,96.12000274658205,95.76831594910112,0.36722666990180475,0.22250202398334784,0.006070774811563151,0,0,0,
2026-05-21,JNK,96.1999969482422,95.47991866382776,0.7541672578814633,1.3380217114198272,0.0008322326193754837,0,0,0,
2026-05-22,JNK,96.25,95.51786629504107,0.766488755828642,1.3278868638172872,0.0005197822592937218,0,0,0,
2026-05-26,JNK,96.55999755859376,95.9284836343582,0.6583174259718797,0.9851184011455785,0.0032207538555195647,0,0,0,
2026-05-27,JNK,96.5199966430664,95.81074991922485,0.7402579819482719,1.2168638876328468,-0.0004142596990340808,0,0,0,
2026-05-28,JNK,96.62000274658205,96.18750565162576,0.4496395784736514,0.39424638047098753,0.0010361179754849736,0,0,0,
2026-05-29,JNK,96.7699966430664,96.36112114768716,0.4243158345496923,0.3360801029304222,0.001552410393505843,0,0,0,
2026-06-01,JNK,96.16999816894533,95.6931529404816,0.4983065285353432,0.552451087494316,-0.006200253125296262,0,0,0,
2026-06-02,JNK,96.20999908447266,95.72592385552991,0.5056887512240799,0.5684282650320265,0.00041593965154351764,0,0,0,
2026-06-03,JNK,96.0,95.29809012115504,0.7365413912834992,1.2419052605428347,-0.002182715793275003,0,0,0,
2026-06-04,JNK,96.1500015258789,96.04370952186616,0.1106704484259267,-0.6334901561848862,0.0015625158945720141,0,0,0,
2026-06-05,JNK,95.7300033569336,95.22055973509828,0.5350143112501952,0.6157646220593738,-0.004368155613936886,0,0,0,
2026-06-08,JNK,95.8000030517578,95.0953860476132,0.7409581404841248,1.1995076724135285,0.0007312200184848017,0,0,0,
2021-06-03,TLT,138.00999450683594,137.5292739015133,0.34954056811707,,,0,0,0,
2021-06-04,TLT,139.89999389648438,139.55234358946953,0.24911821476646176,,0.013694655929826993,0,0,0,
2021-06-07,TLT,139.47000122070312,139.70694995454258,-0.16960411340778148,,-0.003073571798004604,0,0,0,
2021-06-08,TLT,140.4499969482422,141.00883207704214,-0.39631214624529937,,0.0070265700076124205,0,0,0,
2021-06-09,TLT,141.69000244140625,141.70168599590136,-0.008245176769064846,,0.008828803987948941,0,0,0,
2021-06-10,TLT,142.5399932861328,142.6431141630717,-0.07229292317677864,,0.005998947209264527,0,0,0,
2021-06-11,TLT,142.30999755859375,141.4802672353803,0.5864636386592583,,-0.001613552254610906,0,0,0,
2021-06-14,TLT,141.22000122070312,139.97048339065367,0.8927009465003324,,-0.007659309652098267,0,0,0,
2021-06-15,TLT,141.0500030517578,139.85025759094333,0.8578786206627472,,-0.0012037825200102992,0,0,0,
2021-06-16,TLT,140.92999267578125,139.4794582176345,1.039962784974003,,-0.0008508356850763787,0,0,0,
2021-06-17,TLT,143.0399932861328,141.75138705667266,0.9090607550421841,,0.014971977009931248,0,0,0,
2021-06-18,TLT,145.72999572753906,144.89593619378604,0.5756265880621637,,0.018805946362324466,0,0,0,
2021-06-21,TLT,143.2899932861328,142.8468945903718,0.31019133949789685,,-0.016743309633852954,0,0,0,
2021-06-22,TLT,143.63999938964844,143.3755855485999,0.1844204088421377,,0.0024426416352516522,0,0,0,
2021-06-23,TLT,143.27000427246094,143.72975392994024,-0.31987090001100793,,-0.002575850172373162,0,0,0,
2021-06-24,TLT,143.5,144.10057188472933,-0.416772728153883,,0.0016053306392151967,0,0,0,
2021-06-25,TLT,142.00999450683594,142.312180983126,-0.21234055595417028,,-0.010383313541213024,0,0,0,
2021-06-28,TLT,143.47000122070312,143.47567594469783,-0.003955181920096883,,0.010281013804256611,0,0,0,
2021-06-29,TLT,143.7100067138672,143.73399852145906,-0.016691811150225232,,0.001672861860472441,0,0,0,
2021-06-30,TLT,144.35000610351562,144.47615796082627,-0.08731673038042093,,0.004453408668491088,0,0,0,
2021-07-01,TLT,144.1699981689453,143.872304868367,0.20691494506234887,,-0.0012470240870043892,0,0,0,
2021-07-02,TLT,145.0399932861328,144.39262421334055,0.4483394330694959,,0.006034508762135182,0,0,0,
2021-07-06,TLT,146.74000549316406,145.82500895265093,0.6274620156616806,,0.011720989283814154,0,0,0,
2021-07-07,TLT,148.0399932861328,147.3394006884143,0.4754957563592257,,0.008859123240453348,0,0,0,
2021-07-08,TLT,148.6199951171875,147.52236091039543,0.7440459873461248,,0.003917872584157989,0,0,0,
2021-07-09,TLT,146.52999877929688,145.87461060093665,0.44928186999802566,,-0.014062686089059917,0,0,0,
2021-07-12,TLT,146.33999633789062,145.94497996830688,0.27066115577906424,,-0.001296679471706197,0,0,0,
2021-07-13,TLT,145.22000122070312,144.67642944711767,0.37571550228514755,,-0.007653376692736136,0,0,0,
2021-07-14,TLT,146.8699951171875,146.01625852353828,0.5846859810557271,,0.011362029215085556,0,0,0,
2021-07-15,TLT,148.49000549316406,147.45000438211147,0.705324571139017,,0.011030233743004825,0,0,0,
2021-07-16,TLT,148.2100067138672,147.4407657384011,0.5217288255481031,,-0.0018856405747104121,0,0,0,
2021-07-19,TLT,151.4600067138672,150.95645860631265,0.33357175453338245,,0.021928343922650306,0,0,0,
2021-07-20,TLT,150.0,150.05267303332175,-0.03510302899439581,,-0.009639552681556252,0,0,0,
2021-07-21,TLT,148.10000610351562,148.12125803553175,-0.014347658329386972,,-0.01266662597656254,0,0,0,
2021-07-22,TLT,149.5,149.30331202196885,0.13173718343382027,,0.009453030646776828,0,0,0,
2021-07-23,TLT,148.5,149.11727981383197,-0.41395592422462657,,-0.006688963210702337,0,0,0,
2021-07-26,TLT,148.05999755859375,147.78138245360847,0.1885319384346269,,-0.0029629794034090606,0,0,0,
2021-07-27,TLT,149.63999938964844,149.47685155508654,0.10914588637945227,,0.01067136199586538,0,0,0,
2021-07-28,TLT,149.64999389648438,149.9818502089471,-0.22126431431562793,,6.679034266698913e-05,0,0,0,
2021-07-29,TLT,148.82000732421875,148.76151507458914,0.03931947694958652,,-0.00554618513943772,0,0,0,
2021-07-30,TLT,149.52000427246094,148.93952021645595,0.3897448139764149,,0.004703648123851822,0,0,0,
2021-08-02,TLT,150.6699981689453,149.6597010850698,0.6750628770140596,,0.00769123771819058,0,0,0,
2021-08-03,TLT,150.75,150.74086928104575,0.006057228539149354,,0.0005309738635888017,0,0,0,
2021-08-04,TLT,151.05999755859375,151.02841926180056,0.02090884414174115,,0.002056368547885601,0,0,0,
2021-08-05,TLT,150.2899932861328,150.26288808770724,0.01803851820667281,,-0.005097340691815333,0,0,0,
2021-08-06,TLT,147.77999877929688,147.83306168265634,-0.0358937999088238,,-0.01670100884266612,0,0,0,
2021-08-09,TLT,147.25,147.35187717768486,-0.069138703650179,,-0.0035864040037543177,0,0,0,
2021-08-10,TLT,146.57000732421875,147.1595943540333,-0.40064464189546684,,-0.004617946864388767,0,0,0,
2021-08-11,TLT,146.47999572753906,146.54517391152828,-0.04447651345281911,,-0.0006141201622551495,0,0,0,
2021-08-12,TLT,146.24000549316406,146.6634960848486,-0.2887498273186712,,-0.0016383823141379317,0,0,0,
2021-08-13,TLT,148.5500030517578,149.8216098665172,-0.8487472640911587,,0.015795934572101267,0,0,0,
2021-08-16,TLT,148.91000366210938,149.4930192942643,-0.38999522178844653,,0.0024234305146808577,0,0,0,
2021-08-17,TLT,148.85000610351562,149.60952864704427,-0.5076698993688407,,-0.0004029115379641235,0,0,0,
2021-08-18,TLT,149.35000610351562,150.34291544491768,-0.6604297505231194,,0.0033590861907810687,0,0,0,
2021-08-19,TLT,150.4499969482422,150.88371300967285,-0.2874505490217183,,0.00736518781234019,0,0,0,
2021-08-20,TLT,150.5500030517578,151.13717992482964,-0.38850590792012074,,0.000664713230602576,0,0,0,
2021-08-23,TLT,150.4499969482422,151.20827119439525,-0.5014766984394772,,-0.0006642716804279303,0,0,0,
2021-08-24,TLT,149.27999877929688,149.88500716881177,-0.40364837080301635,,-0.007776657977253465,0,0,0,
2021-08-25,TLT,148.0399932861328,148.5068057764792,-0.31433743922080487,,-0.008306574914951237,0,0,0,
2021-08-26,TLT,148.4499969482422,148.16977991419338,0.1891188838986464,,0.002769546613778262,0,0,0,
2021-08-27,TLT,149.4600067138672,149.08791701791284,0.24957736575636605,,0.006803703512214598,0,0,0,
2021-08-30,TLT,149.85000610351562,149.69535697238123,0.1033092370145616,,0.0026093896168162267,0,0,0,
2021-08-31,TLT,148.8300018310547,148.91073150822174,-0.054213471621149874,-0.3642908035488317,-0.006806835041143211,0,0,0,
2021-09-01,TLT,148.88999938964844,149.4632417531031,-0.38353400925264763,-1.1116149302141407,0.00040312811836051843,0,0,0,
2021-09-02,TLT,149.5399932861328,150.02795495648996,-0.32524716510244145,-0.946602910272748,0.004365598086835343,0,0,0,
2021-09-03,TLT,148.17999267578125,148.57126113931304,-0.26335407031707214,-0.7959546864311108,-0.009094561130207568,0,0,0,
2021-09-07,TLT,146.92999267578125,147.3354934306988,-0.2752227216100326,-0.8319191883198712,-0.00843568674439743,0,0,0,
2021-09-08,TLT,147.92999267578125,148.03635547445984,-0.07184910648312959,-0.3512047795820616,0.006805962361998041,0,0,0,
2021-09-09,TLT,149.72000122070312,149.1539566638002,0.37950354758528326,0.6903039097011996,0.012100376080224962,0,0,0,
2021-09-10,TLT,148.39999389648438,147.96895833914394,0.2913013392663789,0.49933677575023455,-0.008816506234680777,0,0,0,
2021-09-13,TLT,149.3000030517578,149.3888686045044,-0.059486060492138726,-0.3035027427817465,0.00606475196960754,0,0,0,
2021-09-14,TLT,151.11000061035156,151.23169410281213,-0.08046824654217928,-0.32826955402209285,0.012123225194886844,0,0,0,
2021-09-15,TLT,150.5800018310547,151.23930279683145,-0.43593229642326675,-1.2119724433015513,-0.0035073706383174086,0,0,0,
2021-09-16,TLT,149.88999938964844,150.08796072339405,-0.1318968775319992,-0.3891543966398568,-0.004582298001167606,0,0,0,
2021-09-17,TLT,149.1699981689453,150.02381812671874,-0.5691229355676305,-1.5374903120876022,-0.004803530746780749,-1,0,0,
2021-09-20,TLT,151.02000427246094,151.1995412386222,-0.11874174001488616,-0.28638068582000864,0.012401998566899275,0,0,0,
2021-09-21,TLT,150.88999938964844,150.815511591769,0.04939001107596106,0.18319658411937845,-0.0008608454452030401,0,0,0,
2021-09-22,TLT,151.7899932861328,152.61015441220667,-0.5374223813826733,-1.4123185875293864,0.005964569554807175,0,0,0,
2021-09-23,TLT,148.36000061035156,149.89670463993,-1.0251753254147777,-2.5895862507963483,-0.022596961772806234,-1,-1,-1,
2021-09-24,TLT,146.91000366210938,148.65142298116606,-1.1714784050720621,-2.748368915098712,-0.009773503250720683,-1,-1,-1,
2021-09-27,TLT,146.3699951171875,148.28553652446112,-1.2917924783295607,-2.7943281714107253,-0.0036757779011692415,-1,-1,-1,
2021-09-28,TLT,144.08999633789062,145.63178314911667,-1.0586884112016712,-2.1404085116393428,-0.015576954672106513,-1,-1,0,
2021-09-29,TLT,144.33999633789062,146.51366722636038,-1.483595987745965,-2.819455517831617,0.0017350267635078964,-1,-1,-1,
2021-09-30,TLT,144.32000732421875,146.0683127568034,-1.1969094457163347,-2.1132635891531413,-0.00013848561853280206,-1,-1,0,
2021-10-01,TLT,145.35000610351562,147.73212829194813,-1.6124604823433912,-2.718720845654331,0.007136909139582759,-1,-1,-1,
2021-10-04,TLT,144.97999572753906,146.55641064634577,-1.0756369590756019,-1.6555867150688837,-0.002545650914614006,-1,0,0,
2021-10-05,TLT,143.5800018310547,145.46152421957325,-1.293484581997378,-1.9687303389600588,-0.009656462530978294,-1,0,0,
2021-10-06,TLT,144.38999938964844,145.87335246510992,-1.0168773462694423,-1.4254789798433647,0.0056414371657889095,0,0,0,
2021-10-07,TLT,142.8800048828125,144.05585883883984,-0.8162486173802946,-1.0240915903202064,-0.010457749935721572,0,0,0,
2021-10-08,TLT,141.8800048828125,142.51512083797388,-0.4456481188992206,-0.31988079168707395,-0.006998879939990044,0,0,0,
2021-10-11,TLT,141.52000427246094,141.33054470689095,0.13405422441618356,0.7728140204982146,-0.002537359726262456,0,0,0,
2021-10-12,TLT,143.94000244140625,143.6460493115984,0.2046371140846348,0.9302468574868301,0.0171000430743784,0,0,0,
2021-10-13,TLT,145.33999633789062,145.06838339559073,0.1872309706238524,0.933774793676608,0.009726232268574941,0,0,0,
2021-10-14,TLT,145.8800048828125,146.69791454466696,-0.5575468911014536,-0.4932249846994938,0.0037154847841500693,0,0,0,
2021-10-15,TLT,145.02999877929688,146.40128602450994,-0.9366633876313714,-1.2077582274662129,-0.005826748526629455,0,0,0,
2021-10-18,TLT,145.7100067138672,146.90725954517237,-0.8149718638901137,-0.9369789895463322,0.004688739848954571,0,0,0,
2021-10-19,TLT,143.6999969482422,144.77374386008822,-0.7416724077286533,-0.7679243192504066,-0.013794589753688524,0,0,0,
2021-10-20,TLT,142.72999572753906,143.86878524040625,-0.7915473192911597,-0.8390551652070035,-0.00675018261171223,0,0,0,
2021-10-21,TLT,142.55999755859375,143.62030124135563,-0.7382686664749649,-0.7203029231756093,-0.0011910472502908442,0,0,0,
2021-10-22,TLT,144.1300048828125,144.8441243812883,-0.4930262111260784,-0.21738876830064804,0.011012958411236395,0,0,0,
2021-10-25,TLT,143.91000366210938,145.05223267561453,-0.787460484017206,-0.7777713985897123,-0.0015264081957258036,0,0,0,
2021-10-26,TLT,145.10000610351562,146.1619496684482,-0.7265526816941488,-0.6385909029717969,0.008269073803933047,0,0,0,
2021-10-27,TLT,147.74000549316406,148.61648981793715,-0.5897624993342437,-0.3479846824480428,0.018194343753266562,0,0,0,
2021-10-28,TLT,147.24000549316406,147.5555430613715,-0.2138432495729473,0.43324905268349273,-0.003384323686268842,0,0,0,
2021-10-29,TLT,147.69000244140625,148.60124327956996,-0.6132121226262891,-0.35643091453802517,0.003056213878388281,0,0,0,
2021-11-01,TLT,146.44000244140625,147.56443219315915,-0.761992395485276,-0.6505658743401236,-0.008463673771661795,0,0,0,
2021-11-02,TLT,147.08999633789062,147.742516880865,-0.44166063821732815,0.05190335446730862,0.004438636203550006,0,0,0,
2021-11-03,TLT,145.57000732421875,146.3211952271505,-0.5133828368238759,-0.08563363132143531,-0.010333734798525729,0,0,0,
2021-11-04,TLT,147.10000610351562,147.21826930392572,-0.08033187794508631,0.861448825250063,0.010510398449655955,0,0,0,
2021-11-05,TLT,149.3000030517578,149.67961526503458,-0.2536165079022956,0.49163903200222947,0.014955791005841546,0,0,0,
2021-11-08,TLT,149.02000427246094,149.31935735375137,-0.20047841525411791,0.5995971869366288,-0.0018754104057171483,0,0,0,
2021-11-09,TLT,150.9600067138672,151.4311564797401,-0.31113132648891695,0.36907079899625417,0.013018402803554041,0,0,0,
2021-11-10,TLT,148.1999969482422,147.64989005337014,0.3725752147009392,1.8034982124133674,-0.0182830527482446,1,0,0,
2021-11-11,TLT,147.97999572753906,147.8970718705257,0.05606862662294621,1.089132389731654,-0.0014844886992808615,0,0,0,
2021-11-12,TLT,147.3300018310547,147.24681262062634,0.056496442230418026,1.0650357361133638,-0.0043924443522835865,0,0,0,
2021-11-15,TLT,145.47999572753906,144.846045912376,0.43767146777797067,1.7910374810829581,-0.01255688644894648,1,0,0,
2021-11-16,TLT,145.11000061035156,144.6055854689672,0.34882134030196604,1.5466553431588603,-0.0025432714328672557,1,0,0,
2021-11-17,TLT,146.25999450683594,146.00217786490867,0.1765841069616189,1.1706557513930613,0.007924980302166373,0,0,0,
2021-11-18,TLT,146.80999755859375,146.1400019608958,0.4584614675708201,1.6683920899789664,0.003760447644021392,1,0,0,
2021-11-19,TLT,148.36000061035156,147.97182921324003,0.26232790334175465,1.245591877442194,0.010557884868427792,0,0,0,
2021-11-22,TLT,146.6199951171875,147.07991920662565,-0.3127035233083185,0.13270146825295534,-0.01172826561071516,0,0,0,
2021-11-23,TLT,144.5,144.93443824696638,-0.2997481152313178,0.1572510965797699,-0.014459113270963275,0,0,0,
2021-11-24,TLT,146.82000732421875,146.90493617784847,-0.057812117032542396,0.6360266444763477,0.016055414008434354,0,0,0,
2021-11-26,TLT,150.52999877929688,150.26583749711537,0.1757959670551036,1.0951707483886464,0.02526897745540535,0,0,0,
2021-11-29,TLT,149.32000732421875,149.69219808838716,-0.24863738319123677,0.2810422136497307,-0.008038208097325361,0,0,0,
2021-11-30,TLT,151.58999633789062,151.07332014778655,0.34200359772237965,1.4090559177025748,0.015202175879505786,0,0,0,
2021-12-01,TLT,152.33999633789062,152.07213558008038,0.17614059064041093,1.0607333349864543,0.004947556026904776,0,0,0,
2021-12-02,TLT,152.52999877929688,152.15323418098157,0.24762181385323342,1.1672706352617672,0.001247226243755506,0,0,0,
2021-12-03,TLT,154.35000610351562,153.31146449860017,0.6774063559512432,1.8964689750981292,0.011932127049002483,1,0,0,
2021-12-06,TLT,152.22999572753906,151.477122166431,0.49702129954704516,1.5128638175082283,-0.013735084497209282,1,0,0,
2021-12-07,TLT,151.0,150.85050888126003,0.09909884948259844,0.7866287543261115,-0.008079851291203477,0,0,0,
2021-12-08,TLT,148.38999938964844,148.48991628089396,-0.06728867100747614,0.5056849255381919,-0.017284772253983838,0,0,0,
2021-12-09,TLT,149.22000122070312,149.87275413049088,-0.43553807599973304,-0.14586341130197158,0.0055933811878738915,0,0,0,
2021-12-10,TLT,148.86000061035156,149.75866140800474,-0.6000726697234918,-0.43355099118064083,-0.0024125493057670644,0,0,0,
2021-12-13,TLT,151.05999755859375,152.55827351908877,-0.9821007579163189,-1.1029152192217637,0.014778966406165717,0,0,0,
2021-12-14,TLT,150.6999969482422,152.32982297690484,-1.0699323328891095,-1.2297717109651989,-0.002383163088639173,0,0,0,
2021-12-15,TLT,149.25,150.18877702807598,-0.625064699674918,-0.41197966049569346,-0.009621745040513718,0,0,0,
2021-12-16,TLT,149.13999938964844,150.73054368570243,-1.0552236176965788,-1.1633707648695102,-0.0007370225149183618,0,0,0,
2021-12-17,TLT,150.8300018310547,152.01195001902525,-0.7775363633073806,-0.6471036904035699,0.01133165112191592,0,0,0,
2021-12-20,TLT,149.6999969482422,151.40940623258336,-1.128998076721413,-1.232987075052696,-0.0074919105555553145,0,0,0,
2021-12-21,TLT,149.1300048828125,150.8257856909375,-1.1243308300079926,-1.1943030878270398,-0.0038075623049395046,0,0,0,
2021-12-22,TLT,149.82000732421875,151.65491914168518,-1.209925683816526,-1.3310908166883249,0.004626851866252224,0,0,0,
2021-12-23,TLT,148.52000427246094,150.34136677464292,-1.21148459752408,-1.330759286226928,-0.008677099106960573,0,0,0,
2021-12-27,TLT,148.8800048828125,150.84543706895388,-1.3029444074221177,-1.4889476804069741,0.0024239200107423198,0,0,0,
2021-12-28,TLT,148.2899932861328,150.02566377877784,-1.1569157229021707,-1.2283084806041455,-0.003963000922414639,0,0,0,
2021-12-29,TLT,146.6699981689453,147.69077260751408,-0.6911565431927537,-0.4537880205176267,-0.010924507320339782,0,0,0,
2021-12-30,TLT,147.89999389648438,148.57613181882314,-0.45507842616555977,-0.055617982095848666,0.008386144016462538,0,0,0,
2021-12-31,TLT,148.19000244140625,148.84111298367245,-0.43745342211840427,-0.05976918546003617,0.001960842169641097,0,0,0,
2022-01-03,TLT,144.3000030517578,144.2416867617433,0.04042956743208573,0.8108521926367918,-0.026250079799995496,0,0,0,
2022-01-04,TLT,143.6999969482422,143.41949261711892,0.19558312890711363,1.0759378604651602,-0.004158046367472412,0,0,0,
2022-01-05,TLT,142.9199981689453,142.321523748433,0.4205087219064383,1.4575389086706807,-0.005427966568279152,0,0,0,
2022-01-06,TLT,143.2899932861328,142.40446679462357,0.6218389854205556,1.7644568679013244,0.002588826769715835,1,0,0,
2022-01-07,TLT,142.25999450683594,141.12581562546677,0.8036650674736643,2.0003408567777488,-0.007188211512021536,1,1,0,
2022-01-10,TLT,142.61000061035156,141.61198345606658,0.7047547318582704,1.766638354676396,0.002460326986015726,1,0,0,
2022-01-11,TLT,143.55999755859375,143.26671268154018,0.20471250548303757,0.8783605326636063,0.0066615030094405725,0,0,0,
2022-01-12,TLT,143.00999450683594,143.32856329769942,-0.22226469276873986,0.1321881177118394,-0.003831172061237509,0,0,0,
2022-01-13,TLT,144.27999877929688,145.26369391824653,-0.6771789374317257,-0.675874948237511,0.008880528083652361,0,0,0,
2022-01-14,TLT,142.10000610351562,143.035897420541,-0.6543052016332364,-0.6477824636653976,-0.01510945865140989,0,0,0,
2022-01-18,TLT,140.10000610351562,140.93410346938657,-0.5918350103615104,-0.5445429507007427,-0.014074594750847935,0,0,0,
2022-01-19,TLT,141.07000732421875,142.139912555117,-0.7527127403313862,-0.8343666671960259,0.006923634392895117,0,0,0,
2022-01-20,TLT,141.94000244140625,143.10920443494908,-0.81699985557134,-0.9489844894529431,0.006167116126874594,0,0,0,
2022-01-21,TLT,143.6300048828125,143.9105424813486,-0.19493887918077482,0.1579408525886588,0.011906456336041593,0,0,0,
2022-01-24,TLT,142.4499969482422,142.8356874627056,-0.2700239144115321,0.015454296161225163,-0.008215608817482623,0,0,0,
2022-01-25,TLT,142.22000122070312,141.91219893562322,0.21689628332764574,0.8707944969979522,-0.0016145716564853752,0,0,0,
2022-01-26,TLT,140.5,140.29595204049886,0.14544108830897495,0.7170515341436278,-0.012093947447194497,0,0,0,
2022-01-27,TLT,143.0800018310547,143.1624019408741,-0.05755708810575036,0.333178327224421,0.018363002356261093,0,0,0,
2022-01-28,TLT,143.1300048828125,143.023617711659,0.07438433795457516,0.5639174035478745,0.00034947617499225814,0,0,0,
2022-01-31,TLT,142.38999938964844,142.25889213977706,0.09216102269554935,0.5765424326477143,-0.005170163263600425,0,0,0,
2022-02-01,TLT,141.72000122070312,141.34148807154867,0.26780045570402505,0.868001882361967,-0.004705373774964827,0,0,0,
2022-02-02,TLT,142.1999969482422,141.7451775121207,0.32087118878001386,0.9372898869548876,0.003386930026846091,0,0,0,
2022-02-03,TLT,141.08999633789062,140.95162445077864,0.09816977111910283,0.5161881307926723,-0.0078059116327237055,0,0,0,
2022-02-04,TLT,139.00999450683594,138.49528475860222,0.37164423982437667,0.9914870999597356,-0.014742376391260081,0,0,0,
2022-02-07,TLT,139.10000610351562,138.7436973500808,0.2568107670763495,0.7666077119662792,0.0006475188852357316,0,0,0,
2022-02-08,TLT,138.1699981689453,137.93456879884968,0.17068191980137895,0.5999898892415362,-0.006685894275793358,0,0,0,
2022-02-09,TLT,138.42999267578125,138.8867460639482,-0.32886751335988107,-0.29178155236766334,0.0018817001540234468,0,0,0,
2022-02-10,TLT,136.22999572753906,136.53023341710633,-0.2199056443784344,-0.08099157990086532,-0.015892487644601938,0,0,0,
2022-02-11,TLT,138.25,138.91764430562736,-0.4806043961978682,-0.534309941482145,0.01482789646783056,0,0,0,
2022-02-14,TLT,136.52999877929688,136.5772770182327,-0.03461647498618674,0.27038041602984764,-0.012441238486098571,0,0,0,
2022-02-15,TLT,134.97999572753906,135.3268815438498,-0.25633178889024383,-0.10991202811875395,-0.011352838684657307,0,0,0,
2022-02-16,TLT,135.77999877929688,136.3982208846527,-0.4532479246035193,-0.44767530317631316,0.005926826767520765,0,0,0,
2022-02-17,TLT,136.7899932861328,137.8897928618389,-0.79759317414311,-1.044355294238529,0.007438463071999468,0,0,0,
2022-02-18,TLT,138.22999572753906,138.8062737737868,-0.41516714668597304,-0.3265992618991902,0.01052710367778209,0,0,0,
2022-02-22,TLT,138.58999633789062,138.37584654393723,0.15475951858794898,0.7287578335388162,0.002604359556381386,0,0,0,
2022-02-23,TLT,136.67999267578125,136.41339002034994,0.19543730669807566,0.7851373063996817,-0.013781684916512105,0,0,0,
2022-02-24,TLT,136.77000427246094,136.1610085274127,0.4472614822955287,1.2116623007914886,0.0006585572249275806,0,0,0,
2022-02-25,TLT,136.8699951171875,136.09932661860185,0.566254453811762,1.3883688495620874,0.0007310875309134435,0,0,0,
2022-02-28,TLT,139.8699951171875,139.14100757837087,0.5239199798133016,1.2899036299645608,0.02191860968089765,0,0,0,
2022-03-01,TLT,141.3000030517578,141.24902744209297,0.03608917568352398,0.4172165988451135,0.010223836308653755,0,0,0,
2022-03-02,TLT,136.47000122070312,136.47647432186244,-0.004743016106973376,0.3570515703180304,-0.03418260245391125,0,0,0,
2022-03-03,TLT,137.86000061035156,137.828831309638,0.02261449975117943,0.4110884286393938,0.010185384166594202,0,0,0,
2022-03-04,TLT,140.24000549316406,139.83655906052812,0.2885128433840496,0.8836171430341888,0.017263926246013694,0,0,0,
2022-03-07,TLT,139.1699981689453,138.5669990466685,0.4351679161888413,1.1630669361069688,-0.007629829451703096,0,0,0,
2022-03-08,TLT,137.77000427246094,137.01580759158549,0.5504450137049512,1.3662628531355985,-0.010059595565883761,0,0,0,
2022-03-09,TLT,136.4199981689453,135.65050330860254,0.5672628125766606,1.3652907963988063,-0.009798984261086163,0,0,0,
2022-03-10,TLT,134.4600067138672,133.50730919892948,0.7135920277729259,1.5708019751482258,-0.014367332366115648,1,0,0,
2022-03-11,TLT,134.91000366210938,134.21953883499685,0.5144294438094783,1.1863290133834712,0.003346697350683492,0,0,0,
2022-03-14,TLT,131.75999450683594,131.47311044175143,0.21820740691429064,0.6549504013047447,-0.02334896649445528,0,0,0,
2022-03-15,TLT,131.52999877929688,130.85524411845282,0.5156496901517047,1.1329142557469503,-0.0017455657037624972,0,0,0,
2022-03-16,TLT,132.82000732421875,132.024076020877,0.6028683004877724,1.2490080543975262,0.009807713501818416,0,0,0,
2022-03-17,TLT,131.8300018310547,131.07793685511007,0.5737540534956176,1.159636041982979,-0.007453737679349981,0,0,0,
2022-03-18,TLT,133.44000244140625,132.87117082078964,0.428107630197539,0.8802394688160394,0.012212702632097727,0,0,0,
2022-03-21,TLT,130.35000610351562,130.52241933258048,-0.1320947236087749,-0.1309948540585639,-0.023156446952610432,0,0,0,
2022-03-22,TLT,128.67999267578125,129.12790572455705,-0.34687548463091067,-0.5539034395538548,-0.01281176332594991,0,0,0,
2022-03-23,TLT,131.5,131.82342487018565,-0.24534703942348857,-0.40516445116420124,0.021914885644452653,0,0,0,
2022-03-24,TLT,130.47000122070312,130.9976410773007,-0.40278576946757216,-0.7579539258521214,-0.007832690336858406,0,0,0,
2022-03-25,TLT,128.66000366210938,129.1473438991187,-0.37735211758595066,-0.7660380348058904,-0.013872902135809384,0,0,0,
2022-03-28,TLT,129.75999450683594,130.29654127778414,-0.4117889590056897,-0.9159762397210709,0.008549594383779002,0,0,0,
2022-03-29,TLT,130.74000549316406,131.4973069683288,-0.5759064520972434,-1.3486849757013735,0.007552489425209474,0,0,0,
2022-03-30,TLT,131.75999450683594,132.6024850178196,-0.6353504693900983,-1.4907081720003525,0.0078016595595538085,0,0,0,
2022-03-31,TLT,132.0800018310547,132.5779933498798,-0.375621553956454,-0.9032799100637293,0.002428713855191722,0,0,0,
2022-04-01,TLT,132.3800048828125,132.8376980589718,-0.34455066810635954,-0.8382270617641989,0.0022713737704331827,0,0,0,
2022-04-04,TLT,131.4600067138672,131.7741483356164,-0.23839396855680037,-0.5826096027249863,-0.006949676197396504,0,0,0,
2022-04-05,TLT,128.49000549316406,127.86546060145317,0.4884390896283992,1.0631112689848277,-0.022592431682797343,0,0,0,
2022-04-06,TLT,127.4499969482422,126.71497050471864,0.5800628296687287,1.2575931443242234,-0.0080940812550373,0,0,0,
2022-04-07,TLT,126.48999786376952,126.0258591558028,0.368288469585363,0.7963826181448255,-0.007532358630518821,0,0,0,
2022-04-08,TLT,125.12000274658205,124.02090393838948,0.8862206074054824,1.9634801690526313,-0.010830857303539276,1,0,0,
2022-04-11,TLT,123.13999938964844,122.28182495682668,0.7018004786277485,1.5456115496208687,-0.01582483466647544,1,0,0,
2022-04-12,TLT,122.97000122070312,122.0154048520752,0.7823572521725584,1.670428121058705,-0.0013805276091272134,1,0,0,
2022-04-13,TLT,123.22000122070312,122.41484170891752,0.6577303050394343,1.345959259817377,0.00203301616262741,0,0,0,
2022-04-14,TLT,120.75,119.71388989590696,0.8654886287580783,1.7396077213760304,-0.020045456875779633,1,0,0,
2022-04-18,TLT,120.1500015258789,118.5609237473796,1.340304822426304,2.60491574356056,-0.00496893146270061,1,1,1,
2022-04-19,TLT,119.25,118.23675045692087,0.8569666699765234,1.5384011323584528,-0.0074906493087730786,1,0,0,
2022-04-20,TLT,121.6500015258789,120.05919952831069,1.325014662614921,2.3985699341625724,0.02012579895915234,1,1,0,
2022-04-21,TLT,120.75,119.47580262165086,1.0664899087426083,1.8176546096248687,-0.007398286186518832,1,0,0,
2022-04-22,TLT,119.98999786376952,118.62802771546494,1.1481014854021934,1.8937090995937396,-0.006294013550563027,1,0,0,
2022-04-25,TLT,121.19000244140624,120.22673060381284,0.8012127026623539,1.1575293733883916,0.010000871730984962,0,0,0,
2022-04-26,TLT,122.41000366210938,122.07497483665392,0.2744451316936564,0.09958441066019184,0.010066847067628393,0,0,0,
2022-04-27,TLT,120.83999633789062,120.81280087225196,0.022510417308697545,-0.4011157238911881,-0.012825808980060693,0,0,0,
2022-04-28,TLT,121.0199966430664,121.30357128707854,-0.23377270842341713,-0.9049409375984893,0.0014895755596719962,0,0,0,
2022-04-29,TLT,119.4499969482422,118.97821714369064,0.3965262010791339,0.3416910249664424,-0.012973060141909687,0,0,0,
2022-05-02,TLT,117.18000030517578,117.1074923114138,0.06191575989790125,-0.32434971200985907,-0.019003739648901008,0,0,0,
2022-05-03,TLT,117.97000122070312,117.39095177421429,0.4932658247822729,0.5270534469999149,0.0067417726017231505,0,0,0,
2022-05-04,TLT,118.62000274658205,118.62443365203784,-0.0037352384490943963,-0.4504317201016157,0.005509888269500607,0,0,0,
2022-05-05,TLT,115.37000274658205,115.2087677722237,0.1399502637482629,-0.16645205535806798,-0.027398414472669108,0,0,0,
2022-05-06,TLT,113.66999816894533,113.79566225440207,-0.11042959192575613,-0.6468453455159544,-0.014735239119053278,0,0,0,
2022-05-09,TLT,114.66999816894533,115.0787269207018,-0.35517316075117544,-1.1013873283403965,0.008797396112505629,0,0,0,
2022-05-10,TLT,115.70999908447266,115.37533971469765,0.29006143826103825,0.16038558551035556,0.009069511922334517,0,0,0,
2022-05-11,TLT,117.94000244140624,117.53436525514778,0.3451221992630735,0.24953307139095487,0.019272347891953423,0,0,0,
2022-05-12,TLT,117.72000122070312,116.7955527478594,0.7915099942541813,1.0966501108452975,-0.001865365576979805,0,0,0,
2022-05-13,TLT,115.9800033569336,115.36968355501072,0.5290122873847153,0.5555123948913261,-0.014780817581774852,0,0,0,
2022-05-16,TLT,115.86000061035156,115.4682957646796,0.3392315120595942,0.16477468496214873,-0.0010346848000402087,0,0,0,
2022-05-17,TLT,114.45999908447266,114.3175103177164,0.12464299332643566,-0.27951181788920876,-0.012083562217363064,0,0,0,
2022-05-18,TLT,116.9000015258789,116.72877086742106,0.14669104898939242,-0.25854784325568575,0.021317512326778143,0,0,0,
2022-05-19,TLT,117.18000030517578,117.23537817476438,-0.04723648309134479,-0.707157071426464,0.0023951991072890255,0,0,0,
2022-05-20,TLT,118.51000213623048,118.31907124936782,0.16136949423838529,-0.28703069368139944,0.011350075333597331,0,0,0,
2022-05-23,TLT,116.55999755859376,116.6103839742112,-0.04320920135944485,-0.7216670947527192,-0.01645434598334694,0,0,0,
2022-05-24,TLT,118.86000061035156,118.5362106869816,0.2731569716067519,-0.040136016092213754,0.01973235329386136,0,0,0,
2022-05-25,TLT,119.33000183105467,118.67935441547732,0.5482397665389561,0.5506616563584021,0.003954242119212692,0,0,0,
2022-05-26,TLT,118.79000091552734,117.9926689558886,0.6757470330100096,0.8201261042114203,-0.004525273671677765,0,0,0,
2022-05-27,TLT,119.08000183105467,118.4395067865465,0.5407782098100772,0.5286317307804018,0.00244129062456655,0,0,0,
2022-05-31,TLT,116.55999755859376,116.37146295793258,0.16201102561487887,-0.29193978055590697,-0.0211622794231745,0,0,0,
2022-06-01,TLT,116.22000122070312,116.0877527574976,0.11392111576299466,-0.40063541152530124,-0.0029169212852782067,0,0,0,
2022-06-02,TLT,116.27999877929688,115.8951591223895,0.3320584395599902,0.06060712806701818,0.0005162412490411494,0,0,0,
2022-06-03,TLT,116.02999877929688,116.2466194657951,-0.18634579439273138,-1.0380022338584782,-0.002149982822708063,0,0,0,
2022-06-06,TLT,113.88999938964844,114.2097410373116,-0.2799600496061951,-1.2012438906852594,-0.018443500923575606,0,0,0,
2022-06-07,TLT,115.12000274658205,115.360774610861,-0.2087120731384951,-1.0181189943946605,0.010799924168279462,0,0,0,
2022-06-08,TLT,114.0999984741211,114.89607103122498,-0.6928631675207912,-1.9421539247136546,-0.008860356568148542,-1,0,0,
2022-06-09,TLT,114.4800033569336,114.98931954432136,-0.44292477719329165,-1.379622501686993,0.0033304547580574884,0,0,0,
2022-06-10,TLT,113.7699966430664,113.92523645123012,-0.1362646354744848,-0.7330594224660669,-0.006202015138429773,0,0,0,
2022-06-13,TLT,110.1999969482422,110.24711611874932,-0.04273959461793392,-0.5333485320293628,-0.031379096424028696,0,0,0,
2022-06-14,TLT,108.80999755859376,108.71565482443675,0.08677934590870343,-0.25759100539776275,-0.012613424937763629,0,0,0,
2022-06-15,TLT,110.83999633789062,110.5192984893415,0.2901736193883448,0.16664895103576097,0.01865636269501536,0,0,0,
2022-06-16,TLT,111.72000122070312,111.69171074663149,0.025329072213617423,-0.3577046913926373,0.007939416382962028,0,0,0,
2022-06-17,TLT,112.08000183105467,111.74168398433378,0.3027678075518623,0.21527196704005438,0.0032223469962229245,0,0,0,
2022-06-21,TLT,110.18000030517578,109.89701390237371,0.2575014486321308,0.11008145763659329,-0.016952190353662577,0,0,0,
2022-06-22,TLT,113.20999908447266,112.9748215433478,0.20816810145136547,-0.009792303238691616,0.027500442647525825,0,0,0,
2022-06-23,TLT,114.13999938964844,113.8093288468511,0.290547836585792,0.14507257549261676,0.008214824774283924,0,0,0,
2022-06-24,TLT,112.55999755859376,111.86704928640432,0.6194391258281424,0.8079667108712152,-0.013842665494161244,0,0,0,
2022-06-27,TLT,111.5999984741211,110.96898449467882,0.5686399513483255,0.6756365436190889,-0.00852877669949248,0,0,0,
2022-06-28,TLT,112.12000274658205,111.5097548269692,0.5472596729853576,0.6056808785141011,0.004659536555294164,0,0,0,
2022-06-29,TLT,113.87000274658205,114.21606353891364,-0.3029878474262908,-1.2654612861717196,0.015608276463883186,0,0,0,
2022-06-30,TLT,114.87000274658205,115.02771599945956,-0.13710891458390326,-0.9425042243505606,0.008781944110649587,0,0,0,
2022-07-01,TLT,115.81999969482422,116.49524412105882,-0.5796326118969307,-1.910810442843817,0.008270191743078303,-1,0,0,
2022-07-05,TLT,116.7300033569336,117.70172481383288,-0.8255796237788753,-2.365362065802233,0.007857051152712513,-1,-1,0,
2022-07-06,TLT,114.7699966430664,115.6692305974843,-0.7774184627778203,-2.175621453733518,-0.016790941981505325,-1,-1,0,
2022-07-07,TLT,113.76000213623048,114.81868402552972,-0.9220467019669385,-2.325859645782823,-0.008800161508908944,-1,-1,0,
2022-07-08,TLT,112.5,113.9835717605675,-1.3015663026281303,-2.8317621100878547,-0.011075967937496989,-1,-1,-1,
2022-07-11,TLT,114.44000244140624,115.13685193480951,-0.6052358403874321,-1.4711903282080385,0.017244466145833304,0,0,0,
2022-07-12,TLT,115.12000274658205,115.68731970096124,-0.4903881910702444,-1.2206949136152383,0.005941980869180519,0,0,0,
2022-07-13,TLT,116.44000244140624,116.72881191667872,-0.24741918514397254,-0.746999177212187,0.011466293114411608,0,0,0,
2022-07-14,TLT,115.48999786376952,115.7129019475354,-0.192635462436979,-0.6218431686922578,-0.008158747489848017,0,0,0,
2022-07-15,TLT,116.13999938964844,115.77735973419442,0.3132215627360809,0.33473074153603527,0.005628206233458055,0,0,0,
2022-07-18,TLT,114.93000030517578,114.7461556600916,0.16021856595246206,0.06934344288583824,-0.010418452650521548,0,0,0,
2022-07-19,TLT,114.30999755859376,114.31765225895698,-0.006695991574318587,-0.21821086388203106,-0.005394611893637102,0,0,0,
2022-07-20,TLT,114.61000061035156,114.81631388223109,-0.1796898584387075,-0.5398910440221167,0.0026244690592702735,0,0,0,
2022-07-21,TLT,116.58999633789062,117.53108942812138,-0.8007184267668145,-1.782403509726654,0.017275942038170067,-1,0,0,
2022-07-22,TLT,118.5500030517578,119.19287196315416,-0.5393518092215208,-1.2141732174761617,0.016811105372941837,0,0,0,
2022-07-25,TLT,117.38999938964844,117.5481546783908,-0.13454510551447915,-0.31756313716421136,-0.009784931524657314,0,0,0,
2022-07-26,TLT,117.4800033569336,117.49032371812322,-0.00878400949374157,-0.0055247456219437345,0.0007667089850338371,0,0,0,
2022-07-27,TLT,116.81999969482422,116.9935990817066,-0.14838366222168067,-0.3138206441718723,-0.0056180085397522506,0,0,0,
2022-07-28,TLT,117.75,118.03964903885964,-0.2453828363758362,-0.5278006510655515,0.007960968221240261,0,0,0,
2022-07-29,TLT,117.43000030517578,117.77713793425346,-0.29474109760712724,-0.6389803299232901,-0.0027176194889529937,0,0,0,
2022-08-01,TLT,120.04000091552734,119.80069993947538,0.19974923032408165,0.51412615024519,0.022226012122700478,0,0,0,
2022-08-02,TLT,117.5,117.37689005304983,0.10488431487196909,0.2919364685148175,-0.021159620927650225,0,0,0,
2022-08-03,TLT,119.3499984741211,119.17692335430267,0.14522536322227708,0.4027025933295778,0.015744667864860284,0,0,0,
2022-08-04,TLT,119.30999755859376,119.83149450962355,-0.43519189438792166,-0.9371599756751937,-0.00033515639747583315,0,0,0,
2022-08-05,TLT,116.47000122070312,116.62738579124482,-0.13494649603430373,-0.2273377002013716,-0.023803506797457574,0,0,0,
2022-08-08,TLT,118.3499984741211,118.58759047567558,-0.20035148753884457,-0.3762549459436828,0.016141471913059258,0,0,0,
2022-08-09,TLT,117.88999938964844,117.60565021280468,0.24178190106447983,0.632984518372062,-0.003886768824701292,0,0,0,
2022-08-10,TLT,117.12000274658205,117.4220337310761,-0.2572183217212659,-0.5124862400102254,-0.006531483985519504,0,0,0,
2022-08-11,TLT,114.38999938964844,114.24144778510716,0.13003301990772553,0.40354030354656206,-0.023309454345220915,0,0,0,
2022-08-12,TLT,115.5500030517578,115.95365616278151,-0.3481158976626374,-0.6980020498608455,0.010140778637108161,0,0,0,
2022-08-15,TLT,115.4499969482422,115.14370466055364,0.2660087137125912,0.8073494704854994,-0.0008654790209811081,0,0,0,
2022-08-16,TLT,115.93000030517578,115.88190627522658,0.04150262236364269,0.2713896516490617,0.004157673188581956,0,0,0,
2022-08-17,TLT,114.72000122070312,114.47433139321464,0.21460691187146444,0.6932984392414637,-0.010437324948567528,0,0,0,
2022-08-18,TLT,114.88999938964844,115.07660459977392,-0.16215738270561092,-0.22222611667015452,0.001481852921342508,0,0,0,
2022-08-19,TLT,113.04000091552734,113.92007393466824,-0.7725355055910564,-1.659972378313385,-0.016102345582289068,-1,0,0,
2022-08-22,TLT,112.66000366210938,112.8929943978387,-0.20638192562087923,-0.28252701447895506,-0.0033616175720126984,0,0,0,
2022-08-23,TLT,112.04000091552734,112.35326925263054,-0.2788244073243657,-0.4477225548874554,-0.005503308418500885,0,0,0,
2022-08-24,TLT,111.22000122070312,111.30420840281302,-0.07565498494463435,0.05579199579583497,-0.007318811925416391,0,0,0,
2022-08-25,TLT,112.7699966430664,112.50784800358711,0.23300475845110316,0.8291416763535008,0.013936301073109059,0,0,0,
2022-08-26,TLT,113.62000274658205,113.07439647756526,0.4825197268464209,1.4703624040861196,0.007537519985976626,0,0,0,
2022-08-29,TLT,112.68000030517578,112.4172110559442,0.23376246996628605,0.8752875023813264,-0.008273212627030513,0,0,0,
2022-08-30,TLT,112.95999908447266,112.62633796563082,0.2962549656401437,1.0234476394338745,0.002484902187952942,0,0,0,
2022-08-31,TLT,111.87999725341795,111.16209220805897,0.6458182201314696,1.8359516718042705,-0.009560922802832716,1,0,0,
2022-09-01,TLT,109.5999984741211,108.8664973897846,0.673761994666068,1.854540841762338,-0.020378967065332154,1,0,0,
2022-09-02,TLT,110.22000122070312,109.4654148347364,0.689337711921105,1.8087752373042445,0.005656959445381915,1,0,0,
2022-09-06,TLT,107.48999786376952,106.87992416521378,0.5708028924241119,1.4746842288287432,-0.024768674711471705,0,0,0,
2022-09-07,TLT,109.19000244140624,108.53505376917528,0.6034443707227132,1.493504707193391,0.015815467591610455,0,0,0,
2022-09-08,TLT,108.06999969482422,107.6137274079884,0.4239907842853347,1.055087954057077,-0.01025737449894315,0,0,0,
2022-09-09,TLT,108.30999755859376,107.8767814449078,0.4015842036473806,0.9725207109141722,0.002220763065117648,0,0,0,
2022-09-12,TLT,107.41999816894533,107.07726712317336,0.32007825281692964,0.7664922576032638,-0.008217149014032255,0,0,0,
2022-09-13,TLT,107.66999816894533,107.17294963640995,0.463781704452138,1.065041027431946,0.002327313389140162,0,0,0,
2022-09-14,TLT,108.04000091552734,107.88582164428873,0.14290966958287077,0.33983169863885854,0.003436451684539321,0,0,0,
2022-09-15,TLT,107.97000122070312,107.52009572725623,0.4184385164501309,0.9521321233333417,-0.0006479053520088707,0,0,0,Gilt/LDI stress (Sep 2022)
2022-09-16,TLT,107.06999969482422,106.45106724041013,0.5814243769076453,1.2804807461122316,-0.008335662829522472,0,0,0,Gilt/LDI stress (Sep 2022)
2022-09-19,TLT,107.31999969482422,106.9074964787591,0.385850599491942,0.842827032691412,0.0023349210863226055,0,0,0,Gilt/LDI stress (Sep 2022)
2022-09-20,TLT,106.25,106.34113158218864,-0.08569739745359403,-0.18689162344608345,-0.009970179816128133,0,0,0,Gilt/LDI stress (Sep 2022)
2022-09-21,TLT,108.02999877929688,108.01825484641634,0.010872174242430171,0.03384211433644704,0.016752929687499973,0,0,0,Gilt/LDI stress (Sep 2022)
2022-09-22,TLT,105.2699966430664,104.68075183993328,0.5628969918310653,1.2368256082135531,-0.025548478824563348,0,0,0,Gilt/LDI stress (Sep 2022)
2022-09-23,TLT,105.6999969482422,105.26881622575192,0.4095996686859317,0.9151017732195527,0.004084737521496962,0,0,0,Gilt/LDI stress (Sep 2022)
2022-09-26,TLT,103.68000030517578,103.51698087290832,0.1574808605243291,0.37547728714878087,-0.019110659426561205,0,0,0,Gilt/LDI stress (Sep 2022)
2022-09-27,TLT,100.9499969482422,100.51401019673868,0.43375719529063894,1.0038279520116766,-0.026331050818846236,0,0,0,Gilt/LDI stress (Sep 2022)
2022-09-28,TLT,104.33000183105467,104.29272844101244,0.03573920310591173,0.09517111311316669,0.03348197112423312,0,0,0,Gilt/LDI stress (Sep 2022)
2022-09-29,TLT,103.79000091552734,103.88942557931428,-0.09570239052965805,-0.2036037175846934,-0.005175892898015788,0,0,0,Gilt/LDI stress (Sep 2022)
2022-09-30,TLT,102.4499969482422,102.82315948534514,-0.3629168165719779,-0.8227355425283853,-0.012910723147365077,0,0,0,Gilt/LDI stress (Sep 2022)
2022-10-03,TLT,103.83000183105467,103.88574741207604,-0.053660470670964786,-0.14958132156595433,0.013470033420397876,0,0,0,Rates vol spike (Oct 2022)
2022-10-04,TLT,103.54000091552734,103.71730478739622,-0.1709491701816942,-0.4601071948662857,-0.002793035831774371,0,0,0,Rates vol spike (Oct 2022)
2022-10-05,TLT,102.5500030517578,102.8233082979991,-0.26580086827125116,-0.7431916319116293,-0.009561501400576877,0,0,0,Rates vol spike (Oct 2022)
2022-10-06,TLT,101.9800033569336,102.0088088759031,-0.02823826617223675,-0.2181183670061261,-0.005558261120055974,0,0,0,Rates vol spike (Oct 2022)
2022-10-07,TLT,100.98999786376952,101.29059501824072,-0.29676709315121796,-0.9974144930519933,-0.009707839385913908,0,0,0,Rates vol spike (Oct 2022)
2022-10-10,TLT,99.41999816894533,99.60674944945468,-0.1874885803839248,-0.7124954094700666,-0.015546090979643767,0,0,0,Rates vol spike (Oct 2022)
2022-10-11,TLT,99.86000061035156,99.97461573564048,-0.11464422688254594,-0.5110178830363559,0.004425693517500662,0,0,0,Rates vol spike (Oct 2022)
2022-10-12,TLT,100.3499984741211,100.46443766918682,-0.11391015340428995,-0.5136880945549661,0.004906848195219693,0,0,0,Rates vol spike (Oct 2022)
2022-10-13,TLT,99.38999938964844,98.87539330656546,0.5204592021064663,1.3026826415598747,-0.009566508211958036,0,0,0,Rates vol spike (Oct 2022)
2022-10-14,TLT,98.56999969482422,98.00400597744004,0.5775210020644079,1.4240392663302597,-0.008250323974844709,0,0,0,Rates vol spike (Oct 2022)
2022-10-17,TLT,98.08999633789062,97.76680617972134,0.33057248241818715,0.708938183860893,-0.004869669863241333,0,0,0,Rates vol spike (Oct 2022)
2022-10-18,TLT,98.31999969482422,98.04644367545652,0.27900656985907696,0.5444200813689771,0.0023448197116993086,0,0,0,Rates vol spike (Oct 2022)
2022-10-19,TLT,96.52999877929688,96.46119790027386,0.07132492703868894,-0.08443023973876639,-0.018205867789700347,0,0,0,Rates vol spike (Oct 2022)
2022-10-20,TLT,94.87999725341795,94.96110070882284,-0.08540702961475953,-0.5881960316164639,-0.017093147692371025,0,0,0,Rates vol spike (Oct 2022)
2022-10-21,TLT,93.16999816894533,93.36927756105528,-0.21343143838683598,-0.9726840698746148,-0.018022756471054002,0,0,0,Rates vol spike (Oct 2022)
2022-10-24,TLT,92.4000015258789,92.51774026945694,-0.1272607212790947,-0.7021266024436391,-0.00826442694213847,0,0,0,Rates vol spike (Oct 2022)
2022-10-25,TLT,95.08999633789062,95.47855436993852,-0.4069584364907752,-1.5176359830349981,0.029112497484735655,-1,0,0,Rates vol spike (Oct 2022)
2022-10-26,TLT,96.45999908447266,96.99602142023606,-0.5526230126915045,-1.8979428491639316,0.014407432951347499,-1,0,0,Rates vol spike (Oct 2022)
2022-10-27,TLT,97.47000122070312,97.31306800524906,0.16126633212879013,0.17548032790064538,0.010470683659720814,0,0,0,Rates vol spike (Oct 2022)
2022-10-28,TLT,96.8000030517578,96.83769383665636,-0.03892160521927971,-0.40610977920227914,-0.006873891049085312,0,0,0,Rates vol spike (Oct 2022)
2022-10-31,TLT,96.11000061035156,96.04602821096972,0.06660598108369545,-0.09187295187304641,-0.00712812416996822,0,0,0,Rates vol spike (Oct 2022)
2022-11-01,TLT,96.7699966430664,96.49075206555447,0.28940035343720505,0.5595779581499872,0.006867090089725414,0,0,0,
2022-11-02,TLT,96.3499984741211,96.04348659160254,0.31913864583228163,0.6229776908097779,-0.0043401693036578814,0,0,0,
2022-11-03,TLT,95.83000183105467,95.35122721300586,0.5021168914578086,1.1356274409119476,-0.005396955384551316,0,0,0,
2022-11-04,TLT,94.22000122070312,93.97094733401786,0.2650328572298023,0.4077853360202669,-0.01680059041624493,0,0,0,
2022-11-07,TLT,93.27999877929688,92.94611799307096,0.3592197215281323,0.6833698441735198,-0.009976676175203703,0,0,0,
2022-11-08,TLT,94.3000030517578,94.3288274334235,-0.030557341217926328,-0.5004737275561683,0.010934865842722408,0,0,0,
2022-11-09,TLT,94.61000061035156,94.66043168887585,-0.05327577491938495,-0.5589690622584578,0.003287354703727985,0,0,0,
2022-11-10,TLT,98.25,99.14938151406012,-0.9070974526780937,-2.93230755482459,0.038473727578119954,-1,-1,-1,
2022-11-11,TLT,97.88999938964844,98.69256882826583,-0.8132014883652907,-2.483857155926164,-0.0036641283496342547,-1,-1,0,
2022-11-14,TLT,97.6500015258789,98.44900505344802,-0.8115912671086247,-2.3320786928076553,-0.0024517097279184163,-1,-1,0,
2022-11-15,TLT,99.2300033569336,99.77843860090408,-0.5496530629870153,-1.5922313800267136,0.0161802540334417,-1,0,0,
2022-11-16,TLT,101.4000015258789,101.67269235739026,-0.26820459376920763,-0.8737701834932297,0.021868367384204834,0,0,0,
2022-11-17,TLT,100.33000183105467,100.95338089736974,-0.6174920153974841,-1.78206799979527,-0.010552265076161249,-1,0,0,
2022-11-18,TLT,99.63999938964844,100.79011215331552,-1.1410968190189164,-2.876284124488998,-0.006877329102097818,-1,-1,-1,
2022-11-21,TLT,100.05999755859376,100.86979759294344,-0.8028171501023504,-1.9937118501665,0.004215156277780574,-1,0,0,
2022-11-22,TLT,101.4800033569336,102.27276216722971,-0.7751416833739698,-1.8511075229259288,0.014191543403829332,-1,0,0,
2022-11-23,TLT,103.25,103.98184730633496,-0.7038221817495725,-1.6231690933905005,0.01744182680838935,-1,0,0,
2022-11-25,TLT,102.9000015258789,104.01830043971114,-1.0750982366611523,-2.3005162810587723,-0.003389815729986423,-1,-1,0,
2022-11-28,TLT,103.19000244140624,104.01481882891048,-0.7929796896160992,-1.632519675837671,0.0028182790206703334,-1,0,0,
2022-11-29,TLT,101.9800033569336,103.25516508302796,-1.2349616845501181,-2.3902700256544467,-0.011725933286605983,-1,-1,0,
2022-11-30,TLT,102.7300033569336,103.33362957344866,-0.5841527284067914,-1.0629700307771892,0.007354382970306217,0,0,0,
2022-12-01,TLT,105.76000213623048,106.17078516254362,-0.38690777852329766,-0.6436954015036966,0.02949477932721578,0,0,0,
2022-12-02,TLT,107.08999633789062,107.24968765249214,-0.1488967642674586,-0.13627344678994244,0.012575587885739203,0,0,0,
2022-12-05,TLT,105.58999633789062,105.91164805820644,-0.3036981542757615,-0.4338786002484212,-0.01400691055462544,0,0,0,
2022-12-06,TLT,106.9499969482422,107.86494015120006,-0.8482303904079795,-1.5260508035496922,0.012880013803576063,-1,0,0,
2022-12-07,TLT,109.47000122070312,110.20879555262088,-0.6703587750988629,-1.1173915858377603,0.023562452962766045,0,0,0,
2022-12-08,TLT,109.16999816894533,109.59080191302624,-0.3839772469361736,-0.49509580171799855,-0.002740504689983103,0,0,0,
2022-12-09,TLT,106.33000183105467,106.51774504496322,-0.17625534020580044,-0.03954371991418877,-0.026014439731835814,0,0,0,
2022-12-12,TLT,106.66999816894533,107.07498547651778,-0.37822774924519703,-0.4473587305448057,0.003197557904972781,0,0,0,
2022-12-13,TLT,107.6999969482422,108.1267587162949,-0.39468654486577687,-0.46540552386939305,0.009655936973632873,0,0,0,
2022-12-14,TLT,108.16000366210938,109.21304824609297,-0.9642113290444341,-1.6362754119572225,0.004271185950806,-1,0,0,
2022-12-15,TLT,108.31999969482422,109.54467756589564,-1.1179711313082525,-1.8956013307026847,0.0014792532109619838,-1,0,0,
2022-12-16,TLT,107.11000061035156,107.91191844580432,-0.7431225827529846,-1.0637164870549338,-0.011170597192408205,0,0,0,
2022-12-19,TLT,105.30999755859376,106.1552010364401,-0.7961960126251425,-1.1419483585694825,-0.016805181976479622,0,0,0,
2022-12-20,TLT,103.44000244140624,103.73960744192838,-0.28880483347680175,-0.0559754592666333,-0.017757052136926244,0,0,0,
2022-12-21,TLT,103.6999969482422,103.88752067857592,-0.18050650271452168,0.2045539074695571,0.0025134812519289618,0,0,0,
2022-12-22,TLT,103.68000030517578,103.54108470452168,0.13416471447110015,0.911126625755946,-0.00019283166494599158,0,0,0,
2022-12-23,TLT,102.16000366210938,101.99439767003088,0.1623677337791241,0.9730384222273544,-0.014660461406176606,0,0,0,
2022-12-27,TLT,100.13999938964844,100.17979140253318,-0.039720598663314635,0.5536280959349237,-0.01977294635914495,0,0,0,
2022-12-28,TLT,99.5500030517578,99.57507557417534,-0.02517951633274778,0.5893309764117989,-0.005891715013847221,0,0,0,
2022-12-29,TLT,100.68000030517578,100.57092609809834,0.10845500912564784,0.8785059244247407,0.011351051921419497,0,0,0,
2022-12-30,TLT,99.55999755859376,99.36637880612226,0.19485338481468203,1.0430167854981922,-0.011124381636741454,0,0,0,
2023-01-03,TLT,101.45999908447266,101.21106109956712,0.2459592678913263,1.1359829343347099,0.01908398525984989,0,0,0,
2023-01-04,TLT,102.8499984741211,102.85034865900067,-0.00034048001211965597,0.5865338191534245,0.013699974395733783,0,0,0,
2023-01-05,TLT,103.27999877929688,103.15749476196903,0.11875435479556157,0.8298765427874525,0.004180848921295555,0,0,0,
2023-01-06,TLT,105.18000030517578,105.02105802717703,0.15134324580658545,0.8908513465207887,0.018396606780942015,0,0,0,
2023-01-09,TLT,105.73999786376952,105.44388425624612,0.2808257772482945,1.1400680694495307,0.005324182895692475,0,0,0,
2023-01-10,TLT,103.98999786376952,103.42159170536056,0.5496010543217159,1.6546685188018346,-0.016550028705832,1,0,0,
2023-01-11,TLT,105.68000030517578,105.4085631278467,0.2575096076396174,1.0200990030495598,0.016251586461423218,0,0,0,
2023-01-12,TLT,107.76000213623048,107.022627109136,0.6889898398238261,1.8407200830391748,0.0196820763157477,1,0,0,
2023-01-13,TLT,106.75,106.33064718799707,0.39438564806390536,1.2546804484249217,-0.009372699667856699,0,0,0,
2023-01-17,TLT,106.05999755859376,105.81656166240184,0.23005462695772144,0.9448069223454527,-0.006463723104508046,0,0,0,
2023-01-18,TLT,108.62999725341795,108.28161786159204,0.3217345646527202,1.1351882194340288,0.024231564717926535,0,0,0,
2023-01-19,TLT,107.9499969482422,107.549862783309,0.37204525842993846,1.231911116945705,-0.0062597838752532775,0,0,0,
2023-01-20,TLT,106.1999969482422,105.7603461572955,0.41570475789935063,1.2964906391914972,-0.016211209351298606,0,0,0,
2023-01-23,TLT,105.6999969482422,105.1050888930797,0.5660126083597039,1.5515003057208934,-0.004708098063728627,1,0,0,
2023-01-24,TLT,107.22000122070312,106.3790410101952,0.7905318590222428,1.9091399568274963,0.014380362500911126,1,0,0,
2023-01-25,TLT,107.4800033569336,106.98030027256095,0.4670982256541749,1.2472712110586142,0.002424940619943472,0,0,0,
2023-01-26,TLT,106.9800033569336,106.19544348723174,0.738788637194384,1.6941588368625633,-0.004652028139034758,1,0,0,
2023-01-27,TLT,106.70999908447266,106.25705365396792,0.4262732825058214,1.0741623785701537,-0.0025238760888806056,0,0,0,
2023-01-30,TLT,106.31999969482422,105.74275273482476,0.5458974209296795,1.2720041764494234,-0.0036547595632505647,0,0,0,
2023-01-31,TLT,107.16999816894533,106.78352643179409,0.3619207475771941,0.9151046868332365,0.007994718553056002,0,0,0,
2023-02-01,TLT,108.18000030517578,107.75283622462788,0.39642954702130107,0.9624322812930154,0.009424299276727277,0,0,0,
2023-02-02,TLT,108.31999969482422,107.53767568016627,0.7274883055727354,1.5294208685788,0.0012941337516501061,1,0,0,
2023-02-03,TLT,106.6999969482422,106.24427377878617,0.42893904136886307,0.9882833104896351,-0.014955712252087694,0,0,0,
2023-02-06,TLT,105.91000366210938,105.3649511915998,0.5172995994829719,1.1452416640173941,-0.0074038735588346505,0,0,0,
2023-02-07,TLT,105.05999755859376,104.37953996883668,0.6519070595254959,1.3591903937544163,-0.008025739534741505,0,0,0,
2023-02-08,TLT,105.55999755859376,105.21202521988256,0.3307343794437703,0.7931663840173765,0.004759185338083949,0,0,0,
2023-02-09,TLT,104.55999755859376,104.3839277076078,0.16867524996679684,0.5001794472135966,-0.009473285554453703,0,0,0,
2023-02-10,TLT,103.38999938964844,102.71025943752974,0.6618033639883121,1.330614032666883,-0.011189730262662678,0,0,0,
2023-02-13,TLT,104.26000213623048,104.12631791961893,0.12838657822775837,0.38023900719259246,0.008414766918638295,0,0,0,
2023-02-14,TLT,104.0199966430664,104.11019305296033,-0.08663552266014707,-0.019940308215955244,-0.0023019901040330915,0,0,0,
2023-02-15,TLT,103.0500030517578,102.97703416873684,0.07085937520923027,0.24014760393257642,-0.00932506847348824,0,0,0,
2023-02-16,TLT,101.58999633789062,101.66133309315252,-0.07017098152404726,-0.02976348386677575,-0.014167944402038168,0,0,0,
2023-02-17,TLT,102.37999725341795,102.60282860525612,-0.21717856599788873,-0.2998835523701989,0.007776365232849969,0,0,0,
2023-02-21,TLT,100.38999938964844,100.28035789368572,0.10933496675286933,0.27792688453155745,-0.019437369771008517,0,0,0,
2023-02-22,TLT,101.30999755859376,100.72735013893852,0.5784401345330431,1.1188746059610475,0.009164241204689061,0,0,0,
2023-02-23,TLT,102.3000030517578,101.55160784332244,0.7369604719503864,1.3757654698475565,0.009772041427515088,0,0,0,
2023-02-24,TLT,100.97000122070312,100.61201466332032,0.3558089544084154,0.629742952424709,-0.013000995028140672,0,0,0,
2023-02-27,TLT,101.25,100.47564452481264,0.770689731675356,1.3829415156158003,0.002773088797779044,0,0,0,
2023-02-28,TLT,101.70999908447266,101.20947509253294,0.4945426221034154,0.8320473079481192,0.0045432008342978225,0,0,0,
2023-03-01,TLT,100.37000274658205,99.89593139344817,0.4745652265523324,0.7676767565018205,-0.013174676530846363,0,0,0,
2023-03-02,TLT,99.4800033569336,99.22821126108946,0.2537505137340651,0.28887235545153966,-0.008867185068187733,0,0,0,
2023-03-03,TLT,101.88999938964844,101.44649679174114,0.43717882029752203,0.6610129555903385,0.024225934372637647,0,0,0,
2023-03-06,TLT,101.0999984741211,100.745691917211,0.35168407717249556,0.45150427987641206,-0.007753468645202544,0,0,0,
2023-03-07,TLT,101.72000122070312,101.66687269734872,0.0522574580537757,-0.22055097016034642,0.006132569297127466,0,0,0,
2023-03-08,TLT,101.81999969482422,101.74718769082196,0.07156168701538156,-0.19241127071056832,0.0009830758250202187,0,0,0,
2023-03-09,TLT,102.06999969482422,102.04507274654816,0.024427390372852867,-0.343577466584753,0.0024553133053359932,0,0,0,
2023-03-10,TLT,105.58999633789062,105.09872183343964,0.46744098870160966,0.6707022518392333,0.034486104179393795,0,0,0,
2023-03-13,TLT,105.83000183105467,105.05524892516002,0.737471867252042,1.2816459647718057,0.0022729946158537295,0,0,0,
2023-03-14,TLT,104.08999633789062,103.4489058383666,0.6197170422717623,0.9659959880484457,-0.016441514344313846,0,0,0,
2023-03-15,TLT,106.0999984741211,106.07217260420352,0.02623295934684688,-0.49005730927913355,0.01931023351855754,0,0,0,
2023-03-16,TLT,105.2699966430664,105.43925646305242,-0.1605282753917383,-0.9683184003295793,-0.007822826041388953,0,0,0,
2023-03-17,TLT,106.8499984741211,106.19827111972164,0.6136892319694508,0.9548593896828852,0.01500904228592237,0,0,0,
2023-03-20,TLT,105.91000366210938,105.20151445952276,0.6734591286318576,1.1615353036322962,-0.008797331075670378,0,0,0,
2023-03-21,TLT,105.0,103.9423990323994,1.0174875483400636,2.192669988296038,-0.008592235205775345,1,1,0,
2023-03-22,TLT,106.4000015258789,105.53106923830256,0.8233900157063536,1.644258733489044,0.013333347865513323,1,0,0,
2023-03-23,TLT,106.4000015258789,105.734794091007,0.6291282265129791,0.9673016162900107,0.0,0,0,0,
2023-03-24,TLT,106.8499984741211,105.8947712362466,0.9020532616699514,1.8580925126497534,0.004229294565684105,1,0,0,
2023-03-27,TLT,104.33999633789062,103.60197666278474,0.712360612103066,1.1587484243679822,-0.02349089538675464,0,0,0,
2023-03-28,TLT,104.52999877929688,104.09640335341344,0.41653257165029717,0.12051186859087712,0.0018209933685540136,0,0,0,
2023-03-29,TLT,104.31999969482422,104.22743176784526,0.08881340104891278,-1.0363112743768914,-0.002008983898641792,0,0,0,
2023-03-30,TLT,104.8000030517578,105.35658035159506,-0.5282795796711066,-2.9850663553552743,0.004601259186520101,-1,-1,-1,
2023-03-31,TLT,106.37000274658205,106.9416077144758,-0.53450193999316,-2.793305936292876,0.014980912682310388,-1,-1,-1,
2023-04-03,TLT,106.5999984741211,106.9535646103309,-0.3305791045842852,-2.0636133357980944,0.0021622235743190554,-1,-1,0,
2023-04-04,TLT,107.12999725341795,107.40264445341889,-0.25385520197240663,-1.7645232450646209,0.004971846030800142,-1,0,0,
2023-04-05,TLT,108.25,108.31801314638818,-0.06279024551185648,-1.1989034270872536,0.01045461378975543,0,0,0,
2023-04-06,TLT,108.52999877929688,108.28836939876086,0.22313511772093986,-0.37118088480610895,0.002586593804128068,0,0,0,
2023-04-10,TLT,106.77999877929688,106.33858758332856,0.4150997356650213,0.17805991172679864,-0.016124574031911143,0,0,0,
2023-04-11,TLT,107.0,106.28864580939944,0.6692663973498966,0.8990135241535037,0.0020603223751467503,0,0,0,
2023-04-12,TLT,106.88999938964844,106.23807940178646,0.613640599992822,0.7326820786303203,-0.0010280430873977897,0,0,0,
2023-04-13,TLT,106.0500030517578,105.3718357765405,0.6435944388930246,0.798316583919727,-0.007858511953289349,0,0,0,
2023-04-14,TLT,105.08000183105467,105.07602494832904,0.003784767008072246,-1.0196357876005393,-0.009146640196037614,0,0,0,
2023-04-17,TLT,103.83000183105467,103.83366015972813,-0.0035232589006541615,-1.013948590116777,-0.011895698308130198,0,0,0,
2023-04-18,TLT,104.1999969482422,104.36242096582352,-0.1556345819483299,-1.4099875270149949,0.003563470198041152,0,0,0,
2023-04-19,TLT,104.0999984741211,103.8357524618928,0.2544846124414376,-0.2502330012870882,-0.0009596782826277739,0,0,0,
2023-04-20,TLT,104.98999786376952,104.43862427463374,0.5279403027043674,0.5125458053303902,0.00854946592405259,0,0,0,
2023-04-21,TLT,104.4000015258789,103.39150086653862,0.9754193051536153,1.7047322800401454,-0.005619548051197798,1,0,0,
2023-04-24,TLT,105.41000366210938,104.7418387478539,0.6379159677194045,0.7731461092307096,0.009674349822496042,0,0,0,
2023-04-25,TLT,106.95999908447266,105.8304955680955,1.0672760344870433,1.9015538195128805,0.014704443302476111,1,0,0,
2023-04-26,TLT,105.81999969482422,105.3311883466835,0.46407085670756654,0.2795996113671216,-0.010658184362437373,0,0,0,
2023-04-27,TLT,104.7699966430664,104.20422168958792,0.5429482071886282,0.5033348668532712,-0.009922538790265834,0,0,0,
2023-04-28,TLT,106.45999908447266,106.24337778676104,0.20389157632618574,-0.40442168501561854,0.016130595547920068,0,0,0,
2023-05-01,TLT,103.12999725341795,103.17068345890353,-0.03943582044968958,-1.0304534388260602,-0.0312793712163425,0,0,0,
2023-05-02,TLT,105.6999969482422,106.0046040149372,-0.28735267635363865,-1.631935119623595,0.024920001583138562,-1,0,0,
2023-05-03,TLT,106.29000091552734,106.58105835923853,-0.2730855258822384,-1.5362813836483993,0.005581873077764143,-1,0,0,
2023-05-04,TLT,105.23999786376952,105.22839197051783,0.01102924128588343,-0.7781231061926158,-0.009878662552579187,0,0,0,
2023-05-05,TLT,104.88999938964844,105.03482618015124,-0.137884543412681,-1.1289021273508502,-0.0033257172294334225,0,0,0,
2023-05-08,TLT,103.41999816894533,103.33491527552552,0.08233702344744717,-0.5471742063331371,-0.014014693767346764,0,0,0,
2023-05-09,TLT,103.0500030517578,102.77983578605618,0.26286018423301355,-0.06944563495775259,-0.003577597406094646,0,0,0,
2023-05-10,TLT,104.0500030517578,104.17229585147052,-0.11739474369182584,-1.022940116723475,0.00970402688389771,0,0,0,
2023-05-11,TLT,105.1500015258789,105.53136811895176,-0.36137747465093967,-1.592252117656276,0.010571825486386022,-1,0,0,
2023-05-12,TLT,104.2699966430664,104.36746511794884,-0.09338971179599022,-0.8920132058474886,-0.008369042986613007,0,0,0,
2023-05-15,TLT,103.19000244140624,103.3167676589038,-0.12269568664408285,-0.9493124780776045,-0.010357669861227436,0,0,0,
2023-05-16,TLT,102.87999725341795,103.030972086509,-0.1465334452675809,-1.00408833184526,-0.003004217275450749,0,0,0,
2023-05-17,TLT,102.58000183105467,103.22372736375762,-0.623621670272062,-2.0877926741722983,-0.002915974245453423,-1,-1,0,
2023-05-18,TLT,101.81999969482422,102.31907304646462,-0.4877617992236582,-1.711517486674419,-0.007408872320768256,-1,0,0,
2023-05-19,TLT,101.0999984741211,100.95024915657834,0.1483397205988948,-0.23066365168147143,-0.007071314308201959,0,0,0,
2023-05-22,TLT,100.73999786376952,100.43743495494144,0.301245157210373,0.12524275099763382,-0.0035608369513846494,0,0,0,
2023-05-23,TLT,101.02999877929688,100.47367743046858,0.5536986035106416,0.7265406227590501,0.0028787067865490013,0,0,0,
2023-05-24,TLT,100.52999877929688,100.167419840908,0.3619729238955627,0.28782611619128456,-0.00494902510186368,0,0,0,
2023-05-25,TLT,100.27999877929688,100.10707959925764,0.17273421693195845,-0.15997658078058993,-0.0024868198849663514,0,0,0,
2023-05-26,TLT,101.08999633789062,101.04342507678332,0.046090342911390164,-0.44201364781795105,0.008077359079116553,0,0,0,
2023-05-30,TLT,102.0999984741211,101.81801257891016,0.2769508931363148,0.12844420840250326,0.009991118536146315,0,0,0,
2023-05-31,TLT,102.98999786376952,103.23139883602812,-0.2338445230622538,-1.083664307176891,0.008716938324675905,0,0,0,
2023-06-01,TLT,103.12000274658205,103.12630062295896,-0.006106954616693951,-0.5203526642525583,0.0012623059084291288,0,0,0,
2023-06-02,TLT,101.98999786376952,102.1709433336255,-0.1771007137177265,-0.9065955784432798,-0.010958154118648755,0,0,0,
2023-06-05,TLT,101.8000030517578,102.30194777532036,-0.49065021192455716,-1.5971163215129838,-0.001862876909415223,-1,0,0,
2023-06-06,TLT,102.4000015258789,103.1142380280645,-0.6926652573344977,-1.9808664115353563,0.005893894461044935,-1,0,0,
2023-06-07,TLT,100.87999725341795,101.59657119980298,-0.7053131202388604,-1.92155960851502,-0.01484379150206172,-1,0,0,
2023-06-08,TLT,102.05999755859376,102.88512048418065,-0.8019847007067956,-2.0355015624774695,0.01169706916438118,-1,-1,0,
2023-06-09,TLT,101.91999816894533,102.31213565481964,-0.3832756333005375,-1.1030643208356188,-0.0013717361649755455,0,0,0,
2023-06-12,TLT,102.22000122070312,102.19506137104564,0.024404163296047096,-0.214227056189937,0.0029435150819028255,0,0,0,
2023-06-13,TLT,101.20999908447266,101.1571324257955,0.05226191906531293,-0.1359873489640681,-0.009880670359705523,0,0,0,
2023-06-14,TLT,102.0199966430664,101.82631221675258,0.19021058712362704,0.15863516965844293,0.008003137693121554,0,0,0,
2023-06-15,TLT,103.0,103.05475769396848,-0.053134561852148134,-0.3755106642926265,0.009605992836505317,0,0,0,
2023-06-16,TLT,102.5999984741211,102.37790370737932,0.21693623203750723,0.22933287533982535,-0.0038835099599894285,0,0,0,
2023-06-20,TLT,103.30999755859376,103.34138940850372,-0.030376841350430225,-0.2939224146387077,0.006920069152357211,0,0,0,
2023-06-21,TLT,103.55999755859376,103.62768790884137,-0.06532071844268857,-0.34512972651574225,0.002419901325215079,0,0,0,
2023-06-22,TLT,102.30999755859376,102.50104078084496,-0.18638173895195925,-0.5999782467213266,-0.012070297696683108,0,0,0,
2023-06-23,TLT,103.33000183105467,103.50647923578514,-0.17049889633329293,-0.5391686513971856,0.00996974192944089,0,0,0,
2023-06-26,TLT,103.44000244140624,103.36831427706169,0.06935216545410822,0.06638853712936363,0.0010645563573241645,0,0,0,
2023-06-27,TLT,103.16999816894533,103.4115756874048,-0.23360781116973411,-0.656745807863986,-0.0026102500588576216,0,0,0,
2023-06-28,TLT,103.61000061035156,104.05039261026178,-0.4232487632793283,-1.0980534170989247,0.004264829400168368,0,0,0,
2023-06-29,TLT,101.73999786376952,102.19531879328596,-0.4455399081805694,-1.1213159609912677,-0.01804847732425563,0,0,0,
2023-06-30,TLT,102.94000244140624,102.99102562400832,-0.04954138702176968,-0.15825620097612253,0.011794816225999316,0,0,0,
2023-07-03,TLT,102.08000183105467,102.4503580005186,-0.36149817013041297,-0.9597009715309919,-0.008354386923985935,0,0,0,
2023-07-05,TLT,101.11000061035156,101.18011964801477,-0.06930120057886287,-0.2286988406469613,-0.009502362885029036,0,0,0,
2023-07-06,TLT,99.68000030517578,99.586549710356,0.093838570661985,0.1751142360552305,-0.01414301549345831,0,0,0,
2023-07-07,TLT,99.08000183105467,98.90321736614628,0.1787449080184381,0.38296334413504346,-0.006019246311037119,0,0,0,
2023-07-10,TLT,99.20999908447266,98.86560087531564,0.34834988722858057,0.810229755778287,0.0013120433085946903,0,0,0,
2023-07-11,TLT,99.72000122070312,99.2095549361265,0.5145132289982233,1.2254927703897842,0.005140632405371104,0,0,0,
2023-07-12,TLT,100.83000183105467,100.02989442482844,0.7998682902014911,1.9281732073939803,0.011131173252744597,1,0,0,
2023-07-13,TLT,101.88999938964844,101.27319064367488,0.6090543233142234,1.4476558652486167,0.010512719818946747,0,0,0,
2023-07-14,TLT,101.29000091552734,101.06350224921572,0.22411519615963557,0.5024212439533284,-0.005888688563306155,0,0,0,
2023-07-17,TLT,101.33999633789062,100.94664243306724,0.3896651689868725,0.9055104637444458,0.0004935869474913535,0,0,0,
2023-07-18,TLT,101.8000030517578,101.1956597913863,0.5972027472495758,1.3879887210258253,0.004539241469216249,0,0,0,
2023-07-19,TLT,102.9499969482422,102.78230716306533,0.16315043883071617,0.28658232609873485,0.011296599823280129,0,0,0,
2023-07-20,TLT,101.6999969482422,101.59379320406778,0.10453763052344618,0.14558233476460286,-0.012141816775656955,0,0,0,
2023-07-21,TLT,101.7300033569336,101.38110508768456,0.3441452615329766,0.761804842486088,0.00029504827523907373,0,0,0,
2023-07-24,TLT,101.36000061035156,100.9204440849908,0.43554755366571896,1.0555149577124563,-0.003637105419959763,0,0,0,
2023-07-25,TLT,101.16999816894533,101.44267378236376,-0.2687977389115648,-0.7761201235074988,-0.0018745307839592718,0,0,0,
2023-07-26,TLT,101.2699966430664,101.6727287379926,-0.39610631083190584,-1.1187135955315477,0.0009884202424723654,0,0,0,
2023-07-27,TLT,99.3000030517578,99.57449819490893,-0.2756681159606011,-0.7505770450821853,-0.019452884927526948,0,0,0,
2023-07-28,TLT,99.80999755859376,99.84940240844652,-0.03946428211114141,-0.047159244955368676,0.005135896184919053,0,0,0,
2023-07-31,TLT,100.0500030517578,100.21695095865311,-0.1665864958954847,-0.40356431391671777,0.0024046237755204203,0,0,0,
2023-08-01,TLT,98.13999938964844,98.11963346861384,0.02075621393460534,0.14415315144619129,-0.019090490793101544,0,0,0,
2023-08-02,TLT,97.08999633789062,96.91398875793088,0.18161215136792214,0.5960175036230911,-0.010699032589035928,0,0,0,
2023-08-03,TLT,94.8499984741211,94.93889381699648,-0.09363427284790507,-0.2235280853977281,-0.023071355940461058,0,0,0,
2023-08-04,TLT,96.52999877929688,96.69927502789044,-0.17505430991570342,-0.4547191351643853,0.017712180624168905,0,0,0,
2023-08-07,TLT,95.58000183105467,95.49749610009628,0.0863957007541951,0.30638579583273823,-0.00984146856164625,0,0,0,
2023-08-08,TLT,96.69000244140624,97.05340253192034,-0.3744331275707564,-1.0242295515994684,0.011613314386764495,0,0,0,
2023-08-09,TLT,97.19000244140624,97.0700963790907,0.12352523257756279,0.4422575240552541,0.005171165450150728,0,0,0,
2023-08-10,TLT,95.58999633789062,94.81007173190643,0.8226178840889158,2.3425807108038588,-0.01646266141911268,1,1,0,
2023-08-11,TLT,95.37000274658205,94.67163014978024,0.7376788544751013,2.0023686146901096,-0.0023014290170171314,1,1,0,
2023-08-14,TLT,95.16000366210938,94.43301424508472,0.7698466715653891,1.9865613759344636,-0.002201940635680577,1,0,0,
2023-08-15,TLT,94.58000183105467,93.95145382057696,0.6690136074723012,1.6502930742544235,-0.006095016905570461,1,0,0,
2023-08-16,TLT,93.83999633789062,93.01072844863026,0.891583049710624,2.106762245917738,-0.007824122212282236,1,1,0,
2023-08-17,TLT,93.44000244140624,92.74284566192853,0.7517094979153692,1.7016551937827165,-0.004262509719673568,1,0,0,
2023-08-18,TLT,93.7699966430664,93.2862272456474,0.5185860889680071,1.0867090067481502,0.0035316159357670074,0,0,0,
2023-08-21,TLT,92.5199966430664,92.05194645601706,0.5084631070489964,1.0378409595839515,-0.013330489972801174,0,0,0,
2023-08-22,TLT,93.2300033569336,93.20206153717857,0.029979830160604813,-0.14345822883599382,0.007674089273979723,0,0,0,
2023-08-23,TLT,95.54000091552734,95.20334901150748,0.3536135099398317,0.677214835472906,0.024777405077953896,0,0,0,
2023-08-24,TLT,94.91000366210938,94.80634692023928,0.10933523465185664,0.0733636985699275,-0.006594067902249479,0,0,0,
2023-08-25,TLT,95.22000122070312,95.56520695136324,-0.3612253263217441,-1.0830678757191865,0.003266226389552873,0,0,0,
2023-08-28,TLT,95.31999969482422,95.6359916467282,-0.3304111208165552,-0.983199920767155,0.001050183499675894,0,0,0,
2023-08-29,TLT,96.30999755859376,96.87016240012731,-0.5782635515978166,-1.5373883827875316,0.010386045603641536,-1,0,0,
2023-08-30,TLT,96.20999908447266,96.64267940026384,-0.4477114236445798,-1.2011811067964373,-0.0010382979613333676,0,0,0,
2023-08-31,TLT,96.63999938964844,97.07569483264363,-0.4488203187691072,-1.1735633932059437,0.0044693930908183965,0,0,0,
2023-09-01,TLT,94.8499984741211,94.60995699906826,0.25371692649136085,0.49059694732000275,-0.01852236058394552,0,0,0,
2023-09-05,TLT,93.5199966430664,93.51963403931752,0.00038773007679907695,-0.1359981119979797,-0.014022159751721719,0,0,0,
2023-09-06,TLT,93.75,93.34202960826796,0.4370704102366112,0.8984854095233236,0.002459402963961077,0,0,0,
2023-09-07,TLT,94.01000213623048,94.1164740647234,-0.11312783394297404,-0.5024282116975544,0.002773356119791792,0,0,0,
2023-09-08,TLT,94.37000274658205,94.6465226815492,-0.292160691309857,-1.0149742953085448,0.0038293862586014082,0,0,0,
2023-09-11,TLT,93.69000244140624,93.91642367288968,-0.24108800423668827,-0.8917678690585782,-0.007205682795218937,0,0,0,
2023-09-12,TLT,94.2300033569336,94.60438091590116,-0.3957296219721267,-1.2686935074490215,0.005763698382493576,0,0,0,
2023-09-13,TLT,94.20999908447266,94.75365160581237,-0.5737536360090637,-1.6705759876180886,-0.0002122919637937981,-1,0,0,
2023-09-14,TLT,93.52999877929688,94.01496202176772,-0.5158362371710097,-1.4676784461597372,-0.0072179207279905455,0,0,0,
2023-09-15,TLT,92.95999908447266,93.62594472113412,-0.7112832224497048,-1.8787026526242219,-0.006094298110376872,-1,0,0,
2023-09-18,TLT,93.48999786376952,94.02909740190216,-0.5733326736386821,-1.4845275734463443,0.005701363860979081,0,0,0,
2023-09-19,TLT,92.8000030517578,93.3598411403034,-0.5996562137506916,-1.4981964872748625,-0.007380413175505196,0,0,0,
2023-09-20,TLT,93.08999633789062,93.36444466231448,-0.2939537908852748,-0.7638391882038875,0.0031249275495290885,0,0,0,
2023-09-21,TLT,90.6999969482422,91.26592958541308,-0.6200919003857127,-1.4903968562930894,-0.025674073301855116,0,0,0,
2023-09-22,TLT,91.43000030517578,92.19823840210567,-0.8332459602746015,-1.903524687465725,0.008048548858829108,-1,0,0,
2023-09-25,TLT,89.18000030517578,89.447523458824,-0.29908391345386304,-0.6866432507602699,-0.024608990402383624,0,0,0,
2023-09-26,TLT,88.87000274658203,89.2672111100253,-0.4449655797509956,-1.000053380911481,-0.0034760883329550962,0,0,0,
2023-09-27,TLT,88.41000366210938,88.48455617357813,-0.08425482896981984,-0.2101721970983879,-0.005176089459391298,0,0,0,
2023-09-28,TLT,88.68000030517578,88.83022867441979,-0.16911852134775085,-0.4133353457648543,0.0030539150761523803,0,0,0,
2023-09-29,TLT,88.69000244140625,88.98966341998359,-0.3367368378090121,-0.7779753465814224,0.00011278908655887321,0,0,0,
2023-10-02,TLT,86.93000030517578,86.62828153545499,0.34829130207010556,0.7378406000305414,-0.019844425389358045,0,0,0,
2023-10-03,TLT,85.05999755859375,84.69404655106484,0.4320858695873769,0.9027785549363494,-0.021511592545924496,0,0,0,
2023-10-04,TLT,86.26000213623047,85.84686516305226,0.4812487589308294,0.9910945500806356,0.014107742911820376,0,0,0,
2023-10-05,TLT,85.83000183105469,85.57169766241701,0.3018570107802427,0.5874778780021028,-0.004984932697969069,0,0,0,
2023-10-06,TLT,84.79000091552734,84.724088129159,0.07779698527750684,0.10113590755514762,-0.012116985824775495,0,0,0,
2023-10-09,TLT,86.77999877929688,86.41801036507123,0.4188807549449894,0.8657136611708184,0.023469723343346516,0,0,0,
2023-10-10,TLT,86.66000366210938,85.99449081431338,0.7739017249756462,1.661197507363189,-0.0013827508512955777,1,0,0,
2023-10-11,TLT,88.47000122070312,87.39228946968578,1.233188599997919,2.553955221796623,0.020886192962222827,1,1,1,
2023-10-12,TLT,86.06999969482422,84.7166733113284,1.5974734731643951,3.033116888684014,-0.027127856818852103,1,1,1,
2023-10-13,TLT,87.61000061035156,86.31135944655453,1.5046005208632707,2.6561000811794493,0.017892423852534867,1,1,1,
2023-10-16,TLT,86.19999694824219,84.86516184347188,1.5728893644630295,2.615541453389265,-0.016094094878282394,1,1,1,
2023-10-17,TLT,85.25,84.09978335268843,1.3676808684368593,2.1342934791326,-0.011020846657484262,1,1,0,
2023-10-18,TLT,84.5,83.33435894201156,1.3987520547191734,2.0749084499999895,-0.008797653958944274,1,1,0,
2023-10-19,TLT,82.7699966430664,81.60243400234839,1.4307938911288074,2.0290968850800732,-0.020473412508089872,1,1,0,
2023-10-20,TLT,83.23999786376953,82.72883232648704,0.6178807592317919,0.7324309410695893,0.005678400867042965,0,0,0,
2023-10-23,TLT,84.23999786376953,83.49927417306915,0.8871019515272407,1.1218936076154242,0.012013455377985371,0,0,0,
2023-10-24,TLT,85.3499984741211,84.79836480110242,0.6505239509188027,0.7255336205212132,0.013176645756171723,0,0,0,
2023-10-25,TLT,83.44999694824219,82.7067315338347,0.8986758400716447,1.081457066935825,-0.02226129537020438,0,0,0,
2023-10-26,TLT,84.7300033569336,84.35617160727297,0.44315874290861423,0.3555789746343846,0.015338603421223507,0,0,0,
2023-10-27,TLT,84.37000274658203,83.9054919465026,0.5536119141946109,0.5112261572605769,-0.004248797310145491,0,0,0,
2023-10-30,TLT,83.98999786376953,83.26321650793489,0.8728720632181975,0.9838597817354846,-0.004504028332841248,0,0,0,
2023-10-31,TLT,83.58000183105469,82.72452948617142,1.034121741395062,1.1996537642966132,-0.00488148640484376,0,0,0,
2023-11-01,TLT,85.0999984741211,83.88574612246575,1.4475073630300028,1.7564552883356939,0.018186128377202904,1,0,0,
2023-11-02,TLT,87.04000091552734,85.81631567212796,1.4259354224371867,1.6539267829356543,0.022796738850661802,1,0,0,
2023-11-03,TLT,87.62999725341797,86.73037660020563,1.0372613246674236,1.0496267898476863,0.006778450501893074,0,0,0,
2023-11-06,TLT,86.77999877929688,85.67631865315673,1.288197419648916,1.368430676403457,-0.009699857363489106,0,0,0,
2023-11-07,TLT,88.05999755859375,87.39444549089107,0.7615496201895876,0.5875125272844195,0.014749928523878353,0,0,0,
2023-11-08,TLT,89.55999755859375,88.50180731535238,1.1956707725422981,1.1985034377872672,0.017033841035504427,0,0,0,
2023-11-09,TLT,87.5,86.41747160699839,1.252673068155286,1.255232663778552,-0.02300131325088539,0,0,0,
2023-11-10,TLT,87.98999786376953,86.9530438254239,1.19254484113003,1.150535587818683,0.0055999755859375,0,0,0,
2023-11-13,TLT,87.79000091552734,86.88974584785667,1.0360889641074686,0.916471643511872,-0.0022729509387172664,0,0,0,
2023-11-14,TLT,89.77999877929688,88.4543636977098,1.4986655560797424,1.5284146950291952,0.022667705239966196,1,0,0,
2023-11-15,TLT,88.5199966430664,87.4989372477247,1.1669391965880822,1.0533576172819559,-0.014034330066409195,0,0,0,
2023-11-16,TLT,89.62000274658203,89.0112214225066,0.6839377264421024,0.3867025946411171,0.012426639688556618,0,0,0,
2023-11-17,TLT,90.04000091552734,89.7021737036098,0.37660983894746713,-0.03165510711458497,0.00468643334159391,0,0,0,
2023-11-20,TLT,90.58999633789062,90.25661444135248,0.36937115202207094,-0.04906530075659618,0.006108345366180767,0,0,0,
2023-11-21,TLT,90.5500030517578,90.15375364905898,0.4395262389642608,0.04543368493120791,-0.0004414757451104423,0,0,0,
2023-11-22,TLT,90.87000274658205,90.44112649125302,0.4742049020923112,0.08522783047641176,0.0035339556492486324,0,0,0,
2023-11-24,TLT,89.80000305175781,89.81344590290597,-0.014967526313029438,-0.5990274031463844,-0.011775059562925794,0,0,0,
2023-11-27,TLT,91.3000030517578,91.72908588143356,-0.46777183654744386,-1.2186434508043973,0.01670378562387609,0,0,0,
2023-11-28,TLT,91.4800033569336,91.89302008457337,-0.4494538619577995,-1.2006181744743396,0.0019715257301113898,0,0,0,
2023-11-29,TLT,92.62999725341795,93.18155825763704,-0.591920777600729,-1.3889352370032682,0.012570986601272427,0,0,0,
2023-11-30,TLT,91.55999755859376,92.07803469675376,-0.5626066410584026,-1.3417203109722793,-0.011551330309304442,0,0,0,
2023-12-01,TLT,92.98999786376952,93.72771864343508,-0.7870892307451218,-1.5939580740810322,0.015618177624574736,-1,0,0,
2023-12-04,TLT,92.62000274658205,93.54289567092576,-0.9865986269982014,-1.7962895748362993,-0.003978870047179894,-1,0,0,
2023-12-05,TLT,94.61000061035156,95.28705615508252,-0.7105430391605695,-1.3875064662077876,0.02148561654888259,0,0,0,
2023-12-06,TLT,95.87000274658205,96.72347859372876,-0.8823874611991552,-1.5663046836348398,0.013317853589492668,-1,0,0,
2023-12-07,TLT,95.31999969482422,96.26352325307565,-0.9801465044770032,-1.6478905422512238,-0.005736967101291124,-1,0,0,
2023-12-08,TLT,94.54000091552734,95.60299063424677,-1.111879149038502,-1.7566837724541395,-0.008182949871948342,-1,0,0,
2023-12-11,TLT,94.33999633789062,95.61641089443827,-1.3349325127428464,-1.959195893564721,-0.0021155550634638365,-1,0,0,
2023-12-12,TLT,94.62000274658205,95.76572260503286,-1.1963778137780225,-1.7530720196197875,0.0029680561751195267,-1,0,0,
2023-12-13,TLT,96.83999633789062,98.18672656786882,-1.3716011084729487,-1.8983252956394425,0.023462201721282216,-1,0,0,
2023-12-14,TLT,99.04000091552734,99.88480034183132,-0.8457737547783639,-1.2904418119976697,0.02271793330062244,0,0,0,
2023-12-15,TLT,99.1500015258789,99.75321823714648,-0.604709022854312,-1.014342989428328,0.0011106685110533476,0,0,0,
2023-12-18,TLT,98.36000061035156,98.64525531242492,-0.28917224773752515,-0.6634491555296493,-0.007967734779319668,0,0,0,
2023-12-19,TLT,98.88999938964844,99.07692748735002,-0.18866965543057299,-0.5509046237834949,0.0053883568117942815,0,0,0,
2023-12-20,TLT,99.55999755859376,99.6746067363449,-0.11498332574744323,-0.4790165950034017,0.006775186298721536,0,0,0,
2023-12-21,TLT,98.93000030517578,99.34123578237408,-0.4139625141156823,-0.8390566832928087,-0.006327815074997467,0,0,0,
2023-12-22,TLT,98.4800033569336,98.56833743013615,-0.08961708750050704,-0.4662260233562561,-0.004548639915637809,0,0,0,
2023-12-26,TLT,98.76000213623048,99.01527241107104,-0.2578089911026826,-0.6678698595292771,0.002843204404472388,0,0,0,
2023-12-27,TLT,100.51000213623048,101.08437905282604,-0.5682153088118477,-1.0153724731412737,0.0177197242015652,0,0,0,
2023-12-28,TLT,99.77999877929688,100.33457078783748,-0.5527227596490882,-0.9848323952154684,-0.007262992154195458,0,0,0,
2023-12-29,TLT,98.87999725341795,99.4680591145014,-0.5912067314056124,-1.0204106145081762,-0.009019859058824298,0,0,0,
2024-01-02,TLT,98.30999755859376,98.46698632033925,-0.15943288975530837,-0.5128232869355834,-0.005764560180592904,0,0,0,
2024-01-03,TLT,98.72000122070312,99.09038440440156,-0.3737831737405028,-0.7412466849307032,0.004170518485314689,0,0,0,
2024-01-04,TLT,97.22000122070312,97.72062755509351,-0.5123036424506623,-0.8765305983381809,-0.015194489277269407,0,0,0,
2024-01-05,TLT,96.29000091552734,96.47491937160336,-0.19167516001101587,-0.501880515591061,-0.00956593595452182,0,0,0,
2024-01-08,TLT,97.23999786376952,97.44932097805506,-0.21480202446220933,-0.5218571248098294,0.009865997914732416,0,0,0,
2024-01-09,TLT,96.62000274658205,96.56440968537557,0.05757096365794831,-0.20675941251191124,-0.006375926890250128,0,0,0,
2024-01-10,TLT,96.16999816894533,96.17454792302595,-0.004730725726176023,-0.2639831642257192,-0.004657468069184434,0,0,0,
2024-01-11,TLT,96.70999908447266,96.80079693022309,-0.09379865520722908,-0.3445859094918458,0.0056150662972738186,0,0,0,
2024-01-12,TLT,96.5199966430664,96.90391643324908,-0.3961860410947699,-0.6667645407247768,-0.001964661805448742,0,0,0,
2024-01-16,TLT,94.81999969482422,94.95627114887128,-0.1435096938815313,-0.34786741240252816,-0.017612898957392487,0,0,0,
2024-01-17,TLT,94.66999816894533,95.043717406339,-0.3932077233426338,-0.6207065998347614,-0.0015819608348626168,0,0,0,
2024-01-18,TLT,93.79000091552734,93.8838381714665,-0.09995038311894343,-0.24055242598918308,-0.009295418511021447,0,0,0,
2024-01-19,TLT,94.08999633789062,94.26827166432356,-0.18911487745076383,-0.32651901590836613,0.00319858641043691,0,0,0,
2024-01-22,TLT,94.6500015258789,94.44745425790144,0.2144549787698699,0.21331874655931288,0.0059518036962953325,0,0,0,
2024-01-23,TLT,93.9000015258789,94.176110792015,-0.29318397607846414,-0.42698214435409143,-0.0079239301416697,0,0,0,
2024-01-24,TLT,93.3499984741211,93.6650927186382,-0.3364052021638715,-0.4617723902688151,-0.005857327399576562,0,0,0,
2024-01-25,TLT,93.95999908447266,94.58244059535043,-0.6580941525295935,-0.8558506131372664,0.006534554047375574,0,0,0,
2024-01-26,TLT,93.77999877929688,94.28894924678328,-0.5397774304964624,-0.6762199054158232,-0.001915712078859766,0,0,0,
2024-01-29,TLT,94.86000061035156,95.6965886176578,-0.8742088086846043,-1.083109794124809,0.01151633445417688,0,0,0,
2024-01-30,TLT,95.72000122070312,96.36578150548912,-0.6701344343367516,-0.7899142153044612,0.009065998364095718,0,0,0,
2024-01-31,TLT,96.66000366210938,97.104438339919,-0.45768729566599065,-0.48870214596702083,0.009820334615739057,0,0,0,
2024-02-01,TLT,98.23999786376952,98.85155820389944,-0.6186653516057598,-0.6772742875113513,0.016345894287189022,0,0,0,
2024-02-02,TLT,96.06999969482422,96.23685380965094,-0.17337860520330817,-0.04512950684528017,-0.02208874405671768,0,0,0,
2024-02-05,TLT,94.12999725341795,95.02087047182596,-0.9375553117797957,-1.0938130253545828,-0.020193634303829255,0,0,0,
2024-02-06,TLT,95.0500030517578,96.0306220239205,-1.021152369416536,-1.1838936003701814,0.009773779084078615,0,0,0,
2024-02-07,TLT,94.58999633789062,95.71852832893356,-1.1790110135884777,-1.3916023907964814,-0.004839628607025803,0,0,0,
2024-02-08,TLT,94.04000091552734,94.89651833242053,-0.9025804444087407,-0.948859948877341,-0.005814519966769072,0,0,0,
2024-02-09,TLT,93.8499984741211,94.20510706179716,-0.37695258649101143,-0.1188988815191534,-0.0020204427855856633,0,0,0,
2024-02-12,TLT,93.95999908447266,93.977146390741,-0.018246251271608352,0.5052735151476777,0.0011720896338842657,0,0,0,
2024-02-13,TLT,92.3499984741211,92.31064550341048,0.0426310210442151,0.6703886129191655,-0.017134957705822518,0,0,0,
2024-02-14,TLT,92.81999969482422,92.99404848249657,-0.18716121140280007,0.31725074980224516,0.005089347357540408,0,0,0,
2024-02-15,TLT,93.3000030517578,93.01604416090888,0.30527947453635,1.3769358970022714,0.005171335472007543,0,0,0,
2024-02-16,TLT,92.76000213623048,92.6591771701144,0.10881271472006797,1.0958518183791273,-0.005787790973894702,0,0,0,
2024-02-20,TLT,92.83999633789062,92.4121661552474,0.4629587211758335,1.9045748596191792,0.0008623781782870488,1,0,0,
2024-02-21,TLT,92.18000030517578,91.67489504502184,0.5509744624260337,2.068633948482321,-0.007108962287253773,1,1,0,
2024-02-22,TLT,92.62999725341795,91.82256533759086,0.879339313662743,2.663947154777797,0.004881719969108245,1,1,1,
2024-02-23,TLT,93.87000274658205,93.2326285345558,0.6836385737960913,2.2083398601480564,0.013386651516049008,1,1,0,
2024-02-26,TLT,93.58999633789062,93.03239140088792,0.599366444962078,2.0140107962267386,-0.002982916805141067,1,1,0,
2024-02-27,TLT,92.93000030517578,92.31272054248848,0.6686833180300326,2.067508908617015,-0.007051993359760811,1,1,0,
2024-02-28,TLT,93.5199966430664,92.68126045952737,0.904968468685539,2.3764232452783074,0.006348825308868156,1,1,0,
2024-02-29,TLT,94.18000030517578,93.18930288890635,1.0631020788410293,2.49359549509709,0.0070573533554367796,1,1,0,
2024-03-01,TLT,94.47000122070312,93.54128761067372,0.9928381720538046,2.2298068296253972,0.0030792197344196026,1,1,0,
2024-03-04,TLT,94.08999633789062,93.1903671353278,0.9653671620977848,2.067727398820233,-0.0040224926209614376,1,1,0,
2024-03-05,TLT,95.43000030517578,94.46994565503336,1.016254051471737,2.0436580909153594,0.014241726213624295,1,1,0,
2024-03-06,TLT,95.98999786376952,95.38550454510586,0.6337370877750135,1.3780089096953176,0.005868150024131991,0,0,0,
2024-03-07,TLT,95.9000015258789,95.11967879366485,0.8203588806336792,1.6123726984172717,-0.000937559536341892,1,0,0,
2024-03-08,TLT,95.7300033569336,95.19285732202036,0.5642713644955168,1.1684791746880434,-0.0017726607532893013,0,0,0,
2024-03-11,TLT,95.68000030517578,94.85782675738405,0.8667429730333076,1.5883514157239658,-0.0005223341690626659,1,0,0,
2024-03-12,TLT,94.87999725341795,94.1692708092918,0.754732874129916,1.370941980646506,-0.008361235882171636,0,0,0,
2024-03-13,TLT,94.41999816894533,93.46460300742064,1.0221999888544306,1.7431492572106217,-0.0048482198333543725,1,0,0,
2024-03-14,TLT,92.97000122070312,92.1768045262564,0.8605165893126397,1.4481417570309254,-0.015356883884362404,0,0,0,
2024-03-15,TLT,92.94000244140624,91.84855029870413,1.1883172234646682,1.9206522057990496,-0.0003226716026998311,1,0,0,
2024-03-18,TLT,92.66000366210938,91.87088394835288,0.8589442920785562,1.347106717812605,-0.0030126831497920836,0,0,0,
2024-03-19,TLT,92.91999816894533,92.35293263742,0.6140200590615177,0.9229325424954613,0.0028058978692040437,0,0,0,
2024-03-20,TLT,92.88999938964844,92.42466796145229,0.5034710304723279,0.7230018059868385,-0.00032284524201497966,0,0,0,
2024-03-21,TLT,93.08999633789062,93.0794835039656,0.011294469553617698,-0.07410556895172185,0.0021530514539380707,0,0,0,
2024-03-22,TLT,93.9800033569336,94.35151454980682,-0.3937522303122256,-0.7168997758308296,0.009560716017352533,0,0,0,
2024-03-25,TLT,93.51000213623048,93.60405131153092,-0.10047553923433132,-0.2551734829397585,-0.0050010768665122995,0,0,0,
2024-03-26,TLT,93.7699966430664,93.2027871927434,0.6085756310592045,0.864818595922798,0.002780392480979277,0,0,0,
2024-03-27,TLT,94.6999969482422,94.22055958464408,0.5088458036246486,0.6843963625950791,0.00991788779427849,0,0,0,
2024-03-28,TLT,94.62000274658205,93.90248569163582,0.7641086917576021,1.0586152386385492,-0.000844711765976891,0,0,0,
2024-04-01,TLT,92.5500030517578,91.496752343927,1.1511345275641438,1.613707353224842,-0.021876977750341697,1,0,0,
2024-04-02,TLT,92.04000091552734,91.06074460977828,1.0753879840818987,1.442712805440232,-0.005510557746229772,0,0,0,
2024-04-03,TLT,92.0199966430664,91.57158663971953,0.48968246570970697,0.5076529081238375,-0.0002173432449147361,0,0,0,
2024-04-04,TLT,92.68000030517578,92.45840985253612,0.23966500504721985,0.10078587001343532,0.007172393894660178,0,0,0,
2024-04-05,TLT,91.38999938964844,90.91693763922646,0.5203230142871335,0.5216464346346324,-0.013918870428135999,0,0,0,
2024-04-08,TLT,91.37999725341795,91.05862122029458,0.3529331202433638,0.2424324165607388,-0.00010944453766581486,0,0,0,
2024-04-09,TLT,92.2300033569336,92.39795972734116,-0.18177497739473006,-0.6109426014313929,0.00930188366233331,0,0,0,
2024-04-10,TLT,90.22000122070312,90.4836408566464,-0.29136718355637714,-0.7733871783312888,-0.021793365098900508,0,0,0,
2024-04-11,TLT,89.80999755859375,90.74756676100164,-1.033161809040154,-1.8706068778547202,-0.004544487436953015,-1,0,0,
2024-04-12,TLT,90.29000091552734,91.12872349339156,-0.9203712569561447,-1.6413448849770915,0.005344653935887678,-1,0,0,
2024-04-15,TLT,88.88999938964844,89.59062208991364,-0.7820268281674068,-1.4081851464832642,-0.015505609831466316,0,0,0,
2024-04-16,TLT,88.30000305175781,88.97731373421622,-0.7612172744185152,-1.3443749830010705,-0.006637375879646301,0,0,0,
2024-04-17,TLT,89.27999877929688,90.05939825171498,-0.865428247965519,-1.4682458568268957,0.011098478977001003,0,0,0,
2024-04-18,TLT,88.83000183105469,89.43002734935584,-0.6709441292656316,-1.160062068810472,-0.005040288467684673,0,0,0,
2024-04-19,TLT,89.1500015258789,89.60794061622796,-0.5110474442330004,-0.9174697199105555,0.0036023830713505234,0,0,0,
2024-04-22,TLT,89.0,89.29776781492377,-0.33345493645587987,-0.6481740016177528,-0.0016825745744419862,0,0,0,
2024-04-23,TLT,89.02999877929688,89.13680424075531,-0.11982195499174256,-0.34743416995903464,0.0003370649359200062,0,0,0,
2024-04-24,TLT,88.4000015258789,88.45209713052586,-0.05889696947498595,-0.26729666445937006,-0.007076235673996956,0,0,0,
2024-04-25,TLT,87.77999877929688,87.76599687689404,0.015953675570368073,-0.17697546572224904,-0.007013605609503593,0,0,0,
2024-04-26,TLT,88.23999786376953,88.18015922198975,0.06785953020240724,-0.11657042168246683,0.005240363304506612,0,0,0,
2024-04-29,TLT,88.9800033569336,88.65894205587712,0.362130760430376,0.2902504943232767,0.008386281857197364,0,0,0,
2024-04-30,TLT,88.22000122070312,88.1402819373559,0.09044591371274478,-0.13394478511068592,-0.008541268909395328,0,0,0,
2024-05-01,TLT,88.55999755859375,88.64682453763984,-0.09794708327000155,-0.42927576548888907,0.0038539597958069383,0,0,0,
2024-05-02,TLT,88.94000244140625,89.5208415522416,-0.6488311556995321,-1.263241948554884,0.004290931496029993,0,0,0,
2024-05-03,TLT,89.83999633789062,90.05924337979835,-0.24344757259741923,-0.6463767799450897,0.010119112567793076,0,0,0,
2024-05-06,TLT,90.19000244140624,90.63429324212156,-0.49020164975351904,-1.0465210046481983,0.003895882878258705,0,0,0,
2024-05-07,TLT,90.73999786376952,90.90279468445374,-0.17908890617645976,-0.6044251422100493,0.00609818613455082,0,0,0,
2024-05-08,TLT,90.19000244140624,90.38087203067204,-0.21118361106432712,-0.7046282735773253,-0.006061223664441839,0,0,0,
2024-05-09,TLT,90.62999725341795,90.49878021995116,0.1449931514522988,-0.15299442284703518,0.004878531989147783,0,0,0,
2024-05-10,TLT,90.12000274658205,90.00418446544762,0.12868099613622477,-0.19563497694880544,-0.005627215296165944,0,0,0,
2024-05-13,TLT,90.3499984741211,90.04429765292166,0.3395004782843327,0.15299781383346817,0.0025521051989512156,0,0,0,
2024-05-14,TLT,90.86000061035156,90.79861848643596,0.0676024866223888,-0.3102039918496061,0.005644738736509725,0,0,0,
2024-05-15,TLT,92.0999984741211,92.28765677517262,-0.2033406282149876,-0.7704458727744208,0.013647345976665726,0,0,0,
2024-05-16,TLT,92.01000213623048,92.09410718990716,-0.09132511975304472,-0.5677749251617225,-0.0009771589509406375,0,0,0,
2024-05-17,TLT,91.38999938964844,90.86141751755656,0.5817451306983434,0.560007642147096,-0.006738427694676807,0,0,0,
2024-05-20,TLT,91.12000274658205,90.11665875648842,1.1133834786361128,1.4198783153537047,-0.0029543346631970557,0,0,0,
2024-05-21,TLT,91.58999633789062,91.36585516657748,0.24532268745747243,-0.01844292290482031,0.005157962874690725,0,0,0,
2024-05-22,TLT,91.6999969482422,91.89949232035652,-0.2170799501469318,-0.7644732662092055,0.0012010111884463992,0,0,0,
2024-05-23,TLT,91.11000061035156,90.84134419934075,0.2957424434641502,0.10596815608260912,-0.006433984269635817,0,0,0,
2024-05-24,TLT,91.37999725341795,91.06708394761536,0.34360747290710797,0.19394753586612568,0.0029634139090952694,0,0,0,
2024-05-28,TLT,90.06999969482422,89.61523555232093,0.5074629773614602,0.47622930951574466,-0.014335714576143022,0,0,0,
2024-05-29,TLT,88.9800033569336,89.23298664381174,-0.28350870725416044,-0.8353714765314721,-0.012101658061327347,0,0,0,
2024-05-30,TLT,89.83999633789062,89.84436471312779,-0.004862158301315472,-0.3378957278011856,0.009665014031380315,0,0,0,
2024-05-31,TLT,90.4499969482422,90.69011144674832,-0.2647637043065138,-0.7617054159189859,0.006789855690302327,0,0,0,
2024-06-03,TLT,91.5999984741211,92.18941629775898,-0.6393551964079589,-1.3733632207294506,0.012714224042892575,0,0,0,
2024-06-04,TLT,92.66999816894533,93.16821971618532,-0.5347548217167888,-1.1567230216265905,0.011681219570397028,0,0,0,
2024-06-05,TLT,93.3499984741211,93.36525591780732,-0.016341671788117303,-0.22452228767280744,0.007337868982538076,0,0,0,
2024-06-06,TLT,93.20999908447266,93.04812768679425,0.17396523896029362,0.13363537715854806,-0.0014997256768809475,0,0,0,
2024-06-07,TLT,91.5,91.25190738296376,0.2718766370494002,0.3198499511341503,-0.018345661423330273,0,0,0,
2024-06-10,TLT,90.88999938964844,90.7597090051606,0.14355531316261436,0.11020421908672191,-0.006666673337175522,0,0,0,
2024-06-11,TLT,91.83000183105467,92.30482872047872,-0.5144117550577352,-1.0660621025673693,0.010342198786649881,0,0,0,
2024-06-12,TLT,92.5199966430664,92.86291526568186,-0.36927402250334584,-0.7739454188816483,0.00751382770612552,0,0,0,
2024-06-13,TLT,93.87999725341795,93.97511775278224,-0.10121881370185198,-0.24470238165206942,0.014699531557467616,0,0,0,
2024-06-14,TLT,94.66999816894533,94.68490898158583,-0.01574782380939715,-0.04564048788219303,0.00841500786791527,0,0,0,
2024-06-17,TLT,93.7300033569336,93.97454634636436,-0.2602225804096474,-0.51156427635589,-0.009929173235371236,0,0,0,
2024-06-18,TLT,94.58999633789062,94.95564812291364,-0.3850763932964865,-0.7417930196091016,0.009175215514311663,0,0,0,
2024-06-20,TLT,93.95999908447266,94.17998985882748,-0.2335854725452669,-0.4075827501273115,-0.0066602947225784526,0,0,0,
2024-06-21,TLT,93.95999908447266,94.40529612436409,-0.4716865029529914,-0.8829334850726306,0.0,0,0,0,
2024-06-24,TLT,94.33999633789062,94.36821948984996,-0.029907475325815308,0.021440675488529595,0.004044244967226218,0,0,0,
2024-06-25,TLT,94.5,94.88974623103628,-0.4107358766534533,-0.7580387396652769,0.001696032100068079,0,0,0,
2024-06-26,TLT,93.1500015258789,93.38299835444128,-0.2495066903699355,-0.4010758571427857,-0.014285698138847502,0,0,0,
2024-06-27,TLT,93.5199966430664,93.61998519350276,-0.10680257023079479,-0.0814446003618705,0.003972035546179864,0,0,0,
2024-06-28,TLT,91.77999877929688,92.17055294702529,-0.4237298738490592,-0.7314656812366859,-0.01860562367651175,0,0,0,
2024-07-01,TLT,89.91000366210938,89.92201819041067,-0.013361052768913901,0.21420898648298684,-0.020374756396372096,0,0,0,
2024-07-02,TLT,90.61000061035156,90.8034956889828,-0.21309210307717363,-0.2144862366677536,0.007785529081645315,0,0,0,
2024-07-03,TLT,91.8000030517578,91.55137228070583,0.2715751439417387,1.002959966834785,0.013133235110808439,0,0,0,
2024-07-05,TLT,92.55999755859376,92.43726229333892,0.13277682853193987,0.6626085008273677,0.008278806988791354,0,0,0,
2024-07-08,TLT,92.76000213623048,92.40003466838692,0.3895750354807141,1.3220879862226702,0.002160810100606536,0,0,0,
2024-07-09,TLT,92.3499984741211,91.4156780642178,1.0220570800196336,2.743565272515946,-0.0044200480020175625,1,1,1,
2024-07-10,TLT,92.63999938964844,91.87851025840078,0.8288000416049754,2.1553616217395186,0.0031402373613316215,1,1,0,
2024-07-11,TLT,93.54000091552734,92.92170383850492,0.665395759527828,1.7044724611743642,0.009715042441801547,1,0,0,
2024-07-12,TLT,93.94000244140624,93.41411334290866,0.5629653589571794,1.4465935682223765,0.004276261727216735,0,0,0,
2024-07-15,TLT,92.86000061035156,92.37630459482726,0.5236148140433269,1.3270972173899387,-0.011496719214248552,0,0,0,
2024-07-16,TLT,94.16999816894533,93.73982716401918,0.4588988671522398,1.1457298326999705,0.014107231854225688,0,0,0,
2024-07-17,TLT,94.19000244140624,94.22635136184304,-0.03857617313146588,-0.06407313193045151,0.00021242723637970862,0,0,0,
2024-07-18,TLT,93.47000122070312,92.9839514372869,0.522724379748517,1.2786775065454186,-0.007644136341869334,0,0,0,
2024-07-19,TLT,92.91999816894533,92.5356262454611,0.4153772326180994,0.9838905191374304,-0.005884273505668669,0,0,0,
2024-07-22,TLT,92.6500015258789,91.86279140571853,0.8569412142981939,2.0094511685142065,-0.0029056892852658,1,1,0,
2024-07-23,TLT,92.5199966430664,91.42875953275887,1.1935381338259783,2.6415343920983747,-0.001403182737953701,1,1,1,
2024-07-24,TLT,91.5199966430664,90.40092063155072,1.2379033351626292,2.5517602153193284,-0.01080847423566067,1,1,1,
2024-07-25,TLT,92.2699966430664,91.0213939267497,1.371768396912857,2.637884799766186,0.008194930370518216,1,1,1,
2024-07-26,TLT,92.98999786376952,91.71886941431976,1.3858963347091857,2.4864186773036376,0.00780319981465194,1,1,0,
2024-07-29,TLT,93.48999786376952,92.0914420137068,1.5186599530655205,2.556649058050107,0.0053769223732267335,1,1,1,
2024-07-30,TLT,93.8499984741211,92.41819587016106,1.5492648287265702,2.451391126188417,0.0038506858335387584,1,1,0,
2024-07-31,TLT,94.80999755859376,93.27523637912388,1.6454111927754707,2.4497998099047447,0.010229079382855666,1,1,0,
2024-08-01,TLT,95.30999755859376,93.73200641075567,1.683513677198974,2.356730560837793,0.0052737054411482465,1,1,0,
2024-08-02,TLT,98.27999877929688,96.83684142248374,1.4902978407947707,1.9573306886162958,0.031161486693746188,1,0,0,
2024-08-05,TLT,98.8000030517578,97.76819620128562,1.0553604245166706,1.2196307197029674,0.005291048829056955,0,0,0,
2024-08-06,TLT,96.58999633789062,95.67024606315444,0.9613754668604457,1.0374998106745799,-0.022368488315829604,0,0,0,
2024-08-07,TLT,95.91000366210938,95.27639551134637,0.6650211181504595,0.5444842903429149,-0.007039990698441523,0,0,0,
2024-08-08,TLT,95.31999969482422,94.80412752481728,0.5441452640043563,0.3335607097226544,-0.006151641588543089,0,0,0,
2024-08-09,TLT,96.26000213623048,95.26954993679482,1.0396314458216362,1.0976575781682059,0.009861544737890915,0,0,0,
2024-08-12,TLT,96.61000061035156,95.55798639090078,1.1009171071764625,1.1589806213250353,0.0036359699392667366,0,0,0,
2024-08-13,TLT,97.27999877929688,96.49010081891348,0.818631086173109,0.698747646360234,0.0069350808892709725,0,0,0,
2024-08-14,TLT,97.88999938964844,97.41893935928256,0.48354050399645576,0.16200426726586364,0.006270565563384789,0,0,0,
2024-08-15,TLT,97.0999984741211,96.67151567999169,0.44323582920516086,0.08296772592911104,-0.008070292373613897,0,0,0,
2024-08-16,TLT,97.44000244140624,97.05947002509684,0.3920610901862517,-0.010368451446892184,0.0035015857119273797,0,0,0,
2024-08-19,TLT,97.88999938964844,97.58138243460697,0.3162662255254361,-0.12445836285552349,0.004618195165920769,0,0,0,
2024-08-20,TLT,98.66999816894533,98.63920370108303,0.031219298926634585,-0.5560002366024026,0.007968115069570292,0,0,0,
2024-08-21,TLT,98.7300033569336,98.83019038998462,-0.10137290301241944,-0.7569486843290091,0.0006081401550805943,0,0,0,
2024-08-22,TLT,97.75,97.8629156987177,-0.11538149861110192,-0.7837228106280707,-0.009926094638026517,0,0,0,
2024-08-23,TLT,98.38999938964844,98.2366517200132,0.15610026090088877,-0.34447884897889347,0.006547308333999302,0,0,0,
2024-08-26,TLT,98.13999938964844,98.15249790997628,-0.012733777126387461,-0.6041533548562061,-0.0025409086446879225,0,0,0,
2024-08-27,TLT,97.97000122070312,97.78858272441218,0.1855211428947884,-0.2791866555677798,-0.0017322006317767036,0,0,0,
2024-08-28,TLT,97.8499984741211,97.56593945895878,0.2911456772081849,-0.12612356671484268,-0.0012248927741839166,0,0,0,
2024-08-29,TLT,97.52999877929688,97.0156456075238,0.5301754872135712,0.24591122639915608,-0.0032703086337692033,0,0,0,
2024-08-30,TLT,96.48999786376952,95.91661870612256,0.5977891687401135,0.3356728222819605,-0.010663395145536714,0,0,0,
2024-09-03,TLT,97.75,97.5775359907548,0.17674560798660047,-0.37933656758289885,0.013058370443840506,0,0,0,
2024-09-04,TLT,99.01000213623048,99.05412736358484,-0.04454658127711554,-0.7726737480538308,0.012890047429467755,0,0,0,
2024-09-05,TLT,99.56999969482422,99.29191222041996,0.2800706202403753,-0.23255770704594017,0.0056559695637943275,0,0,0,
2024-09-06,TLT,99.55999755859376,99.06483349835366,0.49983838134480785,0.1319303909244087,-0.00010045331185204454,0,0,0,
2024-09-09,TLT,99.98999786376952,100.12899717190764,-0.138820233962278,-0.9363186351729728,0.004319006787065094,0,0,0,
2024-09-10,TLT,100.69000244140624,101.09082451850183,-0.3964969907058558,-1.3391610777329899,0.0070007460005192534,0,0,0,
2024-09-11,TLT,100.61000061035156,100.62011906583392,-0.01005609571554552,-0.7195710933994254,-0.0007945359927985507,0,0,0,
2024-09-12,TLT,100.13999938964844,99.75181829163704,0.38914688940957914,-0.06530947440442211,-0.004671515931337411,0,0,0,
2024-09-13,TLT,100.41000366210938,99.71874776117002,0.6932055570883581,0.4374591079993661,0.0026962679659137123,0,0,0,
2024-09-16,TLT,101.33000183105467,100.99932272787557,0.3274072481357751,-0.2043678826438187,0.009162415450568062,0,0,0,
2024-09-17,TLT,100.83999633789062,100.59978637017804,0.23877781094751482,-0.3760412590027434,-0.004835739507643821,0,0,0,
2024-09-18,TLT,99.58999633789062,99.1703137261403,0.42319379255902057,-0.07642362612246044,-0.012395875103084597,0,0,0,
2024-09-19,TLT,99.26000213623048,98.876263140405,0.388100221061722,-0.1587338320933704,-0.0033135276011110326,0,0,0,
2024-09-20,TLT,98.87999725341795,98.4245614354326,0.4627257783456123,-0.05183745386930084,-0.0038283787490854815,0,0,0,
2024-09-23,TLT,98.66999816894533,98.53854494425808,0.13340284734426527,-0.6698860057331243,-0.0021237772077847827,0,0,0,
2024-09-24,TLT,98.6500015258789,98.22321239622636,0.43450943951100557,-0.1375773920444498,-0.00020266183680450744,0,0,0,
2024-09-25,TLT,97.83000183105467,97.57887243104682,0.2573604241894814,-0.49809393722917983,-0.008312211679075587,0,0,0,
2024-09-26,TLT,98.05999755859376,97.94590797365376,0.11648223728825155,-0.7830102656080379,0.0023509733541278166,0,0,0,
2024-09-27,TLT,98.56999969482422,98.60716324883867,-0.03768849319868548,-1.1154061560057944,0.0052009193241688845,0,0,0,
2024-09-30,TLT,98.0999984741211,98.00597584930664,0.0959356039258519,-0.8565737383308408,-0.004768197445046751,0,0,0,
2024-10-01,TLT,98.48999786376952,98.75619714751788,-0.2695519789514843,-1.57813160553103,0.003975529008303669,-1,0,0,
2024-10-02,TLT,97.66000366210938,98.06780280578934,-0.41583387412845385,-1.800910377941007,-0.00842719280802684,-1,0,0,
2024-10-03,TLT,96.73999786376952,97.04312009850854,-0.31235829436576407,-1.5618468337731688,-0.00942049727463612,-1,0,0,
2024-10-04,TLT,95.5500030517578,95.9032940503665,-0.3683825483858331,-1.6109637840255717,-0.012300959668073208,-1,0,0,
2024-10-07,TLT,94.83000183105467,95.04441664802732,-0.22559433213912983,-1.299768455718263,-0.007535334355909029,0,0,0,
2024-10-08,TLT,94.98999786376952,95.01475145593632,-0.026052367435053285,-0.9017731064596959,0.0016871879112676513,0,0,0,
2024-10-09,TLT,94.4499969482422,94.7856962110461,-0.35416658443531895,-1.4541275257555777,-0.0056848186932455524,0,0,0,
2024-10-10,TLT,94.08000183105467,94.01429826415485,0.06988678117366602,-0.6667785754768093,-0.003917365051798627,0,0,0,
2024-10-11,TLT,93.6999969482422,93.83898680688398,-0.14811525930881253,-1.0335243293974599,-0.00403916746828803,0,0,0,
2024-10-14,TLT,93.7699966430664,93.33644045817226,0.4645090200203611,0.06686936966085102,0.0007470618687732689,0,0,0,
2024-10-15,TLT,94.91000366210938,94.80093617055928,0.1150489604383927,-0.5670680135271307,0.012157481709020201,0,0,0,
2024-10-16,TLT,95.30999755859376,95.3220202003321,-0.012612659397139781,-0.7781012783977773,0.0042144545469455785,0,0,0,
2024-10-17,TLT,93.8000030517578,93.7182507661649,0.08723197981669277,-0.5880131118483833,-0.015842981277044532,0,0,0,
2024-10-18,TLT,93.87000274658205,93.74175412697834,0.13681056088409657,-0.48044974982934957,0.0007462653789640505,0,0,0,
2024-10-21,TLT,92.2300033569336,91.75457934622943,0.5181474473444869,0.2266445665695885,-0.017470963477820622,0,0,0,
2024-10-22,TLT,92.31999969482422,92.36556709908568,-0.04933375682366469,-0.7824477402740119,0.000975781574487522,0,0,0,
2024-10-23,TLT,92.06999969482422,91.93677943213788,0.14490420864119066,-0.3977000757797896,-0.002707972279315518,0,0,0,
2024-10-24,TLT,92.66000366210938,92.26868944960248,0.4241029268337404,0.1678269905857293,0.00640821080960996,0,0,0,
2024-10-25,TLT,92.13999938964844,91.73529538203856,0.44116499099333495,0.24592841087199777,-0.005611960413439698,0,0,0,
2024-10-28,TLT,91.88999938964844,91.60615515373304,0.3098527991258336,0.01724569522928949,-0.0027132624447150366,0,0,0,
2024-10-29,TLT,92.02999877929688,92.2610334709288,-0.25041415962971786,-1.208991737694194,0.0015235541471143588,0,0,0,
2024-10-30,TLT,92.3000030517578,92.34599548196452,-0.04980446630813145,-0.7462197088890034,0.0029338723898979513,0,0,0,
2024-10-31,TLT,92.4499969482422,92.27393025967304,0.1908087019526383,-0.09121134514352734,0.0016250692472923323,0,0,0,
2024-11-01,TLT,90.83999633789062,90.3766498833773,0.5126838128114215,0.8589976827022138,-0.017414825997808636,0,0,0,
2024-11-04,TLT,92.25,91.54427041480716,0.7709161720280538,1.640692397589278,0.015521837504976155,1,0,0,
2024-11-05,TLT,92.73999786376952,92.25389485377544,0.5269186854002929,0.9377709580690363,0.005311629959561248,0,0,0,
2024-11-06,TLT,90.1999969482422,89.78937164798991,0.4573206079023546,0.7386408767971683,-0.027388408173768197,0,0,0,
2024-11-07,TLT,91.33000183105467,91.2036187932264,0.13857239383758152,-0.17390883270151714,0.012527770743283817,0,0,0,
2024-11-08,TLT,92.48999786376952,92.61326092493734,-0.13309439699755649,-1.0238931127040447,0.012701149780557808,0,0,0,
2024-11-11,TLT,92.04000091552734,92.06617198364836,-0.028426367206474363,-0.6537152098140246,-0.004865357969896178,0,0,0,
2024-11-12,TLT,90.66000366210938,90.76398895642458,-0.11456668609522146,-0.9209978232177053,-0.01499345110485717,0,0,0,
2024-11-13,TLT,89.80000305175781,89.64443158773759,0.173542808253477,0.09131176104124404,-0.009485997966168114,0,0,0,
2024-11-14,TLT,90.31999969482422,90.59723556398444,-0.3060091927026006,-1.5225085445023065,0.0057906083006109554,-1,0,0,
2024-11-15,TLT,90.08000183105467,90.38283242475364,-0.3350532236872377,-1.5598501126233872,-0.0026571951348589584,-1,0,0,
2024-11-18,TLT,90.23999786376952,90.29794092435354,-0.06416875068343406,-0.6365747718424776,0.001776154856378831,0,0,0,
2024-11-19,TLT,90.6999969482422,90.68251890902503,0.019273879274021223,-0.36274433378386184,0.0050975077056973905,0,0,0,
2024-11-20,TLT,90.41000366210938,90.4918494441808,-0.09044547390084201,-0.736563636871065,-0.0031972799987888267,0,0,0,
2024-11-21,TLT,90.33999633789062,90.58321505721028,-0.26850307660866923,-1.299305889116108,-0.0007743316157843294,0,0,0,
2024-11-22,TLT,90.38999938964844,90.75173748298135,-0.39860183767914514,-1.676676922157567,0.0005534984921937713,-1,0,0,
2024-11-25,TLT,92.7300033569336,93.16361325227032,-0.46542837938519205,-1.8115693097081418,0.02588786351461292,-1,0,0,
2024-11-26,TLT,92.37000274658205,92.64050454211632,-0.2919908487882822,-1.2184036996132466,-0.0038822451991707974,0,0,0,
2024-11-27,TLT,93.01000213623048,93.20845301022796,-0.21291081182915503,-0.9396714238600516,0.006928649676500198,0,0,0,
2024-11-29,TLT,93.97000122070312,94.20393210626185,-0.248323907854342,-1.0236805786266179,0.01032146072920792,0,0,0,
2024-12-02,TLT,93.87000274658205,93.85451162835116,0.016505459313693963,-0.1614494894491782,-0.0010641531640104285,0,0,0,
2024-12-03,TLT,93.05999755859376,92.98164346805804,0.0842683433129923,0.05072795504163639,-0.008629009952998756,0,0,0,
2024-12-04,TLT,94.05999755859376,94.10665807097492,-0.049582583568062395,-0.3658576306699314,0.010745755708518656,0,0,0,
2024-12-05,TLT,94.25,94.27719898343824,-0.028850012231502162,-0.2758842477897955,0.0020200132504561985,0,0,0,
2024-12-06,TLT,94.38999938964844,94.22175358747252,0.17856364986852355,0.391235798442792,0.0014854046647048147,0,0,0,
2024-12-09,TLT,93.5199966430664,93.171154610072,0.37440990664368284,1.0075940511376655,-0.009217107238136513,0,0,0,
2024-12-10,TLT,93.08000183105467,93.0502466077301,0.03197758674408407,-0.13646328051337733,-0.004704820656602937,0,0,0,
2024-12-11,TLT,92.1999969482422,92.55427719947748,-0.38278106853097527,-1.4662994685028787,-0.00945428519017144,0,0,0,
2024-12-12,TLT,91.08000183105467,91.36722642310016,-0.31436282274282956,-1.2171186713863689,-0.012147452866145492,0,0,0,
2024-12-13,TLT,90.1500015258789,90.7471631966581,-0.6580499596280251,-2.247753196408587,-0.01021080683442277,-1,-1,0,
2024-12-16,TLT,90.41999816894533,90.81426527308372,-0.4341466651222793,-1.459847766515784,0.0029949710315746447,0,0,0,
2024-12-17,TLT,90.63999938964844,91.10574158033177,-0.5112105808091851,-1.6465128931153794,0.0024331035739688645,-1,0,0,
2024-12-18,TLT,89.16000366210938,89.55431277809144,-0.440301649077622,-1.3732961681073494,-0.01632828483566917,0,0,0,
2024-12-19,TLT,87.80999755859375,88.06313104825361,-0.2874454799036802,-0.8588493331410021,-0.015141386810971436,0,0,0,
2024-12-20,TLT,88.30999755859375,88.58569308265331,-0.31121901795397655,-0.9085194498459129,0.005694112446209321,0,0,0,
2024-12-23,TLT,87.5,87.20785515275125,0.3349983172238735,1.1822872804218771,-0.009172206782774639,0,0,0,
2024-12-24,TLT,87.87000274658203,87.31690200101043,0.6334406431016041,2.0678867898129507,0.0042286028180804625,1,1,0,
2024-12-26,TLT,87.81999969482422,87.37499805436141,0.5093008874071078,1.624325439796477,-0.0005690571320684512,1,0,0,
2024-12-27,TLT,87.0999984741211,86.72398771327579,0.4335718072472168,1.3475357181907628,-0.008198601949500617,0,0,0,
2024-12-30,TLT,87.80000305175781,87.04264368433644,0.870101521925237,2.4985390964961693,0.008036792076921762,1,1,0,
2024-12-31,TLT,87.33000183105469,87.02957087873276,0.34520559999147105,0.9576863625292072,-0.005353088888004454,0,0,0,
2025-01-02,TLT,87.56999969482422,88.112297693616,-0.6154623281729179,-1.7659323008213057,0.002748171976840519,-1,0,0,
2025-01-03,TLT,87.29000091552734,87.75073096626402,-0.5250441171980669,-1.4831712933760208,-0.003197428117764689,0,0,0,
2025-01-06,TLT,86.9000015258789,87.45412763149612,-0.6336191562645571,-1.7459912198484877,-0.00446785869581845,-1,0,0,
2025-01-07,TLT,85.91999816894531,86.58401992393064,-0.76691028618065,-2.0242707479647932,-0.011277368696498202,-1,-1,0,
2025-01-08,TLT,86.02999877929688,86.88370403623352,-0.9825838647263756,-2.431805081223147,0.001280267838638327,-1,-1,0,
2025-01-10,TLT,85.45999908447266,86.10110030168907,-0.7445912014713704,-1.7757760895649268,-0.006625592269116631,-1,0,0,
2025-01-13,TLT,85.43000030517578,86.1364023767408,-0.8200970229466781,-1.8728246734403078,-0.000351027142736382,-1,0,0,
2025-01-14,TLT,85.29000091552734,85.9599838464787,-0.779412583589973,-1.7090519253257974,-0.00163876143214714,-1,0,0,
2025-01-15,TLT,86.76000213623047,87.59389807401041,-0.9520023153614671,-2.0171421484851195,0.01723532893567481,-1,-1,0,
2025-01-16,TLT,87.04000091552734,87.59293561982702,-0.6312549070161707,-1.237586180928778,0.003227279534378402,0,0,0,
2025-01-17,TLT,87.19000244140625,87.838505936773,-0.7382906715575885,-1.4307812683002583,0.001723363100885944,0,0,0,
2025-01-21,TLT,87.97000122070312,88.60774053880134,-0.7197331905996931,-1.342239133130928,0.008945965792592547,0,0,0,
2025-01-22,TLT,87.51000213623047,88.22902606831954,-0.8149516821508391,-1.4948036585653333,-0.0052290448799539035,0,0,0,
2025-01-23,TLT,86.83000183105469,87.36499047507834,-0.6123604445149757,-1.0234067627141648,-0.007770543807291808,0,0,0,
2025-01-24,TLT,87.22000122070312,87.86993910169608,-0.7396589637336004,-1.2618655235324558,0.004491528059705319,0,0,0,
2025-01-27,TLT,88.25,88.9126584197968,-0.7452914259610697,-1.2322056821211353,0.01180920390829332,0,0,0,
2025-01-28,TLT,88.19000244140625,89.01187000544853,-0.9233235567256044,-1.5571615660253457,-0.0006798590208924038,-1,0,0,
2025-01-29,TLT,88.01000213623047,88.63834154682624,-0.7088799267118838,-1.0680141917444719,-0.0020410511417705557,0,0,0,
2025-01-30,TLT,88.33999633789062,88.81179044882788,-0.5312291403573205,-0.6636595491958108,0.003749507938306307,0,0,0,
2025-01-31,TLT,87.76000213623047,88.1283976212569,-0.41802131318630414,-0.4134946897359314,-0.006565476858768959,0,0,0,
2025-02-03,TLT,88.16000366210938,88.037710553583,0.13890991457796487,0.7751889705661614,0.004557902417299253,0,0,0,
2025-02-04,TLT,88.43000030517578,88.12491374924944,0.34619784910590684,1.2073452096012678,0.003062575225169173,0,0,0,
2025-02-05,TLT,89.88999938964844,89.47282175297535,0.4662618530405466,1.4683327129773074,0.016510223673347646,0,0,0,
2025-02-06,TLT,89.8499984741211,89.34296138731072,0.567517663324718,1.71458778645149,-0.00044499850705248534,1,0,0,
2025-02-07,TLT,89.2699966430664,89.00040332468294,0.3029124681603588,1.162008137663513,-0.0064552236049479905,0,0,0,
2025-02-10,TLT,89.0,89.04785453079451,-0.05374024006155106,0.4059765583742758,-0.003024494827147284,0,0,0,
2025-02-11,TLT,88.43000030517578,88.72891672754459,-0.33688726673703523,-0.20911947634558062,-0.0064044909530811545,0,0,0,
2025-02-12,TLT,87.2300033569336,87.42998744519771,-0.22873626556273882,0.036534136016674344,-0.01357002085379333,0,0,0,
2025-02-13,TLT,88.68000030517578,89.12017644887602,-0.4939130074015844,-0.5408865265940567,0.016622685915865354,0,0,0,
2025-02-14,TLT,89.1500015258789,89.30573869513009,-0.17438651930626117,0.1770208002663632,0.005299968641020447,0,0,0,
2025-02-18,TLT,88.0999984741211,88.00995549458945,0.10230999325659364,0.8014498134802799,-0.011777936441795922,0,0,0,
2025-02-19,TLT,88.20999908447266,88.04948200347201,0.18230326555960755,0.9565646344632802,0.0012485881073411864,0,0,0,
2025-02-20,TLT,88.54000091552734,88.48115298865747,0.0665089964157872,0.6818032498195513,0.003741093237498605,0,0,0,
2025-02-21,TLT,89.61000061035156,89.44924982740707,0.1797117172638782,0.9194256492089449,0.012084929791734034,0,0,0,
2025-02-24,TLT,89.87000274658203,89.95924386593107,-0.09920172237334389,0.3080367921377548,0.0029014857098486058,0,0,0,
2025-02-25,TLT,91.41999816894533,91.45221694375176,-0.03523017361761096,0.44732767660058254,0.01724708328688962,0,0,0,
2025-02-26,TLT,91.95999908447266,91.90946945566556,0.05497760906069859,0.6333867844198935,0.005906813895679486,0,0,0,
2025-02-27,TLT,91.30999755859376,91.26341128609432,0.051045946938581895,0.6078115912238158,-0.007068307224337933,0,0,0,
2025-02-28,TLT,92.43000030517578,92.60312586956074,-0.18695434172365044,0.07467852637937916,0.012265937756304357,0,0,0,
2025-03-03,TLT,92.56999969482422,92.8945341288725,-0.3493579434911081,-0.281263426115744,0.0015146531341145852,0,0,0,
2025-03-04,TLT,91.43000030517578,91.83253547010878,-0.438336111349145,-0.4686291671187971,-0.012314998308379344,0,0,0,
2025-03-05,TLT,90.6999969482422,91.36882804743718,-0.7320123432553265,-1.0871365607535237,-0.007984286935327267,0,0,0,
2025-03-06,TLT,90.4000015258789,90.86285610529956,-0.509399109009137,-0.5837616579092597,-0.0033075571384472147,0,0,0,
2025-03-07,TLT,90.11000061035156,90.25891508070872,-0.16498588557595384,0.17557158723820235,-0.003207974675136782,0,0,0,
2025-03-10,TLT,91.0500030517578,91.28706223971253,-0.2596854166828474,-0.024205755427720826,0.010431721618457734,0,0,0,
2025-03-11,TLT,90.4000015258789,90.30789537424688,0.10199125032238272,0.76094487055524,-0.0071389511707034,0,0,0,
2025-03-12,TLT,89.86000061035156,89.66114666882099,0.22178384832069334,1.019468380223765,-0.005973461354121246,0,0,0,
2025-03-13,TLT,90.6500015258789,90.34815529579174,0.33409230005742485,1.2680485054403028,0.008791463500572583,0,0,0,
2025-03-14,TLT,90.16999816894533,90.3711262340898,-0.2225578827284815,0.06131397198410271,-0.005295127952055778,0,0,0,
2025-03-17,TLT,90.62000274658205,90.5228993879034,0.10726938634891733,0.7636515355084408,0.004990624229509022,0,0,0,
2025-03-18,TLT,90.70999908447266,90.1482033893191,0.6231912273696246,1.806744010711001,0.0009931178014006559,1,0,0,
2025-03-19,TLT,91.18000030517578,90.72326461536184,0.5034383316675776,1.495638890035914,0.005181360659759715,0,0,0,
2025-03-20,TLT,91.23999786376952,90.98808251858904,0.2768663084300205,0.9903759154762273,0.0006580122657702248,0,0,0,
2025-03-21,TLT,90.6999969482422,90.01752882884549,0.7581502494856585,1.8998172380007337,-0.0059184669900320674,1,0,0,
2025-03-24,TLT,89.7699966430664,89.18443366815087,0.6565753134615084,1.6258131033297016,-0.010253586951127436,1,0,0,
2025-03-25,TLT,89.76000213623047,89.21997567136141,0.6052752881913196,1.469617136808941,-0.00011133460186785182,0,0,0,
2025-03-26,TLT,89.16999816894531,89.09501630008927,0.08415944232333822,0.43823217256923286,-0.006573127821339564,0,0,0,
2025-03-27,TLT,88.91000366210938,88.98011634676331,-0.07879590130080298,0.1336395641786516,-0.002915717305986054,0,0,0,
2025-03-28,TLT,90.13999938964844,90.18150924446108,-0.046029230560027085,0.22358644142039721,0.013834165750498562,0,0,0,
2025-03-31,TLT,91.02999877929688,90.95207755675332,0.08567283413062149,0.5076440596453274,0.00987352336004843,0,0,0,
2025-04-01,TLT,91.48999786376952,91.32656603742412,0.17895321529819738,0.7110514429308346,0.005053269149084771,0,0,0,
2025-04-02,TLT,91.43000030517578,91.43067559390812,-0.0007385800530863399,0.3854950547274791,-0.0006557827084341383,0,0,0,
2025-04-03,TLT,91.8499984741211,91.74882003447804,0.11027764673706798,0.6338749363860859,0.004593658181597293,0,0,0,
2025-04-04,TLT,92.8499984741211,92.7350803376754,0.12392088951370364,0.6402640259371639,0.010887316457405927,0,0,0,
2025-04-07,TLT,90.05000305175781,89.69138977178321,0.3998302188059356,1.1929711536692762,-0.030156117053073417,0,0,0,
2025-04-08,TLT,88.3499984741211,88.36208336289218,-0.01367655481984709,0.2921501616998293,-0.018878451083001235,0,0,0,
2025-04-09,TLT,88.87000274658203,89.14012300752316,-0.30302881780669016,-0.3504751291531051,0.005885730406812062,0,0,0,
2025-04-10,TLT,86.41999816894531,86.9393773193983,-0.597403807649661,-1.025216593144566,-0.027568408933473898,0,0,0,
2025-04-11,TLT,86.88999938964844,86.8799453917011,0.011572288520681508,0.3058931197601706,0.005438570130310572,0,0,0,
2025-04-14,TLT,87.51000213623047,87.08030466746524,0.4934496616727724,1.3526513294671367,0.007135490285846258,0,0,0,
2025-04-15,TLT,87.81999969482422,87.49477325488624,0.3717095637136424,1.0462698604725111,0.003542424306094416,0,0,0,
2025-04-16,TLT,88.30999755859375,87.93183503538138,0.43006326782581644,1.1552549626055928,0.005579570319657057,0,0,0,
2025-04-17,TLT,87.52999877929688,87.29572146409038,0.26837204765283856,0.7505232681723779,-0.008832508219461133,0,0,0,
2025-04-21,TLT,86.0,85.99387780124479,0.007119342576174351,0.1065729357144754,-0.01747970753609518,0,0,0,
2025-04-22,TLT,86.4800033569336,86.7363036618143,-0.2954936907157444,-0.6545415164309835,0.00558143438294878,0,0,0,
2025-04-23,TLT,87.31999969482422,87.71235235790417,-0.4473174559028806,-1.06702106731415,0.00971318576878022,0,0,0,
2025-04-24,TLT,88.23999786376953,88.57094597397467,-0.3736531280837698,-0.9011962323446094,0.010535938755847685,0,0,0,
2025-04-25,TLT,88.88999938964844,88.93017921342778,-0.045181314301538246,-0.09357984302834257,0.007366291269435665,0,0,0,
2025-04-28,TLT,89.44999694824219,89.50448626166833,-0.060878862839170995,-0.1685170023620302,0.006299893828764835,0,0,0,
2025-04-29,TLT,90.1999969482422,90.07125641177981,0.14293187592923465,0.3562582833014915,0.008384572672864188,0,0,0,
2025-04-30,TLT,89.47000122070312,89.30909475296174,0.18016806483871337,0.43742463715595015,-0.008093079293095329,0,0,0,
2025-05-01,TLT,88.69000244140625,88.1957553903299,0.5603977752545539,1.5175987103066413,-0.008717992272882502,1,0,0,
2025-05-02,TLT,87.7300033569336,86.72370907915537,1.160345064185099,3.022812839957754,-0.010824208569696347,1,1,1,
2025-05-05,TLT,87.23999786376953,86.45429483363971,0.908807401230579,2.196619319028826,-0.005585380991842137,1,1,0,
2025-05-06,TLT,87.52999877929688,86.73584828159451,0.9155966228912541,2.1169702373008823,0.003324173803628483,1,1,0,
2025-05-07,TLT,87.9000015258789,87.30674767305553,0.6795051569725002,1.4823414974935687,0.004227153567258446,0,0,0,
2025-05-08,TLT,86.91999816894531,86.60638358247016,0.36211486209502947,0.6851296886131629,-0.011149070988867638,0,0,0,
2025-05-09,TLT,87.05000305175781,86.77300205428851,0.31922486362290275,0.573773280582482,0.0014956843712745638,0,0,0,
2025-05-12,TLT,86.23999786376953,85.83157947254183,0.4758369748495127,0.949453164649559,-0.009305056399672607,0,0,0,
2025-05-13,TLT,85.88999938964844,85.46898634107009,0.49259160147081016,0.9614623159716879,-0.004058423965570768,0,0,0,
2025-05-14,TLT,85.31999969482422,84.57844518397341,0.876765361715729,1.8597653375565706,-0.00663639188351095,1,0,0,
2025-05-15,TLT,86.06999969482422,85.33401120365964,0.8624796617236865,1.7607130872746464,0.008790436037067861,1,0,0,
2025-05-16,TLT,86.30000305175781,86.36218012705677,-0.07199572221021568,-0.5773558334673273,0.0026722825345546486,0,0,0,
2025-05-19,TLT,86.05000305175781,85.57872169501466,0.5506992245370294,0.9564213574532568,-0.0028968712764710913,0,0,0,
2025-05-20,TLT,85.43000030517578,84.58194360515456,1.0026450846059012,1.9801784593186702,-0.007205144969130384,1,0,0,
2025-05-21,TLT,83.97000122070312,83.08196970253533,1.068861897891058,2.030105800418716,-0.01709000443939135,1,1,0,
2025-05-22,TLT,84.41000366210938,83.96306610956805,0.5323025626030555,0.7673013074889862,0.00523999565332578,0,0,0,
2025-05-23,TLT,84.55000305175781,84.17785483814164,0.4420975259250107,0.5398011268963532,0.0016585639565762644,0,0,0,
2025-05-27,TLT,85.7300033569336,85.29435336196569,0.5107606515511349,0.6778930646896851,0.013956242017560072,0,0,0,
2025-05-28,TLT,85.36000061035156,84.80640584111866,0.6527747093421681,0.9776916796293625,-0.004315907291424392,0,0,0,
2025-05-29,TLT,86.1500015258789,85.71041138896047,0.5128783420762573,0.6382951808140156,0.009254930996703159,0,0,0,
2025-05-30,TLT,86.27999877929688,85.67025954964292,0.7117280055637409,1.05966800371414,0.001508964029198756,0,0,0,
2025-06-02,TLT,85.16000366210938,84.60836039659118,0.6519961655472759,0.8946131656215729,-0.012980935709705266,0,0,0,
2025-06-03,TLT,85.01000213623047,84.33278719260984,0.8030268726609467,1.20978445287533,-0.0017614081661394554,0,0,0,
2025-06-04,TLT,86.38999938964844,86.04117260012154,0.4054184514059068,0.2522340071358781,0.01623335159086925,0,0,0,
2025-06-05,TLT,86.44999694824219,86.13083547305173,0.37055425439395995,0.137277310277447,0.0006944965738817643,0,0,0,
2025-06-06,TLT,85.3499984741211,85.09435864022161,0.3004192498592335,-0.059479724919677686,-0.01272410078602626,0,0,0,
2025-06-09,TLT,85.44000244140625,84.79197901133924,0.7642508614881522,1.0957475774390069,0.0010545280479699048,0,0,0,
2025-06-10,TLT,85.87999725341797,85.60672677677178,0.31921612580605935,-0.06252442442617034,0.005149751866094121,0,0,0,
2025-06-11,TLT,86.13999938964844,85.90615699800377,0.2722067891479598,-0.18645761182115794,0.003027505176359524,0,0,0,
2025-06-12,TLT,87.16999816894531,86.99486202088065,0.2013178065879684,-0.36431178548644033,0.011957264761957465,0,0,0,
2025-06-13,TLT,86.33000183105469,86.17950674596501,0.1746297823835243,-0.457021971145413,-0.009636300969774192,0,0,0,
2025-06-16,TLT,85.45999908447266,85.25220552163242,0.24373980892202302,-0.28165665955273445,-0.010077640775273067,0,0,0,
2025-06-17,TLT,86.5,86.72164399709716,-0.25558094482685284,-1.537907769137622,0.012169446836751696,-1,0,0,
2025-06-18,TLT,86.6500015258789,86.94429517238542,-0.33848528638137565,-1.6808459995485243,0.001734121686461254,-1,0,0,
2025-06-20,TLT,86.48999786376953,86.40008347779433,0.1040674758124681,-0.5484005715862017,-0.0018465511747461916,0,0,0,
2025-06-23,TLT,86.7699966430664,86.9245616507063,-0.1778151131333691,-1.2224027844601848,0.003237354448058838,0,0,0,
2025-06-24,TLT,87.4000015258789,87.75562835580942,-0.40524674780813874,-1.7228186536702021,0.007260630485028896,-1,0,0,
2025-06-25,TLT,87.51000213623047,88.0670289487365,-0.6325032411735853,-2.1617452950074902,0.0012585881971522994,-1,-1,0,
2025-06-26,TLT,87.94999694824219,88.47490678781303,-0.5932866827762993,-1.9785377694867392,0.0050279373931081395,-1,0,0,
2025-06-27,TLT,87.38999938964844,87.87876812155272,-0.5561852337622991,-1.8316983670672693,-0.006367226583570029,-1,0,0,
2025-06-30,TLT,88.25,88.331399290303,-0.09215215762118349,-0.7757897421634657,0.009840949952603317,0,0,0,
2025-07-01,TLT,88.13999938964844,87.91966451475486,0.25060932171391975,-0.004655512182129505,-0.0012464658396778017,0,0,0,
2025-07-02,TLT,87.58000183105469,87.56231024881627,0.020204563114130863,-0.5208405228012939,-0.006353500822233071,0,0,0,
2025-07-03,TLT,86.97000122070312,87.06950687807027,-0.11428301472579969,-0.8190356292094071,-0.006965067339554043,0,0,0,
2025-07-07,TLT,86.13999938964844,86.31100480716296,-0.19812701508525354,-0.9900982269020558,-0.009543541674196354,0,0,0,
2025-07-08,TLT,86.02999877929688,85.96892800814612,0.07103819085072939,-0.38444802851709686,-0.0012769980395981317,0,0,0,
2025-07-09,TLT,86.93000030517578,86.9595657746089,-0.03399909966173735,-0.6031965470687456,0.010461484815172284,0,0,0,
2025-07-10,TLT,86.98999786376953,86.7321548536615,0.2972865260214941,0.12696215071027578,0.0006901824270462154,0,0,0,
2025-07-11,TLT,85.79000091552734,85.82656396799963,-0.042601090830015474,-0.6500044738733203,-0.013794654301767406,0,0,0,
2025-07-14,TLT,85.61000061035156,85.90195290091764,-0.33986688393780856,-1.352313460895385,-0.0020981501719882223,0,0,0,
2025-07-15,TLT,85.01000213623047,84.8623138210925,0.17403286392747597,-0.17822051672360759,-0.007008509167660826,0,0,0,
2025-07-16,TLT,85.12999725341797,84.51377409515703,0.7291393206119385,1.083221695287471,0.0014115411618882412,0,0,0,
2025-07-17,TLT,85.11000061035156,84.49531690318818,0.727476657514242,1.0573141739675533,-0.00023489538014287437,0,0,0,
2025-07-18,TLT,85.23999786376953,84.52681483839089,0.843735833110705,1.2894974881949959,0.0015274028020881847,0,0,0,
2025-07-21,TLT,86.0,84.87985390743478,1.3196842843141436,2.221395402968596,0.008916027161862461,1,1,0,
2025-07-22,TLT,86.5199966430664,85.42546929991214,1.2812658240267867,2.0295135139642104,0.006046472593795427,1,1,0,
2025-07-23,TLT,86.04000091552734,85.30953532495052,0.8562531583303414,1.1115626143093156,-0.005547801042101952,0,0,0,
2025-07-24,TLT,85.88999938964844,85.35433536952613,0.6275768158737939,0.6108814309625448,-0.0017433928903158868,0,0,0,
2025-07-25,TLT,86.43000030517578,85.97542788465103,0.5287236501278394,0.3774682287869366,0.0062871221255640375,0,0,0,
2025-07-28,TLT,85.87000274658203,85.52963223776013,0.3979562403305141,0.08027411207019211,-0.006479203478149453,0,0,0,
2025-07-29,TLT,87.31999969482422,87.05210136242557,0.3077448197181346,-0.12938370014602985,0.016885954371300027,0,0,0,
2025-07-30,TLT,86.87000274658203,86.8351189608447,0.04017243962441631,-0.7097758018788826,-0.005153423612172303,0,0,0,
2025-07-31,TLT,86.91999816894531,86.73924847981881,0.20838281665370262,-0.3436001110499912,0.0005755199813810563,0,0,0,
2025-08-01,TLT,87.81999969482422,87.74922079550272,0.08066043057686467,-0.6050249808762688,0.010354366599612419,0,0,0,
2025-08-04,TLT,88.05999755859375,88.15336940638471,-0.10591977189268903,-0.9854162904030491,0.0027328383580451643,0,0,0,
2025-08-05,TLT,88.33000183105469,88.63903633583618,-0.34864380024464786,-1.4729018593928471,0.0030661399040043946,0,0,0,
2025-08-06,TLT,87.81999969482422,88.12511784284156,-0.34623289646145705,-1.420037643705594,-0.00577382684997485,0,0,0,
2025-08-07,TLT,87.66999816894531,87.667745415588,0.0025696490158746165,-0.6291132495951299,-0.0017080565520400937,0,0,0,
2025-08-08,TLT,87.29000091552734,86.91338643175725,0.4333216081343331,0.32013706880010956,-0.004334404714891105,0,0,0,
2025-08-11,TLT,87.38999938964844,87.17070053171601,0.25157404563089414,-0.07889807666332971,0.0011455891061091794,0,0,0,
2025-08-12,TLT,86.94999694824219,86.50239149310157,0.5174486478519079,0.5064999445296519,-0.005034928990494625,0,0,0,
2025-08-13,TLT,87.66999816894531,87.15104491055456,0.5954641839617273,0.6736927717558417,0.00828063537634982,0,0,0,
2025-08-14,TLT,87.0199966430664,87.00390112673685,0.018499763942895896,-0.5734633052381904,-0.007414184321371975,0,0,0,
2025-08-15,TLT,86.4000015258789,86.20517223449623,0.22600649860393304,-0.09003978507272156,-0.00712474306027111,0,0,0,
2025-08-18,TLT,86.1500015258789,85.64413766757279,0.5906578921602567,0.7103988339327675,-0.0028935184674171444,0,0,0,
2025-08-19,TLT,86.6500015258789,86.57506423307926,0.08655759422585967,-0.41316274326396824,0.005803830425351819,0,0,0,
2025-08-20,TLT,86.83999633789062,86.93125877161405,-0.10498229867255685,-0.8213942800384892,0.0021926694595033602,0,0,0,
2025-08-21,TLT,86.41000366210938,86.51385694666615,-0.12004237034629081,-0.8325560442205122,-0.00495155105843359,0,0,0,
2025-08-22,TLT,87.05000305175781,86.9644745887202,0.0983487377369983,-0.3016533066174214,0.0074065427904741465,0,0,0,
2025-08-25,TLT,86.80000305175781,86.38249820574589,0.4833211063397467,0.6083118442115164,-0.002871912593171988,0,0,0,
2025-08-26,TLT,86.75,86.27305938601525,0.5528268237837215,0.7703615954313028,-0.0005760720046057433,0,0,0,
2025-08-27,TLT,86.6500015258789,86.19191882887463,0.5314682666640119,0.7273339211140517,-0.0011527201627792305,0,0,0,
2025-08-28,TLT,87.22000122070312,86.49586217178718,0.837195018043465,1.4222235621775956,0.006578184475322546,0,0,0,
2025-08-29,TLT,86.5999984741211,86.29181690284179,0.3571388137838094,0.3136151099167101,-0.007108492752862516,0,0,0,
2025-09-02,TLT,85.62999725341797,85.26199985088435,0.43160775395511786,0.5012814210193456,-0.01120093808076672,0,0,0,
2025-09-03,TLT,86.56999969482422,86.7380405804317,-0.19373378102962635,-0.9581388063856572,0.010977490033362347,0,0,0,
2025-09-04,TLT,87.2300033569336,87.32751990538883,-0.11166760324910416,-0.7394340987191731,0.007623930512140609,0,0,0,
2025-09-05,TLT,88.55999755859375,88.63820308706218,-0.08823004725357014,-0.6643855593600666,0.015246980975318847,0,0,0,
2025-09-08,TLT,89.73999786376953,89.63398509574166,0.11827296076887617,-0.1640373241164198,0.013324303722965336,0,0,0,
2025-09-09,TLT,89.2300033569336,89.17776569914112,0.05857699773361521,-0.2842574991247737,-0.005683023389527309,0,0,0,
2025-09-10,TLT,89.73999786376953,89.6846559099551,0.06170727116352904,-0.266848254929228,0.005715504736628629,0,0,0,
2025-09-11,TLT,90.33999633789062,90.45237343257216,-0.12423896733379337,-0.7005975030962838,0.006685964880809525,0,0,0,
2025-09-12,TLT,89.94999694824219,90.01172493490296,-0.06857771774223008,-0.5541866431319968,-0.004317017992670258,0,0,0,
2025-09-15,TLT,90.16000366210938,90.20913639769876,-0.05446536520732612,-0.5102590734679929,0.002334705069395593,0,0,0,
2025-09-16,TLT,90.3499984741211,90.42227341849438,-0.07993046584748686,-0.5579879874750918,0.0021073070573927044,0,0,0,
2025-09-17,TLT,90.12000274658205,90.33486909372502,-0.23785538109325513,-0.9388155978689015,-0.002545608538166433,0,0,0,
2025-09-18,TLT,89.19000244140625,89.42895652289455,-0.26719989898029034,-1.0151877613962936,-0.010319576973282674,0,0,0,
2025-09-19,TLT,89.0199966430664,89.45121451237763,-0.4820704466249107,-1.4837118813746966,-0.0019061082373165172,0,0,0,
2025-09-22,TLT,88.69999694824219,88.78483854077899,-0.09555864934961458,-0.5725451295573827,-0.0035946945280989073,0,0,0,
2025-09-23,TLT,89.31999969482422,89.1938578270146,0.14142438827375933,-0.031099765487364713,0.006989884643894717,0,0,0,
2025-09-24,TLT,88.9800033569336,88.85727262993785,0.13812119521929847,-0.07060514621731383,-0.00380649730242133,0,0,0,
2025-09-25,TLT,88.9800033569336,88.32063813204729,0.7465584928185082,1.4053490963834825,0.0,0,0,0,
2025-09-26,TLT,88.9000015258789,88.40332915462882,0.5618254153996182,0.9165540289772783,-0.0008990989889466894,0,0,0,
2025-09-29,TLT,89.62999725341797,88.88672726319486,0.8361990739317908,1.560162536718522,0.00821142536568531,1,0,0,
2025-09-30,TLT,89.37000274658203,88.94700751476496,0.4755586990904138,0.6354444960997279,-0.002900753261219413,0,0,0,
2025-10-01,TLT,89.29000091552734,89.01835924122257,0.30515241644555363,0.19411462836689666,-0.0008951754346649965,0,0,0,
2025-10-02,TLT,89.55000305175781,89.42904619918855,0.13525454839343026,-0.24709602155970692,0.0029118841254849315,0,0,0,
2025-10-03,TLT,89.37999725341797,89.34231311549802,0.0421794965966874,-0.4975081996381251,-0.00189844547790341,0,0,0,
2025-10-06,TLT,88.66999816894531,88.12013020712091,0.6239981267980125,0.9659025296917577,-0.007943601547218737,0,0,0,
2025-10-07,TLT,89.18000030517578,88.6956512454602,0.546079827944636,0.7435817059205742,0.005751687681990747,0,0,0,
2025-10-08,TLT,89.25,89.14499805568458,0.1177878137927927,-0.33988818267766885,0.0007849259316514701,0,0,0,
2025-10-09,TLT,89.18000030517578,89.28933943306922,-0.12245485137158485,-0.9455037337044601,-0.0007843103061536683,0,0,0,
2025-10-10,TLT,90.62000274658205,91.11104240120676,-0.538946368830273,-1.9668138912537707,0.01614714550884222,-1,0,0,
2025-10-13,TLT,90.56999969482422,90.8675622338554,-0.32746838554485896,-1.3951894922745538,-0.0005517882392661599,0,0,0,
2025-10-14,TLT,90.86000061035156,90.86022115101392,-0.00024272520973507485,-0.5659722885122821,0.0032019533676106438,0,0,0,
2025-10-15,TLT,90.66000366210938,91.0935404647838,-0.47592485752821023,-1.6828339135830477,-0.002201155039607161,-1,0,0,
2025-10-16,TLT,91.33999633789062,90.9294576035352,0.4514914585165918,0.624227728121143,0.007500470420402694,0,0,0,
2025-10-17,TLT,91.1999969482422,90.42447600622644,0.8576449389237921,1.7324558339150011,-0.0015327282161313738,1,0,0,
2025-10-20,TLT,91.5500030517578,90.56714898349942,1.0852213846738668,2.386898391643084,0.003837786351179817,1,1,0,
2025-10-21,TLT,92.0,90.42275167475395,1.7443047198113681,3.7128912039662683,0.0049153133068471355,1,1,1,
2025-10-22,TLT,92.05999755859376,90.13899425755989,2.131156794965864,3.9818229157218097,0.0006521473760192631,1,1,1,
2025-10-23,TLT,91.43000030517578,90.10563056304372,1.4697968749083319,2.444686338579052,-0.0068433333709031485,1,1,0,
2025-10-24,TLT,91.47000122070312,90.28172839040244,1.3161830765603857,2.0376624119065974,0.0004375031761327808,1,1,0,
2025-10-27,TLT,91.77999877929688,90.80391977915228,1.0749304683306111,1.5196695018681492,0.0033890625828874033,1,0,0,
2025-10-28,TLT,92.0199966430664,91.45842525086351,0.6140182171981918,0.6298529830433256,0.002614925549810243,0,0,0,
2025-10-29,TLT,91.08999633789062,90.23037670988305,0.9526942692165703,1.2314531989680029,-0.010106502272360762,0,0,0,
2025-10-30,TLT,90.55999755859376,89.83732219942993,0.804426647490185,0.9281819035274133,-0.005818408174382617,0,0,0,
2025-10-31,TLT,90.29000091552734,89.66104604981476,0.7014806244432453,0.7140097938472962,-0.0029814117750138758,0,0,0,
2025-11-03,TLT,89.73999786376953,89.05688761354304,0.76704931929668,0.8085978461623021,-0.006091516736968283,0,0,0,
2025-11-04,TLT,89.94000244140625,89.14584927399021,0.8908470488347786,1.0082156137323888,0.0022287116380406147,0,0,0,
2025-11-05,TLT,88.95999908447266,88.14199869891853,0.9280483737931907,1.0447686430497323,-0.01089619001925246,0,0,0,
2025-11-06,TLT,89.76000213623047,88.94762960542836,0.913315548043036,0.9949827799632456,0.008992840152776571,0,0,0,
2025-11-07,TLT,89.56999969482422,89.01526620653665,0.6231891583635254,0.44615216197854723,-0.0021167829421158135,0,0,0,
2025-11-10,TLT,89.55000305175781,89.73842422984097,-0.20996711241615984,-1.0643409696027222,-0.00022325157010760766,0,0,0,
2025-11-11,TLT,89.95999908447266,89.95643830327656,0.0039583394621464695,-0.6534730048696209,0.004578403336043202,0,0,0,
2025-11-12,TLT,90.12000274658205,90.27161150704586,-0.16794732910244162,-0.958427481933705,0.0017786089788545123,0,0,0,
2025-11-13,TLT,89.37999725341797,89.23494394446813,0.16255213769183174,-0.35427756487574097,-0.008211334560707662,0,0,0,
2025-11-14,TLT,88.87000274658203,88.91719079338183,-0.053069655461175015,-0.7262065700288043,-0.005705913207738833,0,0,0,
2025-11-17,TLT,89.08999633789062,89.0225647937645,0.07574657535686505,-0.49193597491601326,0.002475453859677623,0,0,0,
2025-11-18,TLT,89.05999755859375,88.9798381040407,0.09008721105934973,-0.4732723647327083,-0.0003367244419126836,0,0,0,
2025-11-19,TLT,88.87999725341797,89.07304591568379,-0.21673072957285278,-1.0267804723689347,-0.0020211128465095207,0,0,0,
2025-11-20,TLT,89.2300033569336,89.7360767573477,-0.5639575728082761,-1.6063621641105055,0.003937962582488241,-1,0,0,
2025-11-21,TLT,89.5,90.15405290173452,-0.7254836368226467,-1.8102855766272996,0.0030258504192404168,-1,0,0,
2025-11-24,TLT,90.01000213623047,90.2154511397546,-0.22773150378184323,-0.9205631208311655,0.005698347890843225,0,0,0,
2025-11-25,TLT,90.23999786376952,89.99332864730279,0.27409722495481986,-0.04836962725979809,0.002555224109326737,0,0,0,
2025-11-26,TLT,90.63999938964844,90.54814213819353,0.1014457605488136,-0.3282581020465156,0.0044326411275272815,0,0,0,
2025-11-28,TLT,90.20999908447266,90.08067680546364,0.14356273020494578,-0.24911865774411693,-0.004744045764246696,0,0,0,
2025-12-01,TLT,88.7699966430664,88.61116419569923,0.17924654168451126,-0.18025546108067703,-0.01596278080058322,0,0,0,
2025-12-02,TLT,88.80999755859375,88.72663100309248,0.09395888760654715,-0.33788651297204847,0.000450613011603318,0,0,0,
2025-12-03,TLT,89.05999755859375,88.80993346066664,0.2815722162857605,-0.02151154424831265,0.0028149983883858365,0,0,0,
2025-12-04,TLT,88.58000183105469,88.15664410284435,0.4802334895103777,0.3115942081300197,-0.0053895771468359666,0,0,0,
2025-12-05,TLT,88.16999816894531,87.89414121245173,0.31385135879170983,0.013841547501595303,-0.004628625577264733,0,0,0,
2025-12-08,TLT,87.87999725341797,87.40701392004495,0.5411274360724431,0.4001059100477357,-0.003289111053077942,0,0,0,
2025-12-09,TLT,87.97000122070312,87.39508111362456,0.657840349539925,0.5880141280542344,0.0010241689815444488,0,0,0,
2025-12-10,TLT,88.30999755859375,87.79423558068453,0.5874667903853741,0.44608637798055867,0.003864912278875865,0,0,0,
2025-12-11,TLT,88.19000244140625,87.87970508782286,0.3530933032527787,0.021243391509905483,-0.0013587942532541364,0,0,0,
2025-12-12,TLT,87.33999633789062,87.43284296747048,-0.1061919370669402,-0.7893876399400264,-0.009638349926119671,0,0,0,
2025-12-15,TLT,87.4000015258789,87.56267328042011,-0.18577751049268476,-0.9248036895168377,0.0006870298889884996,0,0,0,
2025-12-16,TLT,87.87999725341797,88.0642986750132,-0.20928051931165728,-0.9678354058236532,0.0054919418668080144,0,0,0,
2025-12-17,TLT,87.80000305175781,87.81326236526498,-0.015099443011250456,-0.6360510980256621,-0.0009102663195297289,0,0,0,
2025-12-18,TLT,88.22000122070312,88.53988530141466,-0.3612881128347483,-1.2602158033209754,0.0047835780677334405,0,0,0,
2025-12-19,TLT,87.55000305175781,88.20247562180134,-0.7397440553043323,-1.8709647492477761,-0.007594628878650256,-1,0,0,
2025-12-22,TLT,87.36000061035156,87.81264634770763,-0.5154675962773567,-1.4386054707605676,-0.002170216273937986,0,0,0,
2025-12-23,TLT,87.5,87.94029144311027,-0.5006708937223605,-1.3752307955619392,0.0016025571047426634,0,0,0,
2025-12-24,TLT,88.02999877929688,88.3580567495313,-0.3712824639912259,-1.1201638827624794,0.006057128906250098,0,0,0,
2025-12-26,TLT,87.73999786376953,87.985354970959,-0.2788613028502835,-0.9374402724681486,-0.0032943419237618787,0,0,0,
2025-12-29,TLT,88.06999969482422,88.48359826281533,-0.467429643585062,-1.2112459948733223,0.003761133338150646,0,0,0,
2025-12-30,TLT,87.86000061035156,88.16341305776622,-0.34414780110186616,-0.9782952936973253,-0.0023844565141403207,0,0,0,
2025-12-31,TLT,87.16000366210938,87.30353854714028,-0.164409011844806,-0.667349072255961,-0.007967185788520403,0,0,0,
2026-01-02,TLT,87.02999877929688,87.50400388081931,-0.541695328785221,-1.2532138564860817,-0.0014915658254959219,0,0,0,
2026-01-05,TLT,87.45999908447266,87.55934699845612,-0.1134635163339175,-0.5538629664399088,0.004940828578732237,0,0,0,
2026-01-06,TLT,87.27999877929688,87.1090753998811,0.1962176485413615,-0.04174378892817039,-0.0020580872062658795,0,0,0,
2026-01-07,TLT,87.79000091552734,87.29162014602292,0.5709377013174026,0.5659941257294311,0.005843287618737314,0,0,0,
2026-01-08,TLT,87.3499984741211,87.27832806972825,0.08211706843832817,-0.22665235603274364,-0.005011988117298527,0,0,0,
2026-01-09,TLT,87.93000030517578,88.19479397804771,-0.3002373053196774,-0.8399798179679642,0.006639975285477773,0,0,0,
2026-01-12,TLT,87.66999816894531,87.72983227950645,-0.06820269571530713,-0.4817148037043287,-0.0029569218165368394,0,0,0,
2026-01-13,TLT,87.81999969482422,87.84976038404254,-0.033876801812799215,-0.43547031923659724,0.0017109790009330883,0,0,0,
2026-01-14,TLT,88.33000183105469,88.29597676073516,0.03853524426342867,-0.3175736374286453,0.005807357526790513,0,0,0,
2026-01-15,TLT,88.30999755859375,88.3987950545433,-0.10045102525974493,-0.5607252837217748,-0.0002264720032407741,0,0,0,
2026-01-16,TLT,87.80000305175781,87.8527988433898,-0.06009574234067317,-0.47991444395587624,-0.005775048362984703,0,0,0,
2026-01-20,TLT,86.6500015258789,86.79514024912203,-0.16721987294051266,-0.6340472201343296,-0.013097966809875627,0,0,0,
2026-01-21,TLT,87.30999755859375,87.88765792630231,-0.6572713181103927,-1.406223631323615,0.00761680347481275,0,0,0,
2026-01-22,TLT,87.69000244140625,87.86283803640596,-0.19671069005089103,-0.6199382640809813,0.004352363915226087,0,0,0,
2026-01-23,TLT,87.93000030517578,88.28372611119582,-0.4006693210643485,-1.0070405126128728,0.0027368896919566232,0,0,0,
2026-01-26,TLT,88.3499984741211,88.52275915069048,-0.1951596157043582,-0.586940925954367,0.004776505942086118,0,0,0,
2026-01-27,TLT,87.80000305175781,88.08212764697943,-0.3202972075701127,-0.8332784735779889,-0.006225188815644156,0,0,0,
2026-01-28,TLT,87.5999984741211,88.13808568724795,-0.6105047652568989,-1.441771053030192,-0.0022779563859333107,0,0,0,
2026-01-29,TLT,87.62000274658203,88.40731992823822,-0.8905565537958524,-1.975295283622234,0.00022835927864606198,-1,0,0,
2026-01-30,TLT,87.12999725341797,87.9286695341269,-0.9083183959686176,-1.9566729489479613,-0.005592393035883325,-1,0,0,
2026-02-02,TLT,86.55000305175781,87.14646024350789,-0.6844307733021322,-1.4276472240120448,-0.006656653505603183,0,0,0,
2026-02-03,TLT,86.76000213623047,87.33828017381359,-0.6621129205112304,-1.3405401617965145,0.002426332490676808,0,0,0,
2026-02-04,TLT,86.54000091552734,87.11918272779606,-0.6648154793627583,-1.3149899821017401,-0.0025357447589463566,0,0,0,
2026-02-05,TLT,87.4800033569336,87.58278352571169,-0.11735202358340587,-0.036384211244003706,0.010862057215873966,0,0,0,
2026-02-06,TLT,87.54000091552734,87.64369607210774,-0.11831444955845588,0.0007257553995596628,0.000685843121758456,0,0,0,
2026-02-09,TLT,87.5199966430664,88.13698609551825,-0.7000346617062513,-1.4431352381849114,-0.00022851578994431687,0,0,0,
2026-02-10,TLT,88.52999877929688,88.79163301321509,-0.29466091008741296,-0.36446581415718077,0.011540244229550911,0,0,0,
2026-02-11,TLT,88.05999755859375,88.60908801051859,-0.6196773539297221,-1.2044262169257176,-0.005308948686137738,0,0,0,
2026-02-12,TLT,89.2300033569336,89.8305547472628,-0.6685379958064886,-1.2898492730236253,0.013286461853026177,0,0,0,
2026-02-13,TLT,89.72000122070312,89.84380096698928,-0.13779442204547848,0.09868140382633465,0.005491402502916687,0,0,0,
2026-02-17,TLT,89.87000274658203,89.8326902162651,0.04153558156512695,0.5754125813389339,0.0016718850182571021,0,0,0,
2026-02-18,TLT,89.52999877929688,89.17858473579432,0.39405653783773076,1.458444628467352,-0.0037832864904200347,0,0,0,
2026-02-19,TLT,89.62000274658203,89.18100949217713,0.4922497030529959,1.6618232699643662,0.0010052939630551538,1,0,0,
2026-02-20,TLT,89.41000366210938,89.16699624909924,0.2725306708002828,1.09077741578607,-0.002343216670796955,0,0,0,
2026-02-23,TLT,89.73999786376953,89.75701102752103,-0.018954690621642175,0.34885657386912033,0.0036907973173476716,0,0,0,
2026-02-24,TLT,89.9000015258789,89.55793184049054,0.38195353371672197,1.3119486333894663,0.0017829693104325361,0,0,0,
2026-02-25,TLT,89.91000366210938,89.60926250285385,0.335613920766221,1.1615108716140023,0.00011125846563619923,0,0,0,
2026-02-26,TLT,90.2699966430664,89.68761927259585,0.6493397585908482,1.8619688780892716,0.0040039257734869604,1,0,0,
2026-02-27,TLT,90.81999969482422,90.30363665767749,0.5718075774779239,1.6359267676116611,0.006092866646850048,1,0,0,
2026-03-02,TLT,89.61000061035156,89.40119752692873,0.23355736746137234,0.8131295861202775,-0.013323046559552187,0,0,0,
2026-03-03,TLT,89.43000030517578,89.19233224921778,0.2664669147723525,0.8843526487301808,-0.0020087077775891027,0,0,0,
2026-03-04,TLT,89.1500015258789,88.84372655635903,0.34473449211474383,1.0594788983646186,-0.003130926739812079,0,0,0,
2026-03-05,TLT,88.79000091552734,88.65311356995795,0.15440782625346933,0.6035282303480617,-0.004038144746941641,0,0,0,
2026-03-06,TLT,88.45999908447266,88.66017348260749,-0.22577713337556504,-0.28266320335852757,-0.003716655340150754,0,0,0,
2026-03-09,TLT,89.2300033569336,89.31993028593313,-0.10067957813184071,0.0391763319227191,0.008704547596995127,0,0,0,
2026-03-10,TLT,88.27999877929688,88.1139966453833,0.18839473889904093,0.7500707328802431,-0.010646694406550195,0,0,0,
2026-03-11,TLT,87.13999938964844,86.78545689254113,0.4085275457457144,1.302643197034891,-0.01291345044644232,0,0,0,
2026-03-12,TLT,86.97000122070312,86.46655900446271,0.5822392171457083,1.74258170958773,-0.0019508626364014292,1,0,0,
2026-03-13,TLT,86.54000091552734,85.97910543619247,0.652362543770743,1.9044986512686464,-0.004944237083365888,1,0,0,
2026-03-16,TLT,87.20999908447266,86.73277764113679,0.550220408379405,1.6274536172845115,0.0077420633447797815,1,0,0,
2026-03-17,TLT,87.44999694824219,86.83751564041272,0.7053187822250765,1.9137179302172753,0.0027519535178193166,1,0,0,
2026-03-18,TLT,86.95999908447266,86.26311890240598,0.8078541454721753,2.0453062172308307,-0.005603177597130582,1,1,0,
2026-03-19,TLT,87.48999786376953,86.54694467542028,1.0896435361017254,2.50302077037754,0.006094742236393502,1,1,1,
2026-03-20,TLT,85.83000183105469,84.90487467122088,1.0896042935299037,2.3510023772048503,-0.018973552100202573,1,1,0,
2026-03-23,TLT,86.38999938964844,85.46430479825337,1.0831359285964612,2.2046905728766752,0.006524496640417654,1,1,0,
2026-03-24,TLT,86.01000213623047,84.76206966344384,1.4722770193574424,2.764402434995734,-0.004398625490249719,1,1,1,
2026-03-25,TLT,86.83999633789062,85.96401308705379,1.0190115833119038,1.826316574303449,0.009649973038548865,1,0,0,
2026-03-26,TLT,86.11000061035156,85.4966988390561,0.7173397097471363,1.227240951465999,-0.008406215549557117,0,0,0,
2026-03-27,TLT,85.63999938964844,85.15981918696116,0.5638577057486281,0.9156210235877885,-0.005458149081079222,0,0,0,
2026-03-30,TLT,86.77999877929688,86.614903899347,0.19060793525988204,0.21687063911998294,0.01331152963303528,0,0,0,
2026-03-31,TLT,86.69000244140625,86.3190210200205,0.4297794588051524,0.634374435978556,-0.0010370631384716278,0,0,0,
2026-04-01,TLT,86.26000213623047,86.00919564818348,0.291604271097828,0.3613767330247309,-0.00496020640288275,0,0,0,
2026-04-02,TLT,86.79000091552734,86.79642417155053,-0.007400369409789937,-0.1994855018354812,0.006144200859859117,0,0,0,
2026-04-06,TLT,86.6500015258789,86.68269246440433,-0.03771333999442164,-0.2738858023440207,-0.001613082016034273,0,0,0,
2026-04-07,TLT,86.63999938964844,86.53483735113207,0.12152566727508039,0.018995834681164826,-0.00011543146052317432,0,0,0,
2026-04-08,TLT,86.91999816894531,86.64114427349816,0.32184927586702267,0.3926065063462285,0.003231749552970564,0,0,0,
2026-04-09,TLT,86.69999694824219,86.37389542983372,0.37754638341323205,0.505347728400807,-0.0025310771437835333,0,0,0,
2026-04-10,TLT,86.48999786376953,86.3630049854076,0.1470454604762647,0.06740691538842107,-0.0024221348542609045,0,0,0,
2026-04-13,TLT,86.75,86.67516144954173,0.0863437104779259,-0.059308422623709216,0.0030061526494657986,0,0,0,
2026-04-14,TLT,87.20999908447266,86.90974955306775,0.3454727840649992,0.4206019886392402,0.00530258310631293,0,0,0,
2026-04-15,TLT,86.83000183105469,86.47054613592424,0.41569726478356733,0.5395813919908912,-0.004357267026799283,0,0,0,
2026-04-16,TLT,86.27999877929688,86.04169274060611,0.2769657721741925,0.26914744381281624,-0.00633425129747156,0,0,0,
2026-04-17,TLT,87.06999969482422,87.24307952882442,-0.1983880382661425,-0.6282965019672551,0.009156246252948641,0,0,0,
2026-04-20,TLT,87.05000305175781,87.51253781998578,-0.5285354301796241,-1.2252727492914175,-0.00022966168756743954,0,0,0,
2026-04-21,TLT,86.56999969482422,86.7217736594482,-0.1750125236367892,-0.563223731191024,-0.0055141107421695645,0,0,0,
2026-04-22,TLT,86.73999786376953,87.10826323272545,-0.4227674336383335,-1.0431619892709998,0.0019637076301788348,0,0,0,
2026-04-23,TLT,86.55000305175781,86.97273378126962,-0.4860497205652414,-1.145093422291085,-0.002190394474186119,0,0,0,
2026-04-24,TLT,86.70999908447266,87.05006566000263,-0.3906563113440894,-0.9669255012158526,0.0018485964999812587,0,0,0,
2026-04-27,TLT,86.27999877929688,86.51325669668681,-0.26962101104080594,-0.7367341754667609,-0.004959062503931966,0,0,0,
2026-04-28,TLT,86.37000274658203,87.11061334034645,-0.8501955908297937,-1.770591146604504,0.0010431614343828777,-1,0,0,
2026-04-29,TLT,85.69999694824219,86.4454996460554,-0.8623961928216194,-1.765256101468388,-0.007757390031649103,-1,0,0,
2026-04-30,TLT,85.62000274658203,86.26268358380375,-0.7450276417581618,-1.5680191977596833,-0.0009334212894834826,-1,0,0,
2026-05-01,TLT,85.61000061035156,86.08037286686239,-0.5464338046471253,-1.2364437385525469,-0.00011682008770863561,0,0,0,
2026-05-04,TLT,84.95999908447266,85.43314303782113,-0.5538178001235525,-1.2607875612525123,-0.007592588730811367,0,0,0,
2026-05-05,TLT,85.43000030517578,85.72098892358021,-0.33946017429155134,-0.8803246969417831,0.005532029493501067,0,0,0,
2026-05-06,TLT,86.08000183105469,86.87065041397892,-0.9101446566319317,-1.925690968857349,0.007608586252568772,-1,0,0,
2026-05-07,TLT,85.6500015258789,86.4926820369862,-0.9742795474268453,-1.9585806433895623,-0.004995356598849976,-1,0,0,
2026-05-08,TLT,86.08000183105469,86.45499401205173,-0.4337426487413402,-0.9664360028340375,0.005020435464275552,0,0,0,
2026-05-11,TLT,85.55999755859375,85.59360073921559,-0.03925898704065502,-0.2814548878593013,-0.006040941698415958,0,0,0,
2026-05-12,TLT,84.98999786376953,85.05707138978303,-0.07885708374102168,-0.3613054306359568,-0.006661988208144454,0,0,0,
2026-05-13,TLT,84.80000305175781,84.85876807456025,-0.06925038406261066,-0.36482939978506707,-0.002235496138219273,0,0,0,
2026-05-14,TLT,84.91999816894531,85.4879000792887,-0.6643067730248072,-1.471374224063012,0.001415036708362516,0,0,0,
2026-05-15,TLT,83.66000366210938,83.78919402173457,-0.15418498904725947,-0.5223222544278381,-0.014837429745691022,0,0,0,
2026-05-18,TLT,83.55999755859375,83.8404709818674,-0.3345322610774781,-0.8416965139318494,-0.0011953872715513292,0,0,0,
2026-05-19,TLT,83.0199966430664,83.30207109931824,-0.3386163783557391,-0.824847200092783,-0.0064624333569264225,0,0,0,
2026-05-20,TLT,83.91000366210938,83.96195917971289,-0.06187982999814342,-0.29994450185061283,0.010720393339323175,0,0,0,
2026-05-21,TLT,84.22000122070312,84.67495064347708,-0.5372892683333346,-1.1432801212379962,0.0036944052563989693,0,0,0,
2026-05-22,TLT,84.68000030517578,85.21826058898434,-0.6316255226149645,-1.2809169217113603,0.005461874588047033,0,0,0,
2026-05-26,TLT,85.0999984741211,85.19498414763885,-0.11149209600549856,-0.32822017981832685,0.004959827201602485,0,0,0,
2026-05-27,TLT,85.30000305175781,85.49434393803752,-0.22731431967073032,-0.5213309845316741,0.002350230096626049,0,0,0,
2026-05-28,TLT,85.73999786376953,85.77769915974847,-0.043952328342033095,-0.17152599025420864,0.005158203942205564,0,0,0,
2026-05-29,TLT,85.76000213623047,86.19734891607966,-0.5073784580950241,-0.9851610995636928,0.00023331319056851818,0,0,0,
2026-06-01,TLT,85.47000122070312,85.78528708010673,-0.3675290602095746,-0.7106029723051707,-0.003381540441972919,0,0,0,
2026-06-02,TLT,85.6500015258789,86.51260820003017,-0.9970878142487501,-1.7738399518140417,0.0021060056464838883,-1,0,0,
2026-06-03,TLT,85.30999755859375,85.7995144689854,-0.5705357581814667,-0.9867941059742982,-0.003969690148603489,0,0,0,
2026-06-04,TLT,85.5,85.48440391696475,0.018244360749590825,0.05576628347945728,0.002227200173997801,0,0,0,
2026-06-05,TLT,85.05999755859375,84.47652314486517,0.690694162125974,1.2040444190044468,-0.005146227384868474,0,0,0,
2026-06-08,TLT,84.62000274658203,84.29827723088563,0.381651353105618,0.6489181749079563,-0.005172758342822936,0,0,0,
2021-06-03,AGG,114.20999908447266,115.30635364784207,-0.950818865296704,,,0,0,0,
2021-06-04,AGG,114.68000030517578,116.54968726198234,-1.6041973176674829,,0.00411523705867034,0,0,0,
2021-06-07,AGG,114.5999984741211,116.5200273678745,-1.6478101980628082,,-0.0006976092678914192,0,0,0,
2021-06-08,AGG,114.80999755859376,116.5723665809078,-1.5118240059841708,,0.001832452768488313,0,0,0,
2021-06-09,AGG,115.04000091552734,117.01010398903486,-1.6837033780365984,,0.0020033390978533294,0,0,0,
2021-06-10,AGG,115.27999877929688,116.68695816824302,-1.2057554769038963,,0.002086212290155931,0,0,0,
2021-06-11,AGG,115.2300033569336,116.22291426987816,-0.8543159661604717,,-0.0004336868745028477,0,0,0,
2021-06-14,AGG,114.94000244140624,115.8707864540172,-0.8032948088950345,,-0.0025167135908957805,0,0,0,
2021-06-15,AGG,114.98999786376952,115.12869904260717,-0.1204748946101778,,0.00043496973465595445,0,0,0,
2021-06-16,AGG,114.62000274658205,114.61460374242222,0.004710572635194244,,-0.0032176286986786984,0,0,0,
2021-06-17,AGG,114.9800033569336,115.16077367693558,-0.15697213055298165,,0.003140818371357712,0,0,0,
2021-06-18,AGG,115.29000091552734,115.48326523457963,-0.16735266244829008,,0.0026960997525058428,0,0,0,
2021-06-21,AGG,114.98999786376952,115.29976700910925,-0.2686641555097467,,-0.0026021601992842758,0,0,0,
2021-06-22,AGG,115.11000061035156,115.11671085086476,-0.005829075955700008,,0.001043592910787039,0,0,0,
2021-06-23,AGG,115.0500030517578,114.66821663987874,0.33294876563580095,,-0.0005212193404190435,0,0,0,
2021-06-24,AGG,115.08999633789062,115.18889255232914,-0.08585568647045003,,0.00034761655864401497,0,0,0,
2021-06-25,AGG,114.86000061035156,114.29185402583651,0.49710155579995635,,-0.0019983989474100516,0,0,0,
2021-06-28,AGG,115.19000244140624,114.92020606710368,0.2347684393682865,,0.0028730787854873707,0,0,0,
2021-06-29,AGG,115.25,114.73089678153566,0.4524528553566401,,0.0005208573428434615,0,0,0,
2021-06-30,AGG,115.33000183105467,114.97237729310008,0.31105257312623624,,0.0006941590547042686,0,0,0,
2021-07-01,AGG,115.11000061035156,114.61701983691196,0.43011131692401183,,-0.0019075801370868062,0,0,0,
2021-07-02,AGG,115.36000061035156,114.41789891181558,0.8233866444812774,,0.0021718356239632808,0,0,0,
2021-07-06,AGG,115.7300033569336,115.1943626631689,0.4649886343231198,,0.003207374693346088,0,0,0,
2021-07-07,AGG,115.93000030517578,115.65794505451176,0.23522400517820014,,0.001728133953520672,0,0,0,
2021-07-08,AGG,116.05999755859376,116.40859502127992,-0.29946024399867793,,0.001121342647078194,0,0,0,
2021-07-09,AGG,115.68000030517578,115.94304529817369,-0.22687431774922381,,-0.0032741449372005738,0,0,0,
2021-07-12,AGG,115.61000061035156,116.01946913174191,-0.3529308696675675,,-0.0006051149259989064,0,0,0,
2021-07-13,AGG,115.36000061035156,116.55816753800114,-1.0279562153024975,,-0.0021624426838521282,0,0,0,
2021-07-14,AGG,115.75,117.04748409926654,-1.1085108827851098,,0.0033807159117980046,0,0,0,
2021-07-15,AGG,116.0,117.19984466177866,-1.023759600741135,,0.002159827213822796,0,0,0,
2021-07-16,AGG,115.9000015258789,116.60473788090452,-0.604380549052309,,-0.0008620558113887622,0,0,0,
2021-07-19,AGG,116.51000213623048,117.78757443163988,-1.0846409747157677,,0.005263163091636214,0,0,0,
2021-07-20,AGG,116.4000015258789,117.19455559701586,-0.6779786544599425,,-0.0009441301891227605,0,0,0,
2021-07-21,AGG,116.0199966430664,116.748470408104,-0.6239685731994183,,-0.003264646716761521,0,0,0,
2021-07-22,AGG,116.29000091552734,116.98044872603538,-0.5902249632543645,,0.0023272218606555928,0,0,0,
2021-07-23,AGG,116.20999908447266,116.39116335889057,-0.1556512274555518,,-0.0006879510742526795,0,0,0,
2021-07-26,AGG,116.11000061035156,115.93348597928087,0.152255087975388,,-0.0008604980200405121,0,0,0,
2021-07-27,AGG,116.37999725341795,116.9091425884739,-0.45261245043816806,,0.0023253521802351074,0,0,0,
2021-07-28,AGG,116.48999786376952,116.86908128615508,-0.3243658786513202,,0.0009451848508987837,0,0,0,
2021-07-29,AGG,116.3000030517578,116.63943910717298,-0.2910131067273823,,-0.0016309967850965945,0,0,0,
2021-07-30,AGG,116.45999908447266,116.45928986974722,0.0006089808088524589,,0.001375718215963051,0,0,0,
2021-08-02,AGG,116.54000091552734,116.37840883288835,0.13885056881214544,,0.000686946863159843,0,0,0,
2021-08-03,AGG,116.58000183105467,116.51546129154168,0.05539225335210953,,0.00034323764555588276,0,0,0,
2021-08-04,AGG,116.56999969482422,116.9524548393261,-0.32701762868279044,,-8.579632933058967e-05,0,0,0,
2021-08-05,AGG,116.30999755859376,116.97880146417296,-0.571730858247877,,-0.002230437822005049,0,0,0,
2021-08-06,AGG,115.79000091552734,116.61311733896656,-0.7058523451067802,,-0.0044707819962291895,0,0,0,
2021-08-09,AGG,115.58000183105467,116.20722788742408,-0.5397478864025869,,-0.001813620198741317,0,0,0,
2021-08-10,AGG,115.43000030517578,116.17482435075723,-0.6411234531611305,,-0.001297815569324512,0,0,0,
2021-08-11,AGG,115.54000091552734,116.04449391511034,-0.4347410054216303,,0.0009529637881031672,0,0,0,
2021-08-12,AGG,115.5500030517578,115.80680317678248,-0.22174873839896037,,8.656860092770557e-05,0,0,0,
2021-08-13,AGG,115.97000122070312,115.71409508453203,0.22115381534474768,,0.003634774191716872,0,0,0,
2021-08-16,AGG,116.02999877929688,115.46384896817324,0.4903264668404498,,0.0005173541257412761,0,0,0,
2021-08-17,AGG,115.94000244140624,115.00411563091669,0.8137854939844898,,-0.0007756299132762878,0,0,0,
2021-08-18,AGG,115.9499969482422,115.3885428534532,0.4865769866788787,,8.620412821724877e-05,0,0,0,
2021-08-19,AGG,116.1500015258789,115.16025754211552,0.8594492621739996,,0.0017249209392042886,0,0,0,
2021-08-20,AGG,116.16000366210938,115.73765218793906,0.3649214116461278,,8.611395694413382e-05,0,0,0,
2021-08-23,AGG,116.16000366210938,115.22244028464416,0.8136985947781218,,0.0,0,0,0,
2021-08-24,AGG,115.98999786376952,115.37060880537412,0.5368690213295872,,-0.0014635484932866705,0,0,0,
2021-08-25,AGG,115.7699966430664,114.67019995176038,0.9590954683681455,,-0.0018967257932145376,0,0,0,
2021-08-26,AGG,115.77999877929688,114.95474748933832,0.7178923080450398,,8.639661847187341e-05,0,0,0,
2021-08-27,AGG,116.0999984741211,115.21967676771042,0.7640376462654455,,0.0027638598911563506,0,0,0,
2021-08-30,AGG,116.2300033569336,115.72671523005246,0.43489364221618776,,0.0011197664472104574,0,0,0,
2021-08-31,AGG,116.05999755859376,115.74601202406,0.27127114709447003,0.6748028250316328,-0.0014626670689990018,0,0,0,
2021-09-01,AGG,115.93000030517578,115.70854332459608,0.19139207375418382,0.5335017093439489,-0.0011200866461534842,0,0,0,
2021-09-02,AGG,116.0500030517578,115.69372829387946,0.30794647482821824,0.6870802379955159,0.0010351310813949688,0,0,0,
2021-09-03,AGG,115.8499984741211,115.48751408030842,0.3138732327034177,0.676920769110537,-0.0017234344883860775,0,0,0,
2021-09-07,AGG,115.54000091552734,115.37059012811092,0.14684053122057,0.37892564072989515,-0.002675852936355416,0,0,0,
2021-09-08,AGG,115.7300033569336,115.7195787880451,0.009008474622595852,0.10598220659560606,0.0016444732551557095,0,0,0,
2021-09-09,AGG,116.0999984741211,115.97465545116236,0.1080779438155034,0.25696138990156686,0.0031970544064219286,0,0,0,
2021-09-10,AGG,115.87000274658205,115.63414122371668,0.20397221821282305,0.41329720096136485,-0.001981014044460272,0,0,0,
2021-09-13,AGG,116.0199966430664,116.05738706868932,-0.0322171871755022,-0.0636755796759339,0.0012945015355907419,0,0,0,
2021-09-14,AGG,116.27999877929688,115.6822581005735,0.5167090343306547,0.9807858922005217,0.002241011409700011,0,0,0,
2021-09-15,AGG,116.16999816894533,115.89890761527975,0.2339025960153513,0.42514909068311635,-0.0009459976909729217,0,0,0,
2021-09-16,AGG,115.97000122070312,116.3906079761494,-0.36137516828888994,-0.717854847446807,-0.0017215886321299,0,0,0,
2021-09-17,AGG,115.87000274658205,116.56230876716444,-0.593936434431209,-1.1419496131608138,-0.0008622788054539754,0,0,0,
2021-09-20,AGG,116.08999633789062,116.8099932457484,-0.6163829719115087,-1.163754983687557,0.0018986242003440346,0,0,0,
2021-09-21,AGG,116.13999938964844,117.0176935993722,-0.7500525627591633,-1.372645257292069,0.0004307266201668547,0,0,0,
2021-09-22,AGG,116.18000030517578,117.20694833693724,-0.8761835764286559,-1.5460352641528323,0.00034441980142552175,-1,0,0,
2021-09-23,AGG,115.61000061035156,116.54764719079988,-0.8045178114263406,-1.3722566432777248,-0.004906177425778702,0,0,0,
2021-09-24,AGG,115.41000366210938,116.21332180154036,-0.691244451993917,-1.1308104633803695,-0.0017299277500762988,0,0,0,
2021-09-27,AGG,115.25,116.23864499992114,-0.8505303893742102,-1.3681529057199184,-0.0013863933544081553,0,0,0,
2021-09-28,AGG,114.7699966430664,115.8403421729153,-0.923983397986847,-1.44518383535454,-0.004164888129575606,0,0,0,
2021-09-29,AGG,114.8499984741211,116.05349660314144,-1.0370201366149694,-1.5798799312161036,0.0006970622409574467,-1,0,0,
2021-09-30,AGG,114.83000183105467,115.41360839045392,-0.505665291587499,-0.6383030324274884,-0.00017411095630903706,0,0,0,
2021-10-01,AGG,115.0,115.59101231899552,-0.511296083612896,-0.6237514551841882,0.001480433390530056,0,0,0,
2021-10-04,AGG,114.91999816894533,115.219644859275,-0.2600656256974614,-0.1599160281640531,-0.000695668096127644,0,0,0,
2021-10-05,AGG,114.6500015258789,115.07930897870315,-0.3730535546608954,-0.3459406691020504,-0.00234943132064358,0,0,0,
2021-10-06,AGG,114.6999969482422,115.03303672125162,-0.2895166314842584,-0.19628321125344902,0.0004360699668373158,0,0,0,
2021-10-07,AGG,114.37999725341795,114.40123235596432,-0.01856195261979038,0.28401349841770784,-0.002789884074440252,0,0,0,
2021-10-08,AGG,114.12999725341795,114.46451765206426,-0.29224811802653156,-0.20882162197402937,-0.002185696852624597,0,0,0,
2021-10-11,AGG,113.9499969482422,114.32912715730508,-0.33161296555796754,-0.304990706724594,-0.0015771515772148303,0,0,0,
2021-10-12,AGG,114.37000274658205,114.08356059833795,0.25108100303126835,0.7362244230796138,0.0036858781008184405,0,0,0,
2021-10-13,AGG,114.62999725341795,114.64788279733996,-0.015600413619169586,0.21317293630620313,0.00227327533961863,0,0,0,
2021-10-14,AGG,114.8499984741211,115.38746499564505,-0.4657928151417818,-0.6526073004732333,0.0019192290497640485,0,0,0,
2021-10-15,AGG,114.56999969482422,114.61811217387203,-0.041976331781517336,0.13111730546623057,-0.002437951963577656,0,0,0,
2021-10-18,AGG,114.48999786376952,114.97058255081456,-0.41800665560047057,-0.6224377462559736,-0.0006982790544453055,0,0,0,
2021-10-19,AGG,114.16000366210938,114.2581196106622,-0.08587218911633045,0.019981541809151005,-0.0028822972121355095,0,0,0,
2021-10-20,AGG,114.08000183105467,114.24186984940428,-0.14168887340778435,-0.10688414550978016,-0.0007007868648243321,0,0,0,
2021-10-21,AGG,113.83999633789062,113.93711249782385,-0.08523663431884573,0.004799915615701559,-0.0021038349343601714,0,0,0,
2021-10-22,AGG,114.05999755859376,114.430563288587,-0.32383457648345815,-0.4616674445278532,0.0019325476790261753,0,0,0,
2021-10-25,AGG,114.16999816894533,114.87937676527493,-0.6174986462357157,-1.0443330647511604,0.0009644100710686221,0,0,0,
2021-10-26,AGG,114.37999725341795,114.84084096667569,-0.4012890443665922,-0.6066132972606181,0.0018393543648995703,0,0,0,
2021-10-27,AGG,114.76000213623048,114.63434456566334,0.10961598903299422,0.4058534981526728,0.0033223019053811864,0,0,0,
2021-10-28,AGG,114.66999816894533,114.61186239193712,0.05072404879819265,0.2859792462369222,-0.0007842799373453113,0,0,0,
2021-10-29,AGG,114.63999938964844,114.65801957671914,-0.015716464611222596,0.15788166197237605,-0.0002616096605555507,0,0,0,
2021-11-01,AGG,114.38999938964844,114.06377801071582,0.2859991003471481,0.7536666105674237,-0.0021807397185189537,0,0,0,
2021-11-02,AGG,114.62000274658205,114.85919491417432,-0.20824816661043916,-0.23941585673613097,0.0020106946250619817,0,0,0,
2021-11-03,AGG,114.38999938964844,114.51180043127714,-0.10636549348623464,-0.05045970627010114,-0.0020066598448974515,0,0,0,
2021-11-04,AGG,114.7699966430664,115.12919777392337,-0.3119982921815497,-0.4837316139767585,0.003321944710599878,0,0,0,
2021-11-05,AGG,115.22000122070312,115.50629064312136,-0.24785613045334567,-0.36451005574010187,0.0039209252487497626,0,0,0,
2021-11-08,AGG,115.01000213623048,115.29166759113548,-0.24430686170997182,-0.3739747126598791,-0.0018225922777972414,0,0,0,
2021-11-09,AGG,115.33000183105467,115.45480875911797,-0.10810024234130201,-0.10242093966909852,0.002782364045564867,0,0,0,
2021-11-10,AGG,114.5500030517578,114.92358340194367,-0.3250684838805306,-0.5508042393276509,-0.006763190556777099,0,0,0,
2021-11-11,AGG,114.33999633789062,115.04894589798894,-0.6162156068139264,-1.121069825800267,-0.0018333191468558052,0,0,0,
2021-11-12,AGG,114.31999969482422,114.54485862962912,-0.19630644054654725,-0.23295257357505478,-0.00017488756084360624,0,0,0,
2021-11-15,AGG,113.9000015258789,113.99133875090452,-0.08012646050697157,0.04069312983473582,-0.003673881823534786,0,0,0,
2021-11-16,AGG,113.86000061035156,113.70407759881584,0.13713053641388792,0.5261014204167579,-0.0003511932835071896,0,0,0,
2021-11-17,AGG,114.12999725341795,113.94674273862448,0.16082470669111765,0.6227873694274586,0.0023713037205257415,0,0,0,
2021-11-18,AGG,114.2300033569336,113.66608785635788,0.4961158699227415,1.3653696649160498,0.0008762473137853277,0,0,0,
2021-11-19,AGG,114.4499969482422,114.19023050337309,0.22748569971705376,0.8095355780722469,0.0019258827352144348,0,0,0,
2021-11-22,AGG,113.9000015258789,113.892036484522,0.0069935015675952755,0.32550081856166224,-0.004805552092867371,0,0,0,
2021-11-23,AGG,113.4499969482422,113.41331269274212,0.032345634413714526,0.44375686857686897,-0.0039508742020030185,0,0,0,
2021-11-24,AGG,113.70999908447266,113.64517518714192,0.05704060662847598,0.5512563274678429,0.0022917773752701986,0,0,0,
2021-11-26,AGG,114.5199966430664,114.10998625122964,0.3593115776335881,1.3925789684263352,0.007123362634028574,0,0,0,
2021-11-29,AGG,114.58000183105467,114.9651102597548,-0.3349785233363397,-0.43470906790822167,0.0005239712691862408,0,0,0,
2021-11-30,AGG,114.7699966430664,114.88770490924269,-0.1024550592852952,0.21636477034170512,0.0016581847527972204,0,0,0,
2021-12-01,AGG,114.62999725341795,114.22853981048549,0.3514510853404228,1.4458656704536261,-0.0012198256839185406,0,0,0,
2021-12-02,AGG,114.61000061035156,114.0653443987874,0.47749490823432766,1.7620660297932396,-0.00017444511511399696,1,0,0,
2021-12-03,AGG,115.06999969482422,114.8506501151864,0.1909867984359085,1.0008193751813004,0.0040136033681437144,0,0,0,
2021-12-06,AGG,114.66999816894533,114.87125673560293,-0.17520359085200335,0.02103133729268805,-0.0034761582249042133,0,0,0,
2021-12-07,AGG,114.48999786376952,114.35557735656408,0.11754608766156328,0.8133095551117924,-0.0015697244968174706,0,0,0,
2021-12-08,AGG,114.19000244140624,114.3433452910919,-0.13410736697905906,0.13931570766980814,-0.0026202762508585886,0,0,0,
2021-12-09,AGG,114.1999969482422,114.47616336804724,-0.24124360188168295,-0.1357287925494288,8.752523532962186e-05,0,0,0,
2021-12-10,AGG,114.2300033569336,113.86167329547308,0.32348906423032137,1.3879624473535739,0.0002627531479268974,0,0,0,
2021-12-13,AGG,114.62999725341795,113.79850881301074,0.7306672548525943,2.437131583440689,0.003501653547487882,1,1,0,
2021-12-14,AGG,114.41000366210938,113.24017905940724,1.033047291534598,2.995019965698717,-0.001919162493062121,1,1,1,
2021-12-15,AGG,114.31999969482422,113.60232394470886,0.6317438985356145,1.901677316314238,-0.0007866791749344682,1,0,0,
2021-12-16,AGG,114.36000061035156,113.12643166685702,1.090433884741676,2.7793236193841575,0.0003499030408862236,1,1,1,
2021-12-17,AGG,114.5,113.59189546729414,0.7994448274413455,2.0149700400284862,0.0012241989235854955,1,1,0,
2021-12-20,AGG,114.33000183105467,113.94843688161906,0.3348575547657764,0.9512287061076548,-0.0014847001654613168,0,0,0,
2021-12-21,AGG,114.23999786376952,113.35896852131,0.7772030338242634,1.8804116862985527,-0.000787229649643062,1,0,0,
2021-12-22,AGG,114.33999633789062,114.17128262343216,0.14777246132455746,0.4455613847111318,0.0008753367996414685,0,0,0,
2021-12-23,AGG,114.1999969482422,114.20754619394766,-0.006610111115286612,0.06839762670023201,-0.001224413102434485,0,0,0,
2021-12-27,AGG,114.26000213623048,114.3598641406414,-0.08732259797730377,-0.15260056393748928,0.0005254394885445546,0,0,0,
2021-12-28,AGG,114.20999908447266,114.66550945254708,-0.39725142307324374,-0.9478811725063536,-0.000437625160361943,0,0,0,
2021-12-29,AGG,113.87000274658205,113.96435112844443,-0.08278762694489686,-0.21638958201830016,-0.0029769402032753245,0,0,0,
2021-12-30,AGG,114.12000274658205,113.83882956129342,0.24699233677313287,0.6246908346957584,0.0021954860276625077,0,0,0,
2021-12-31,AGG,114.08000183105467,114.05079592613468,0.025607804560089115,0.01472695393465963,-0.0003505162510046844,0,0,0,
2022-01-03,AGG,113.3000030517578,113.08860125259808,0.18693466610973744,0.4320601792926609,-0.006837296342719235,0,0,0,
2022-01-04,AGG,113.29000091552734,113.15072254382284,0.12309101397966267,0.24022622860909965,-8.828010556971577e-05,0,0,0,
2022-01-05,AGG,112.94000244140624,112.44339952728724,0.4416470119248588,1.075091033068322,-0.0030894030478654244,0,0,0,
2022-01-06,AGG,112.81999969482422,112.34260945763764,0.42494138198436476,1.002355232229006,-0.0010625353638031854,0,0,0,
2022-01-07,AGG,112.48999786376952,112.46436803787236,0.022789285481535464,-0.09784360771433884,-0.00292502953330398,0,0,0,
2022-01-10,AGG,112.38999938964844,112.17209011633332,0.19426336184796245,0.3487183980259819,-0.0008889543605662409,0,0,0,
2022-01-11,AGG,112.5999984741211,112.32909158579288,0.24117250883428004,0.47790233884134037,0.0018684855023853864,0,0,0,
2022-01-12,AGG,112.5999984741211,112.73164612721276,-0.11677967776954402,-0.49878798440835254,0.0,0,0,0,
2022-01-13,AGG,112.8000030517578,112.46896842017996,0.29433419389168997,0.6028481325806011,0.001776239612318209,0,0,0,
2022-01-14,AGG,112.16999816894533,112.38203779537176,-0.18867750628665317,-0.7304735731307527,-0.005585149519219401,0,0,0,
2022-01-18,AGG,111.48999786376952,112.11045164705452,-0.553430812354864,-1.7186412322011888,-0.0060622297965239325,-1,0,0,
2022-01-19,AGG,111.7300033569336,112.5009123823426,-0.6852469096330708,-1.9895652039303466,0.0021527087430510683,-1,0,0,
2022-01-20,AGG,111.79000091552734,113.2872819162192,-1.3216673357907553,-3.2993076969226918,0.0005369869935658578,-1,-1,-1,
2022-01-21,AGG,112.2300033569336,113.09345753602518,-0.7634872944056403,-1.8709518576362676,0.003935973144313154,-1,0,0,
2022-01-24,AGG,112.0999984741211,112.76704511861765,-0.5915262245232167,-1.440847256787091,-0.0011583790334482869,0,0,0,
2022-01-25,AGG,111.98999786376952,112.46350547101387,-0.4210322319771533,-1.0626486182509496,-0.0009812721842005212,0,0,0,
2022-01-26,AGG,111.36000061035156,112.33809773066444,-0.8706726747838588,-2.0424239853276167,-0.005625477859052319,-1,-1,0,
2022-01-27,AGG,111.7300033569336,112.5688889690244,-0.7452197670012025,-1.6853967206848521,0.0033225821170446146,-1,0,0,
2022-01-28,AGG,111.80999755859376,112.5871098672239,-0.6902320430345893,-1.50796914662594,0.000715959896686158,-1,0,0,
2022-01-31,AGG,111.8000030517578,112.1189156512536,-0.2844413876493262,-0.6102619635426549,-8.938831101157341e-05,0,0,0,
2022-02-01,AGG,111.5999984741211,112.33053732585894,-0.65034750934969,-1.358352095649747,-0.0017889496616928513,0,0,0,
2022-02-02,AGG,111.72000122070312,112.07429814185002,-0.31612682570491873,-0.6342213700804301,0.0010752934428566174,0,0,0,
2022-02-03,AGG,111.2699966430664,111.18939682688456,0.07248876105275966,0.194309409150395,-0.004027967890438244,0,0,0,
2022-02-04,AGG,110.56999969482422,110.64343164670684,-0.06636810770394341,-0.11263574132967459,-0.006290976627667644,0,0,0,
2022-02-07,AGG,110.66999816894533,110.33458420219218,0.3039971276263595,0.6653946785207029,0.0009043906520493916,0,0,0,
2022-02-08,AGG,110.33000183105467,109.83519338981854,0.45050081487087235,0.9517512393738559,-0.0030721635810604386,0,0,0,
2022-02-09,AGG,110.4000015258789,109.83673074110798,0.5128255192687641,1.054787163516425,0.0006344574790402291,0,0,0,
2022-02-10,AGG,109.37999725341795,108.88357012668824,0.4559247333202893,0.9055574432545618,-0.009239169006912129,0,0,0,
2022-02-11,AGG,110.0999984741211,108.84322540948924,1.1546635630317228,2.2598264541906063,0.006582567551496554,1,1,0,
2022-02-14,AGG,109.45999908447266,108.9147887109906,0.5005843374757725,0.8878144395933998,-0.0058128919029809545,0,0,0,
2022-02-15,AGG,109.27999877929688,108.85352879187252,0.3917833368909551,0.6478705544773545,-0.0016444391255372448,0,0,0,
2022-02-16,AGG,109.41000366210938,109.12893937276527,0.257552479625991,0.36941268011380746,0.0011896493801675234,0,0,0,
2022-02-17,AGG,109.63999938964844,109.76582038037284,-0.11462674837066543,-0.380793560105363,0.0021021453234693066,0,0,0,
2022-02-18,AGG,109.87000274658205,109.51511176135276,0.3240566343050826,0.5211719727573179,0.0020978051643014695,0,0,0,
2022-02-22,AGG,109.75,109.26378263948294,0.4449940765105481,0.7586841028032477,-0.0010922248437440496,0,0,0,
2022-02-23,AGG,109.26000213623048,108.7792394675467,0.4419617852055418,0.7352554651177445,-0.004464673018401033,0,0,0,
2022-02-24,AGG,109.45999908447266,109.31368811343152,0.13384505963179028,0.10648466913623728,0.0018304680974909893,0,0,0,
2022-02-25,AGG,109.56999969482422,109.35887741754344,0.19305453957312738,0.22221372136263676,0.0010049388934003645,0,0,0,
2022-02-28,AGG,110.36000061035156,110.25590199967884,0.09441545421579788,0.030660904792555514,0.007210011113695902,0,0,0,
2022-03-01,AGG,110.81999969482422,110.74937238368736,0.06377219989308328,-0.04481963757197936,0.004168168556801355,0,0,0,
2022-03-02,AGG,109.48999786376952,109.7938298048075,-0.2767295225771243,-0.7335942175154484,-0.012001460338542325,0,0,0,
2022-03-03,AGG,109.86000061035156,110.6907437831863,-0.7505082579099374,-1.631639438784595,0.0033793291971966344,-1,0,0,
2022-03-04,AGG,110.3000030517578,110.93743877201427,-0.5745902621444691,-1.237615195331938,0.004005119597321194,0,0,0,
2022-03-07,AGG,109.66000366210938,110.5074873595027,-0.766901607884991,-1.558343562403244,-0.005802351513518156,-1,0,0,
2022-03-08,AGG,109.2699966430664,110.3420533834401,-0.9715758475585777,-1.8780808829570557,-0.003556511088989911,-1,0,0,
2022-03-09,AGG,109.04000091552734,110.747381261479,-1.5416891365769354,-2.7251950202159176,-0.0021048387901974053,-1,-1,-1,
2022-03-10,AGG,108.43000030517578,109.70240763934802,-1.1598718401471586,-1.9555263662052438,-0.005594282879950896,-1,0,0,
2022-03-11,AGG,108.41000366210938,109.76675173122752,-1.2360282578464599,-1.9933902657782376,-0.0001844198377767281,-1,0,0,
2022-03-14,AGG,107.36000061035156,108.01139269651638,-0.6030772031567626,-0.9125979683060934,-0.009685481194433354,0,0,0,
2022-03-15,AGG,107.5999984741211,108.21486502831038,-0.5681904736733111,-0.8275125691637274,0.002235449538050771,0,0,0,
2022-03-16,AGG,107.68000030517578,108.0727702966448,-0.3634310385409057,-0.46069414325588703,0.0007435114515723651,0,0,0,
2022-03-17,AGG,107.86000061035156,108.51879882415292,-0.6070821101410251,-0.851043966151191,0.0016716224430315396,0,0,0,
2022-03-18,AGG,108.0999984741211,108.82646208286138,-0.667543164443914,-0.9346384859302767,0.0022250868015154524,0,0,0,
2022-03-21,AGG,107.04000091552734,107.52740625421758,-0.45328475378445193,-0.5289079942224464,-0.009805712983867565,0,0,0,
2022-03-22,AGG,106.75,106.40069964602291,0.3282876476744499,0.8929466395881076,-0.0027092760934877003,0,0,0,
2022-03-23,AGG,107.19000244140624,107.13080264941608,0.05525935634392979,0.42685246420156087,0.004121802729800894,0,0,0,
2022-03-24,AGG,106.9499969482422,107.03333487138158,-0.07786165239037582,0.1862091133520954,-0.0022390660294576703,0,0,0,
2022-03-25,AGG,106.0999984741211,105.59649321424403,0.4768200577035267,1.1939986109220915,-0.007947625043247641,0,0,0,
2022-03-28,AGG,106.36000061035156,106.12636431940038,0.2201491518620432,0.7083572939556162,0.0024505385482533892,0,0,0,
2022-03-29,AGG,106.86000061035156,106.73514693673286,0.11697522062972276,0.5033345997437132,0.00470101539235368,0,0,0,
2022-03-30,AGG,107.1500015258789,106.8969271544759,0.23674616112892244,0.7112647586504098,0.0027138397330239705,0,0,0,
2022-03-31,AGG,107.0999984741211,107.1040111551972,-0.003746527354881873,0.2793968330175192,-0.00046666403215811503,0,0,0,
2022-04-01,AGG,106.75,107.3340298264949,-0.5441236366872471,-0.6946779904130156,-0.0032679596555331702,0,0,0,
2022-04-04,AGG,106.83999633789062,107.57326465013838,-0.6816454949401926,-0.9180615427539047,0.0008430570294204465,0,0,0,
2022-04-05,AGG,105.76000213623048,106.66828355094222,-0.8515009189943177,-1.1888249156232418,-0.010108519643192149,0,0,0,
2022-04-06,AGG,105.48999786376952,106.83728358747928,-1.2610632528920402,-1.8473798319593742,-0.002552990421777479,-1,0,0,
2022-04-07,AGG,105.26000213623048,106.2292199445204,-0.912383437246455,-1.1892838120768296,-0.002180260993426608,0,0,0,
2022-04-08,AGG,104.7300033569336,105.6377777569066,-0.8593274293046713,-1.062242456395376,-0.005035139355317075,0,0,0,
2022-04-11,AGG,104.27999877929688,104.83238110180996,-0.5269195612151804,-0.4580473393380046,-0.004296806676335585,0,0,0,
2022-04-12,AGG,104.61000061035156,105.00164988303904,-0.37299344641129956,-0.1697841018595983,0.003164574558090605,0,0,0,
2022-04-13,AGG,104.81999969482422,105.630533076911,-0.7673286865802467,-0.8485665542329172,0.002007447502603954,0,0,0,
2022-04-14,AGG,103.97000122070312,104.69494406859816,-0.6924334831489473,-0.6916256914020126,-0.008109124943672996,0,0,0,
2022-04-18,AGG,103.6500015258789,104.04403179301563,-0.3787149155471103,-0.12832754307007205,-0.0030778079356269528,0,0,0,
2022-04-19,AGG,103.0199966430664,103.24745404264284,-0.22030315583616575,0.14426910784584704,-0.00607819463133541,0,0,0,
2022-04-20,AGG,103.61000061035156,103.56613139030162,0.04235865476582807,0.5921777833601247,0.005727081989036931,0,0,0,
2022-04-21,AGG,103.04000091552734,102.61545111827957,0.4137289195936205,1.2248248041216292,-0.005501396500979028,0,0,0,
2022-04-22,AGG,102.94000244140624,102.5754188047339,0.35542982999306083,1.0838378078118183,-0.0009704820771797573,0,0,0,
2022-04-25,AGG,103.62999725341795,103.17208147367867,0.4438369113025065,1.2032743987019303,0.0067028831906670305,0,0,0,
2022-04-26,AGG,103.9499969482422,103.86861536390592,0.07835050467473982,0.5337557368230708,0.003087906043669264,0,0,0,
2022-04-27,AGG,103.52999877929688,103.4802019287653,0.048122104135299104,0.4579342849192326,-0.004040386544257868,0,0,0,
2022-04-28,AGG,103.48999786376952,103.23651301551573,0.2455379795864415,0.788151823231283,-0.0003863702887955123,0,0,0,
2022-04-29,AGG,102.87000274658205,102.5159139367296,0.3453988715068933,0.9387270399277082,-0.005990869938983012,0,0,0,
2022-05-02,AGG,102.12999725341795,101.72437887379,0.39874254738011783,1.0074886843299422,-0.007193598458309358,0,0,0,
2022-05-03,AGG,102.36000061035156,102.1763577735565,0.17973124193959683,0.5927071685445648,0.0022520646540593603,0,0,0,
2022-05-04,AGG,103.0199966430664,102.87704206701837,0.1389567324018845,0.5055584569559333,0.006447792387450413,0,0,0,
2022-05-05,AGG,102.0,101.95038971091354,0.04866120593274053,0.3438920553627992,-0.009900957836374125,0,0,0,
2022-05-06,AGG,101.56999969482422,101.5381472968414,0.031369882975802524,0.3097908492957307,-0.0042156892664292345,0,0,0,
2022-05-09,AGG,102.06999969482422,102.2795014359662,-0.20483257954981293,-0.10095312183922928,0.004922713414416524,0,0,0,
2022-05-10,AGG,102.37999725341795,102.88732375635009,-0.49308941510962273,-0.5989670608763339,0.0030371074705650702,0,0,0,
2022-05-11,AGG,102.76000213623048,103.63077913455125,-0.8402686977680367,-1.1926432729491643,0.003711710226675491,0,0,0,
2022-05-12,AGG,102.9499969482422,103.84958543738036,-0.8662417720295967,-1.200941213920192,0.0018489179453289317,0,0,0,
2022-05-13,AGG,102.51000213623048,103.08645258722837,-0.5591912773505409,-0.6228266277122344,-0.004273869111748763,0,0,0,
2022-05-16,AGG,102.73999786376952,103.56007794741342,-0.7918882448701212,-1.0365446538759662,0.0022436418178333195,0,0,0,
2022-05-17,AGG,102.18000030517578,102.96393637391554,-0.7613695594279571,-0.9475897676380646,-0.005450628481969422,0,0,0,
2022-05-18,AGG,102.58999633789062,103.07172513943168,-0.4673724058556189,-0.35822239470923156,0.00401248807487109,0,0,0,
2022-05-19,AGG,102.8499984741211,103.50186535343532,-0.6298117208692323,-0.6577500690483222,0.002534380987539331,0,0,0,
2022-05-20,AGG,103.16000366210938,103.49271122277251,-0.32147921987179456,-0.037650818892568425,0.0030141486882597768,0,0,0,
2022-05-23,AGG,102.81999969482422,102.7320815390668,0.08558003930251132,0.7861767761658259,-0.0032958894456693866,0,0,0,
2022-05-24,AGG,103.61000061035156,103.32575098236173,0.27510047136106464,1.178431948259763,0.007683339018402124,0,0,0,
2022-05-25,AGG,104.04000091552734,103.35980855304196,0.6580820649801475,1.887249640519351,0.004150181475173431,1,0,0,
2022-05-26,AGG,103.95999908447266,103.37179944956152,0.5690136362559274,1.674056700263274,-0.0007689526177497852,1,0,0,
2022-05-27,AGG,104.12999725341795,103.67182341453253,0.4419463493503126,1.4011847495914602,0.0016352267260715259,0,0,0,
2022-05-31,AGG,103.47000122070312,102.52745622851324,0.9193098384194138,2.2033119571130215,-0.0063381931251627055,1,1,0,
2022-06-01,AGG,102.86000061035156,101.89188892460764,0.9501361648720152,2.139182252269744,-0.005895434455929105,1,1,0,
2022-06-02,AGG,102.98999786376952,102.33678227576668,0.6382999088662163,1.5276027888046886,0.0012638270722007405,1,0,0,
2022-06-03,AGG,102.81999969482422,102.54437263919397,0.26878808513467245,0.8557538373141258,-0.0016506279490379194,0,0,0,
2022-06-06,AGG,102.19000244140624,101.74942120886216,0.4330061314449056,1.1056711060920086,-0.006127185910210553,0,0,0,
2022-06-07,AGG,102.58000183105467,102.19761868160786,0.3741605277889177,0.9731032549602837,0.003816414329494311,0,0,0,
2022-06-08,AGG,102.16000366210938,102.50574202999164,-0.33728683002080456,-0.3200158740378339,-0.004094347450266378,0,0,0,
2022-06-09,AGG,102.0500030517578,102.78907787035423,-0.7190207694329309,-1.053310287053571,-0.0010767483007870782,0,0,0,
2022-06-10,AGG,101.26000213623048,101.89055240962944,-0.6188505788681551,-0.9091903924950495,-0.0077413120225644505,0,0,0,
2022-06-13,AGG,99.5999984741211,100.1857640134236,-0.5846794153548751,-0.8444463364013778,-0.016393478442515708,0,0,0,
2022-06-14,AGG,99.01000213623048,99.48790458991796,-0.4803623673222961,-0.6476878248817978,-0.005923658101700813,0,0,0,
2022-06-15,AGG,100.11000061035156,100.45296862612534,-0.3414214835703524,-0.3805779598595566,0.011109973238941695,0,0,0,
2022-06-16,AGG,100.3499984741211,100.60315199616728,-0.2516357758411336,-0.2196518138736184,0.0023973415473610427,0,0,0,
2022-06-17,AGG,100.33999633789062,100.52682988045846,-0.18585440602276307,-0.1077611709375908,-9.96725100403939e-05,0,0,0,
2022-06-21,AGG,99.94000244140624,100.02616818246648,-0.08614319895075799,0.07624832872930737,-0.00398638540046814,0,0,0,
2022-06-22,AGG,100.79000091552734,100.6537526455031,0.13536332868194031,0.5194694774636,0.008505087586119009,0,0,0,
2022-06-23,AGG,101.20999908447266,100.97794382741604,0.22980786522374283,0.698212369724401,0.004167061862588195,0,0,0,
2022-06-24,AGG,101.0500030517578,100.60769289578946,0.43963850401230525,1.0841524384556942,-0.0015808322711406975,0,0,0,
2022-06-27,AGG,100.5999984741211,99.92952428366436,0.6709470451930625,1.5162626427746257,-0.004453286136035128,1,0,0,
2022-06-28,AGG,100.63999938964844,100.13392201900788,0.505400528049314,1.1781622881452063,0.00039762342081584023,0,0,0,
2022-06-29,AGG,101.22000122070312,100.4296695170336,0.7869504176108802,1.661037690946693,0.00576313428629005,1,0,0,
2022-06-30,AGG,101.68000030517578,101.06281833841145,0.6106914262945697,1.3050690828226292,0.004544547312044234,0,0,0,
2022-07-01,AGG,102.33999633789062,102.08906736811304,0.24579416410259627,0.6190429842920202,0.006490912969453033,0,0,0,
2022-07-05,AGG,102.52999877929688,102.21490672837965,0.30826428453781013,0.7107562353583575,0.0018565804983901035,0,0,0,
2022-07-06,AGG,101.83999633789062,101.340371544924,0.4930165395586155,1.02037017039826,-0.006729761529516098,0,0,0,
2022-07-07,AGG,101.61000061035156,100.78669926311622,0.8168749976482639,1.5685164119328312,-0.0022584027475410773,1,0,0,
2022-07-08,AGG,101.2300033569336,100.5305033457527,0.6958087226273107,1.325850001599699,-0.003739762337716779,0,0,0,
2022-07-11,AGG,101.6999969482422,101.7969067483428,-0.09519915997072495,-0.2131932311460289,0.004642828961008982,0,0,0,
2022-07-12,AGG,101.83999633789062,102.01983333699532,-0.17627650744208764,-0.4022238827023309,0.0013765918765924479,0,0,0,
2022-07-13,AGG,102.20999908447266,102.935099403768,-0.7044247525823127,-1.4434523472421847,0.0036331771395043955,0,0,0,
2022-07-14,AGG,101.8499984741211,102.3037197478514,-0.4435041803451516,-0.9208477503322732,-0.003522166261385351,0,0,0,
2022-07-15,AGG,102.25,102.8236860530696,-0.5579318103549618,-1.165095620105858,0.003927359173996781,0,0,0,
2022-07-18,AGG,101.91999816894533,102.645959114339,-0.7072474665904974,-1.4625538188168896,-0.0032274017707059066,0,0,0,
2022-07-19,AGG,101.77999877929688,102.4211590183876,-0.6260036941933222,-1.2814769084932174,-0.0013736204097687388,0,0,0,
2022-07-20,AGG,101.70999908447266,101.97043824721668,-0.25540653469843216,-0.5447342754953738,-0.0006877549190780208,0,0,0,
2022-07-21,AGG,102.55999755859376,103.16666289646412,-0.5880439677293721,-1.1711501728415814,0.008357078770742765,0,0,0,
2022-07-22,AGG,103.36000061035156,104.35074072365032,-0.9494327557506375,-1.7972716399126334,0.007800341953993817,-1,0,0,
2022-07-25,AGG,102.9800033569336,103.65776101062818,-0.6538416873822819,-1.1904681935283907,-0.0036764439935569326,0,0,0,
2022-07-26,AGG,102.95999908447266,103.05714746862516,-0.09426651769308891,-0.1098807259654951,-0.00019425395036742898,0,0,0,
2022-07-27,AGG,103.31999969482422,103.50835918616094,-0.1819751494639766,-0.26994766009227683,0.0034965094556402843,0,0,0,
2022-07-28,AGG,104.05999755859376,104.18369016450316,-0.11872549888959612,-0.14373166722561914,0.007162193824576724,0,0,0,
2022-07-29,AGG,104.06999969482422,104.4993777270431,-0.4108905158654936,-0.6825508331084678,9.611893585548259e-05,0,0,0,
2022-08-01,AGG,104.2300033569336,104.77214005424386,-0.5174435656555147,-0.8590999033184675,0.0015374619254211463,0,0,0,
2022-08-02,AGG,103.16000366210938,103.58476142721372,-0.4100581584124338,-0.6314587399683611,-0.010265755160345003,0,0,0,
2022-08-03,AGG,103.62000274658205,103.54657431784176,0.07091343120139665,0.29423529945784854,0.004459083638455041,0,0,0,
2022-08-04,AGG,103.87000274658205,104.04522323622304,-0.16840800970091016,-0.15597599010992075,0.002412661584379805,0,0,0,
2022-08-05,AGG,102.70999908447266,102.92214308467722,-0.20612085392549867,-0.2207210942180692,-0.011167840872590706,0,0,0,
2022-08-08,AGG,103.18000030517578,103.44598926719584,-0.25712834678686664,-0.3098655390958558,0.004576002579034011,0,0,0,
2022-08-09,AGG,102.9499969482422,103.12121524481338,-0.1660359569703528,-0.13603151780539982,-0.00222914669755081,0,0,0,
2022-08-10,AGG,103.20999908447266,103.60716886745035,-0.3833419900565153,-0.5583043985738542,0.00252551863951167,0,0,0,
2022-08-11,AGG,102.66000366210938,103.3959967212644,-0.711819685958554,-1.2013289821382125,-0.005328896688712614,0,0,0,
2022-08-12,AGG,103.12000274658205,104.19636643405128,-1.0330146091519414,-1.802702914893334,0.0044808013643433675,-1,0,0,
2022-08-15,AGG,103.25,104.1539721195241,-0.867919005995015,-1.4598616951294192,0.0012606405154722555,0,0,0,
2022-08-16,AGG,103.0999984741211,103.98443804724526,-0.850549937791965,-1.4216206085401668,-0.0014527992821201652,0,0,0,
2022-08-17,AGG,102.48999786376952,103.04981696332167,-0.5432509402238076,-0.852132890808349,-0.005916591846552688,0,0,0,
2022-08-18,AGG,102.70999908447266,102.99595539239024,-0.2776383857289941,-0.3523419864102378,0.002146562838215349,0,0,0,
2022-08-19,AGG,101.98999786376952,102.1987840517674,-0.20429419971584947,-0.22680578705273294,-0.007010040182270694,0,0,0,
2022-08-22,AGG,101.5500030517578,102.04212044886609,-0.4822688855773934,-0.7558696412063309,-0.004314097668669747,0,0,0,
2022-08-23,AGG,101.51000213623048,101.76772989535104,-0.25325096608284403,-0.3050819578923189,-0.00039390363688052155,0,0,0,
2022-08-24,AGG,101.23999786376952,101.76958497927204,-0.5203785744143364,-0.7938537265058104,-0.0026598785024022353,0,0,0,
2022-08-25,AGG,101.8000030517578,102.61726738832972,-0.7964198982995607,-1.28550908878643,0.005531461870849075,0,0,0,
2022-08-26,AGG,101.61000061035156,101.72462084375962,-0.11267698267866558,0.055882180392148845,-0.0018664286415555065,0,0,0,
2022-08-29,AGG,101.12000274658205,100.84893902092143,0.2687819309674418,0.8130883914065397,-0.004822338951148475,0,0,0,
2022-08-30,AGG,101.25,100.62912069974028,0.6169976403871317,1.5353465278293814,0.001285574069294082,1,0,0,
2022-08-31,AGG,100.70999908447266,99.6775294863322,1.0358097792562404,2.3574619866912103,-0.005333342375578698,1,1,0,
2022-09-01,AGG,100.06999969482422,99.66751070525406,0.4038316866972193,1.1169853494529431,-0.006354874346802708,0,0,0,
2022-09-02,AGG,100.36000061035156,100.00541081038716,0.3545706148207447,1.0124718800875612,0.0028979805777129553,0,0,0,
2022-09-06,AGG,99.41999816894533,98.89658257292874,0.5292554933641022,1.3547752106292288,-0.009366305656531404,0,0,0,
2022-09-07,AGG,100.11000061035156,99.23131435209795,0.8854929152059867,2.0005009850020024,0.006940278154438317,1,1,0,
2022-09-08,AGG,99.79000091552734,98.88362630030994,0.9166073789251405,1.9600445384047562,-0.0031964807998525746,1,0,0,
2022-09-09,AGG,99.77999877929688,98.5945744494618,1.2023220714266627,2.353839850726652,-0.00010023184826835063,1,1,0,
2022-09-12,AGG,99.62999725341795,98.62952707098168,1.0143718743741474,1.9186890930668292,-0.0015033225868313904,1,0,0,
2022-09-13,AGG,99.06999969482422,98.14987058340026,0.9374735860116143,1.708800492032349,-0.005620772598932566,1,0,0,
2022-09-14,AGG,99.1999969482422,98.51767938322912,0.69258387863451,1.2382230897937203,0.0013121757728720151,0,0,0,
2022-09-15,AGG,98.9000015258789,97.83834484764712,1.0851130810573153,1.8322545114232756,-0.0030241474958897507,1,0,0,Gilt/LDI stress (Sep 2022)
2022-09-16,AGG,98.83000183105467,97.89682112639883,0.953228811639317,1.5479384944248236,-0.0007077825454422371,1,0,0,Gilt/LDI stress (Sep 2022)
2022-09-19,AGG,98.68000030517578,97.78940714259043,0.9107255975964139,1.4255349115077223,-0.0015177731771706116,0,0,0,Gilt/LDI stress (Sep 2022)
2022-09-20,AGG,98.23999786376952,97.32686889309728,0.9382085143160243,1.4202834557463546,-0.0044588816380778384,0,0,0,Gilt/LDI stress (Sep 2022)
2022-09-21,AGG,98.5500030517578,97.70264465214116,0.8672829713397818,1.2706558462551594,0.0031555903372286753,0,0,0,Gilt/LDI stress (Sep 2022)
2022-09-22,AGG,97.5,96.33020089721316,1.214363815180917,1.751530541307033,-0.010654520743204277,1,0,0,Gilt/LDI stress (Sep 2022)
2022-09-23,AGG,97.1999969482422,96.68144843540064,0.5363474805490105,0.6996414793587574,-0.0030769543770030605,0,0,0,Gilt/LDI stress (Sep 2022)
2022-09-26,AGG,95.9499969482422,94.920602787653,1.084479165068162,1.5168711593714197,-0.012860082708290754,1,0,0,Gilt/LDI stress (Sep 2022)
2022-09-27,AGG,95.54000091552734,94.23126689893402,1.388853253980951,1.9066571015783624,-0.004273017673320223,1,0,0,Gilt/LDI stress (Sep 2022)
2022-09-28,AGG,97.08000183105467,95.75705933859936,1.381561319440015,1.8442255119892035,0.01611891250544306,1,0,0,Gilt/LDI stress (Sep 2022)
2022-09-29,AGG,96.56999969482422,95.7274196498637,0.8801867302413108,1.1026035745514446,-0.005253421164103322,0,0,0,Gilt/LDI stress (Sep 2022)
2022-09-30,AGG,96.33999633789062,95.89831199649134,0.4605757204729952,0.490202281396057,-0.002381726806051976,0,0,0,Gilt/LDI stress (Sep 2022)
2022-10-03,AGG,96.91000366210938,96.81720498878192,0.09584936204076878,-0.031353584834347435,0.005916621817376733,0,0,0,Rates vol spike (Oct 2022)
2022-10-04,AGG,97.16999816894533,97.60435038957208,-0.44501317706956944,-0.788790760081813,0.002682844876804147,0,0,0,Rates vol spike (Oct 2022)
2022-10-05,AGG,96.66000366210938,97.15348738858845,-0.5079423701027476,-0.8514917304995805,-0.005248477065413204,0,0,0,Rates vol spike (Oct 2022)
2022-10-06,AGG,96.27999877929688,96.8823092565214,-0.6216929404828131,-0.9840828824699143,-0.003931355973675221,0,0,0,Rates vol spike (Oct 2022)
2022-10-07,AGG,95.7699966430664,96.36491116668952,-0.6173559612316248,-0.958967829592779,-0.005297072524892199,0,0,0,Rates vol spike (Oct 2022)
2022-10-10,AGG,95.33999633789062,95.6734395782426,-0.3485222668087266,-0.5691413518980141,-0.004489927119642578,0,0,0,Rates vol spike (Oct 2022)
2022-10-11,AGG,95.4000015258789,94.98016473092908,0.4420257599459775,0.5385650794516149,0.0006293810603434924,0,0,0,Rates vol spike (Oct 2022)
2022-10-12,AGG,95.4800033569336,94.36125748590516,1.1855987307031657,1.547485014398942,0.0008385936035124608,1,0,0,Rates vol spike (Oct 2022)
2022-10-13,AGG,95.18000030517578,94.23723251014262,1.0004196535925374,1.2427653244923729,-0.0031420511228545944,0,0,0,Rates vol spike (Oct 2022)
2022-10-14,AGG,94.66000366210938,94.01050709125232,0.6908765742818644,0.7801255706006819,-0.0054632973460720935,0,0,0,Rates vol spike (Oct 2022)
2022-10-17,AGG,94.86000061035156,94.05013572201172,0.8610991171066461,0.9896890479540918,0.002112792525933882,0,0,0,Rates vol spike (Oct 2022)
2022-10-18,AGG,95.0199966430664,94.71506379051807,0.3219475765995948,0.21143934760015437,0.0016866543504678866,0,0,0,Rates vol spike (Oct 2022)
2022-10-19,AGG,94.1999969482422,94.58508467530228,-0.40713367058034106,-0.8341587392244428,-0.00862975924851328,0,0,0,Rates vol spike (Oct 2022)
2022-10-20,AGG,93.62999725341795,93.75083889609994,-0.12889659879833673,-0.46414991627410135,-0.006050952370385221,0,0,0,Rates vol spike (Oct 2022)
2022-10-21,AGG,93.7699966430664,93.95012166847616,-0.19172410020432135,-0.5720899640135243,0.0014952407749146968,0,0,0,Rates vol spike (Oct 2022)
2022-10-24,AGG,93.63999938964844,93.54692227061246,0.09949778867842239,-0.14788163214763278,-0.0013863416665439443,0,0,0,Rates vol spike (Oct 2022)
2022-10-25,AGG,94.55999755859376,94.37087566666352,0.20040281558714942,-0.008035640117819239,0.009824841680285523,0,0,0,Rates vol spike (Oct 2022)
2022-10-26,AGG,94.9800033569336,94.96114445556988,0.01985959780901524,-0.2786035846287474,0.004441685799321027,0,0,0,Rates vol spike (Oct 2022)
2022-10-27,AGG,95.45999908447266,95.61509201603944,-0.16220549318800795,-0.5564366834221304,0.005053650353488148,0,0,0,Rates vol spike (Oct 2022)
2022-10-28,AGG,95.22000122070312,95.61032135517183,-0.40824058421344855,-0.9273229870933272,-0.0025141196948593736,0,0,0,Rates vol spike (Oct 2022)
2022-10-31,AGG,94.9000015258789,95.41092338800672,-0.5354961926634488,-1.1106700048742704,-0.0033606352732816758,0,0,0,Rates vol spike (Oct 2022)
2022-11-01,AGG,94.86000061035156,95.35632711839337,-0.520496670793088,-1.0647747702595614,-0.0004215059524149689,0,0,0,
2022-11-02,AGG,94.6999969482422,95.4233573399568,-0.7580538055662173,-1.3821976210885265,-0.0016867347784088604,0,0,0,
2022-11-03,AGG,94.3499984741211,94.79326361834632,-0.46761249407962424,-0.9495939995697457,-0.0036958657381203075,0,0,0,
2022-11-04,AGG,94.33999633789062,95.03030057884938,-0.7264043539312889,-1.2993254619859325,-0.00010601098454932067,0,0,0,
2022-11-07,AGG,94.04000091552734,94.14873476713538,-0.11549156967109064,-0.426294977054548,-0.0031799388807353113,0,0,0,
2022-11-08,AGG,94.44000244140624,93.94071197292156,0.5314952995338104,0.48113317746905276,0.004253525329483976,0,0,0,
2022-11-09,AGG,94.5500030517578,93.92102084049031,0.6696926903464016,0.65515725027127,0.0011647671273602445,0,0,0,
2022-11-10,AGG,96.58000183105467,96.1752744309506,0.42082271404866606,0.2673484887626927,0.02147010802512228,0,0,0,
2022-11-11,AGG,96.51000213623048,96.52832867338368,-0.018985656754930937,-0.41815298799006717,-0.0007247845671678466,0,0,0,
2022-11-14,AGG,96.23999786376952,96.1885140334062,0.05352388575775664,-0.33709398107600175,-0.002797681758206161,0,0,0,
2022-11-15,AGG,96.9499969482422,96.5962769388666,0.3661838950578475,0.13000544254275273,0.007377380509481224,0,0,0,
2022-11-16,AGG,97.5500030517578,97.04211658397452,0.5233670551113596,0.36041079857346325,0.006188820241386006,0,0,0,
2022-11-17,AGG,97.13999938964844,97.36780390955148,-0.23396288172901772,-0.84242207284044,-0.004203010243800986,0,0,0,
2022-11-18,AGG,97.0,97.70121858331764,-0.7177173360633728,-1.59155432557168,-0.0014412125852181212,-1,0,0,
2022-11-21,AGG,96.94000244140624,97.6324765621766,-0.7092661634260324,-1.5452602604931949,-0.0006185315318945062,-1,0,0,
2022-11-22,AGG,97.44000244140624,97.7685060362396,-0.3360014468376951,-0.9748455719921519,0.0051578294554119886,0,0,0,
2022-11-23,AGG,98.0199966430664,98.5111999886642,-0.49862690298597473,-1.2500375618007855,0.0059523212964709415,0,0,0,
2022-11-25,AGG,98.04000091552734,99.14226120721736,-1.1117966024460346,-2.1183060102507807,0.00020408358647250324,-1,-1,0,
2022-11-28,AGG,97.87999725341795,98.90042782064208,-1.0317756856165436,-1.9054189573365523,-0.0016320242820810904,-1,0,0,
2022-11-29,AGG,97.52999877929688,98.14614016800118,-0.6277795414568823,-1.264694646979096,-0.0035757916218051022,0,0,0,
2022-11-30,AGG,98.29000091552734,99.18899523464228,-0.9063448187858598,-1.610343166310731,0.007792496111378888,-1,0,0,
2022-12-01,AGG,98.87999725341795,99.59307291628087,-0.7159892169030068,-1.291824775145397,0.006002607919371794,0,0,0,
2022-12-02,AGG,99.29000091552734,100.14547381349186,-0.8542302166922956,-1.4376438973154488,0.004146477280522198,0,0,0,
2022-12-05,AGG,98.51000213623048,99.26596503154356,-0.7615529603453254,-1.264417863332397,-0.007855763642911628,0,0,0,
2022-12-06,AGG,98.8000030517578,100.06237082458746,-1.2615809144105068,-1.8723385738422154,0.002943872797061431,-1,0,0,
2022-12-07,AGG,99.68000030517578,100.83661857513492,-1.14702207025846,-1.6503265176679172,0.008906854516562923,-1,0,0,
2022-12-08,AGG,99.37999725341795,100.16850801330266,-0.7871842912744443,-1.1338768444895952,-0.0030096614249534026,0,0,0,
2022-12-09,AGG,98.79000091552734,99.14325106238672,-0.3563027670306021,-0.5270145387897305,-0.0059367715254220466,0,0,0,
2022-12-12,AGG,98.80999755859376,99.93066085764237,-1.1214408965483158,-1.5211826261766659,0.00020241565827627817,-1,0,0,
2022-12-13,AGG,99.47000122070312,100.10552738390432,-0.6348562160448457,-0.8312464384580889,0.006679523109166974,0,0,0,
2022-12-14,AGG,99.69000244140624,100.74995500563688,-1.0520625683369669,-1.3593210701941418,0.00221173437220501,0,0,0,
2022-12-15,AGG,99.61000061035156,100.29033078793056,-0.6783606876495307,-0.8206130727681024,-0.0008025060597395273,0,0,0,
2022-12-16,AGG,99.3499984741211,99.7989309238955,-0.44983693273903885,-0.48111962517571366,-0.002610201130783363,0,0,0,
2022-12-19,AGG,98.73999786376952,98.93448249519226,-0.19657921739489578,-0.10225315581241791,-0.006139915648921468,0,0,0,
2022-12-20,AGG,98.06999969482422,98.1665312221894,-0.09833445896819766,0.06100735062372643,-0.006785478868145067,0,0,0,
2022-12-21,AGG,98.33999633789062,98.49141852150282,-0.15374149939686252,0.012467069535356387,0.0027531012940409383,0,0,0,
2022-12-22,AGG,98.30999755859376,98.5533787500082,-0.24695367576570534,-0.10977234055082495,-0.00030505166172456466,0,0,0,
2022-12-23,AGG,97.97000122070312,98.52569830217624,-0.56401232475288,-0.5660522485369294,-0.0034584106025228323,0,0,0,
2022-12-27,AGG,97.26000213623048,97.25227982865395,0.007940490022583157,0.37816562346840327,-0.007247107028948374,0,0,0,
2022-12-28,AGG,97.08999633789062,97.18023926406788,-0.09286139534194479,0.2666287328168854,-0.0017479518260932192,0,0,0,
2022-12-29,AGG,97.4499969482422,97.04923731043831,0.41294465460037416,1.1848999393399573,0.0037079063130120993,0,0,0,
2022-12-30,AGG,96.98999786376952,96.3240522216172,0.6913596622992471,1.657410234114154,-0.004720360173197324,1,0,0,
2023-01-03,AGG,97.55999755859376,97.3022488234859,0.26489494150895143,0.8983542904741194,0.005876891508182824,0,0,0,
2023-01-04,AGG,98.0999984741211,97.9298227153274,0.17377317151729582,0.7188665375669538,0.005535064873315676,0,0,0,
2023-01-05,AGG,98.0199966430664,97.94237069891128,0.07925675435584821,0.5369611625442865,-0.0008155130713461967,0,0,0,
2023-01-06,AGG,99.08999633789062,99.2870782949982,-0.19849708591686824,0.039807395220294986,0.010916136823800882,0,0,0,
2023-01-09,AGG,99.33999633789062,99.47958396717392,-0.14031786595464543,0.12911747631867918,0.0025229590194706386,0,0,0,
2023-01-10,AGG,98.95999908447266,98.8977939408479,0.06289841375223945,0.47496732749524484,-0.003825219120458412,0,0,0,
2023-01-11,AGG,99.56999969482422,99.57088878179532,-0.0008929185849168859,0.3787360149438202,0.00616411293446828,0,0,0,
2023-01-12,AGG,100.29000091552734,100.57910565965832,-0.2874401618853716,-0.09359022407530748,0.0072311059848335635,0,0,0,
2023-01-13,AGG,99.91999816894533,100.12074994892828,-0.20050966466527187,0.10994999968702143,-0.0036893283797421184,0,0,0,
2023-01-17,AGG,99.73999786376952,99.9841116516329,-0.24415257967579004,0.05502328882784512,-0.001801444240135619,0,0,0,
2023-01-18,AGG,100.7300033569336,100.75133735945664,-0.021174907531930166,0.5567565446513651,0.009925862385883333,0,0,0,
2023-01-19,AGG,100.5,100.51900965689242,-0.018911504358537404,0.5791755475862791,-0.0022833649287052893,0,0,0,
2023-01-20,AGG,100.08999633789062,99.59677854939908,0.49521459998519685,1.6093651642881217,-0.004079638428948984,1,0,0,
2023-01-23,AGG,99.83999633789062,99.38149919002606,0.46135060509388814,1.4923779490414055,-0.0024977521145672643,0,0,0,
2023-01-24,AGG,100.27999877929688,99.97824703390626,0.3018173996272239,1.1374695326104287,0.00440707589688949,0,0,0,
2023-01-25,AGG,100.4000015258789,99.82992160050937,0.5710511600428143,1.638114528230106,0.0011966767854290072,1,0,0,
2023-01-26,AGG,100.2300033569336,100.11488293787728,0.11498831709941121,0.7345369100379625,-0.001693208828303594,0,0,0,
2023-01-27,AGG,100.08000183105467,100.4293738681743,-0.3478783384413159,-0.17774242449406494,-0.0014965730904422658,0,0,0,
2023-01-30,AGG,99.80999755859376,99.69920805310856,0.11112375679672862,0.7284440784428038,-0.002697884367715231,0,0,0,
2023-01-31,AGG,100.22000122070312,100.12797160475432,0.0919119946942313,0.6723858866132363,0.0041078416204616275,0,0,0,
2023-02-01,AGG,100.68000030517578,100.61201837112628,0.06756840301000086,0.6048561767062456,0.004589893024044667,0,0,0,
2023-02-02,AGG,100.79000091552734,100.66153125728448,0.1276253764851872,0.7026215253487172,0.0010925765794411735,0,0,0,
2023-02-03,AGG,99.81999969482422,99.99339553943668,-0.1734072972290169,0.08834119497594603,-0.009623982655939112,0,0,0,
2023-02-06,AGG,99.2699966430664,99.82814620898812,-0.5591104183716238,-0.6790783923733399,-0.005509948441588031,0,0,0,
2023-02-07,AGG,99.0999984741211,99.8557455661453,-0.7568388656450368,-1.071839669959493,-0.0017124828719049523,0,0,0,
2023-02-08,AGG,99.23999786376952,99.9604887033089,-0.7207756273359739,-0.9734359939165113,0.0014127082926744805,0,0,0,
2023-02-09,AGG,98.8499984741211,99.5557781416514,-0.7089288845958297,-0.9219258465926222,-0.0039298609234533766,0,0,0,
2023-02-10,AGG,98.41999816894533,98.79564066648628,-0.3802217334761189,-0.23647343070047916,-0.004350028445254228,0,0,0,
2023-02-13,AGG,98.72000122070312,98.95659219844164,-0.2390856157051873,0.0772292665629552,0.0030481920071043778,0,0,0,
2023-02-14,AGG,98.37000274658205,98.4801536649467,-0.11185087986297503,0.3473911340688074,-0.003545365374728937,0,0,0,
2023-02-15,AGG,98.18000030517578,97.98663556597036,0.19733786968860328,0.9872938043803641,-0.0019315079404413904,0,0,0,
2023-02-16,AGG,97.7699966430664,97.57727882103332,0.19750276330881586,0.9998874496399789,-0.004176040546291948,0,0,0,
2023-02-17,AGG,98.0,97.81106497796496,0.1931632398416304,1.0172136771148754,0.002352494270540628,0,0,0,
2023-02-21,AGG,97.08000183105467,96.4982466475496,0.602866066188612,1.813225257972435,-0.009387736417809434,1,0,0,
2023-02-22,AGG,97.33999633789062,96.98327236583675,0.3678201027371501,1.2807086598401896,0.0026781469090659815,0,0,0,
2023-02-23,AGG,97.69000244140624,97.6371986742913,0.05408160806731687,0.6105991084299702,0.0035957069722980517,0,0,0,
2023-02-24,AGG,97.12999725341795,97.2714490424584,-0.14541963796458152,0.1907057314811202,-0.005732471839420494,0,0,0,
2023-02-27,AGG,97.31999969482422,97.25463200364662,0.06721293354454097,0.6125321470997536,0.0019561664447547145,0,0,0,
2023-02-28,AGG,97.30999755859376,97.7412125149024,-0.4411802812891134,-0.47526300420932,-0.00010277575279304951,0,0,0,
2023-03-01,AGG,96.5199966430664,96.82063191384717,-0.31050744540509745,-0.22719226490082142,-0.008118394156280462,0,0,0,
2023-03-02,AGG,96.31999969482422,96.24623213187184,0.07664462422935253,0.5950975745402647,-0.0020720778615624935,0,0,0,
2023-03-03,AGG,97.08000183105467,97.197118946629,-0.12049443115555718,0.13890228146170255,0.007890387651976916,0,0,0,
2023-03-06,AGG,96.83999633789062,96.61460039244112,0.23329387539146768,0.9001928043145815,-0.00247224442353966,0,0,0,
2023-03-07,AGG,96.70999908447266,96.34449779145564,0.3793691403199502,1.1938044966731345,-0.0013423921761044344,0,0,0,
2023-03-08,AGG,96.61000061035156,96.7608090177322,-0.15585691036646915,-0.040141360279650484,-0.0010340034646649787,0,0,0,
2023-03-09,AGG,96.95999908447266,96.78997275937787,0.17566522672495294,0.7070004290719226,0.003622797556256163,0,0,0,
2023-03-10,AGG,98.08999633789062,97.36626768971573,0.7433053205667262,2.049693795816299,0.011654262212126287,1,1,0,
2023-03-13,AGG,98.87000274658205,98.10058765366414,0.7843124198544718,2.0665811889311936,0.007951946557368972,1,1,0,
2023-03-14,AGG,98.29000091552734,97.46526417432638,0.8461853032336125,2.1002873576688867,-0.005866307423307404,1,1,0,
2023-03-15,AGG,99.2699966430664,98.85106582559374,0.4238000005096599,1.0927948632245377,0.009970451911800238,0,0,0,
2023-03-16,AGG,98.87999725341795,98.0756419021961,0.8201377382000565,1.990083775364605,-0.0039286733437770005,1,0,0,
2023-03-17,AGG,99.5,98.90626385416034,0.600301864313806,1.4461449910472428,0.006270254488307092,0,0,0,
2023-03-20,AGG,99.0999984741211,99.09817414559711,0.0018409305112929428,-0.1079506952951603,-0.00402011583797901,0,0,0,
2023-03-21,AGG,98.8000030517578,98.7196866665272,0.08135802284493637,0.07915746980902146,-0.0030271990613767175,0,0,0,
2023-03-22,AGG,99.75,99.45684737641923,0.294753585413036,0.6248716515942907,0.009615353430146412,0,0,0,
2023-03-23,AGG,99.98999786376952,100.15756616897237,-0.16730468961291475,-0.5977021558134925,0.002405993621749536,0,0,0,
2023-03-24,AGG,100.16000366210938,100.41673048880716,-0.255661407663937,-0.8250830083705708,0.001700228042523566,0,0,0,
2023-03-27,AGG,99.08000183105467,99.5693098166364,-0.49142450267338955,-1.42127551211432,-0.010782765490884971,0,0,0,
2023-03-28,AGG,98.93000030517578,99.09765724344908,-0.16918355381643446,-0.6072325609786896,-0.001513943511372462,0,0,0,
2023-03-29,AGG,99.0500030517578,99.46845257891974,-0.42068567099697834,-1.2425874605034788,0.0012130066330924283,0,0,0,
2023-03-30,AGG,99.16000366210938,99.51063688651732,-0.35235753219809846,-1.0440205048637834,0.0011105563549966835,0,0,0,
2023-03-31,AGG,99.63999938964844,99.25135221791156,0.3915787171177099,0.8972280916293953,0.004840618291772847,0,0,0,
2023-04-03,AGG,99.81999969482422,98.9223369955349,0.9074418645506032,2.195640459698928,0.0018065064861338964,1,1,0,
2023-04-04,AGG,100.19000244140624,99.69869058272504,0.492796701550994,1.1144012068190046,0.003706699536297542,0,0,0,
2023-04-05,AGG,100.52999877929688,99.72856340521945,0.8036166838391297,1.828882016280604,0.0033935156163857894,1,0,0,
2023-04-06,AGG,100.44000244140624,99.7512453914744,0.6904746374131027,1.4965685909758648,-0.0008952187305624193,0,0,0,
2023-04-10,AGG,99.75,99.42181354050892,0.330095024224599,0.6010234991885696,-0.006869797138931433,0,0,0,
2023-04-11,AGG,99.80999755859376,99.8691978987434,-0.05927787685814069,-0.3492022640362399,0.0006014792841479988,0,0,0,
2023-04-12,AGG,99.93000030517578,99.5665413395866,0.3650412685819257,0.6696871092871486,0.0012023118877602101,0,0,0,
2023-04-13,AGG,99.88999938964844,99.23973641319276,0.6552445622671301,1.329204872640964,-0.0004002893566015242,0,0,0,
2023-04-14,AGG,99.4000015258789,98.81092953889622,0.596160758462255,1.149899741013961,-0.004905374579672994,0,0,0,
2023-04-17,AGG,98.9000015258789,98.42654694516756,0.481023255824574,0.8487518619646338,-0.005030181009301304,0,0,0,
2023-04-18,AGG,99.04000091552734,99.28455981421324,-0.2463211793893504,-0.8812484759577415,0.001415565090884252,0,0,0,
2023-04-19,AGG,98.88999938964844,99.53109959572296,-0.6441204896545475,-1.7592881717363766,-0.001514554972660398,-1,0,0,
2023-04-20,AGG,99.33999633789062,99.7243451968664,-0.3854112636357998,-1.134406448136886,0.004550479836379573,0,0,0,
2023-04-21,AGG,99.16999816894533,99.80948920449262,-0.6407116604284853,-1.6521187020364472,-0.0017112761748759864,-1,0,0,
2023-04-24,AGG,99.55999755859376,99.57161170244522,-0.011664111540312747,-0.21491376130569842,0.00393263483764561,0,0,0,
2023-04-25,AGG,100.18000030517578,100.3160657975201,-0.13563679083961708,-0.4808512743718863,0.006227428302387539,0,0,0,
2023-04-26,AGG,99.80999755859376,99.97334832784922,-0.16339431657302483,-0.5217148055381775,-0.0036933793716797947,0,0,0,
2023-04-27,AGG,99.4499969482422,99.75495416288813,-0.30570633529435015,-0.8278520782622275,-0.0036068592240995345,0,0,0,
2023-04-28,AGG,99.95999908447266,100.73555370052108,-0.7698916495303014,-1.830906748160052,0.005128226766018651,-1,0,0,
2023-05-01,AGG,98.69000244140624,98.99659907688888,-0.3097042103886018,-0.785667831596959,-0.012705048566408972,0,0,0,
2023-05-02,AGG,99.6500015258789,99.72066071317676,-0.07085711906891988,-0.2497017724217803,0.00972741980670877,0,0,0,
2023-05-03,AGG,100.08999633789062,100.46741216426037,-0.3756599460854841,-0.9042310067194866,0.0044154019596021055,0,0,0,
2023-05-04,AGG,99.97000122070312,100.99979984717798,-1.01960462103196,-2.192183271615443,-0.0011988722307713084,-1,-1,0,
2023-05-05,AGG,99.6500015258789,100.64565416509976,-0.9892654059236135,-2.0310257738791053,-0.003200957196326848,-1,-1,0,
2023-05-08,AGG,99.0999984741211,99.10373469928246,-0.003770014493095151,-0.033263764920899046,-0.005519348151891146,0,0,0,
2023-05-09,AGG,99.01000213623048,98.78707424573808,0.22566503987946357,0.4172014305253963,-0.0009081366223644416,0,0,0,
2023-05-10,AGG,99.6500015258789,99.5947362929722,0.05549011420054892,0.032874726137860064,0.006463987231995372,0,0,0,
2023-05-11,AGG,99.9499969482422,100.27747820887218,-0.3265750859309165,-0.8164339066625003,0.003010490895831941,0,0,0,
2023-05-12,AGG,99.38999938964844,99.50411982039049,-0.11468915151256114,-0.3639398546760403,-0.00560277714549362,0,0,0,
2023-05-15,AGG,99.13999938964844,99.3681492489957,-0.22960059241475198,-0.6175520341727414,-0.0025153436113818373,0,0,0,
2023-05-16,AGG,98.91000366210938,99.06990901942552,-0.1614065854090916,-0.465218332891296,-0.0023199085026731625,0,0,0,
2023-05-17,AGG,98.76000213623048,99.09469946760396,-0.3377550294533117,-0.8307957265573868,-0.0015165455497435643,0,0,0,
2023-05-18,AGG,98.3000030517578,98.82899615708853,-0.5352610325919869,-1.2239787779847,-0.0046577468056162585,0,0,0,
2023-05-19,AGG,98.08000183105467,98.83838584356624,-0.7672970435918304,-1.65677755621213,-0.0022380591441821807,-1,0,0,
2023-05-22,AGG,97.98999786376952,98.45365946525624,-0.4709439994460986,-0.9972969087654668,-0.0009176587031491934,0,0,0,
2023-05-23,AGG,98.0999984741211,98.36957404238996,-0.2740436470251419,-0.5578075048028838,0.001122569780076077,0,0,0,
2023-05-24,AGG,97.8499984741211,98.00151616229724,-0.15460749395470402,-0.29562582116676833,-0.002548420019251596,0,0,0,
2023-05-25,AGG,97.48999786376952,97.35526676058068,0.13839118074646767,0.3197852171580551,-0.003679106959278977,0,0,0,
2023-05-26,AGG,97.56999969482422,97.72788223023925,-0.16155321471416717,-0.3120640745657267,0.0008206157842622908,0,0,0,
2023-05-30,AGG,98.22000122070312,97.98836190477438,0.23639472221594449,0.515714401893067,0.006661899435399743,0,0,0,
2023-05-31,AGG,98.56999969482422,98.8862830724292,-0.3198455516558486,-0.6750841571652231,0.0035634134572513076,0,0,0,
2023-06-01,AGG,98.61000061035156,98.7502682045404,-0.1420427475683479,-0.28682309521226157,0.0004058122720014268,0,0,0,
2023-06-02,AGG,98.08999633789062,99.00987719744734,-0.9290798914155499,-1.8871319829802762,-0.0052733421482845655,-1,0,0,
2023-06-05,AGG,98.08000183105467,98.86044896696046,-0.7894432445543687,-1.536241199673266,-0.0001018911938942546,-1,0,0,
2023-06-06,AGG,98.1999969482422,99.21079329351878,-1.0188370758069603,-1.9111415578340885,0.0012234412209148893,-1,0,0,
2023-06-07,AGG,97.68000030517578,98.3738490426243,-0.7053182773684927,-1.2532661163894947,-0.005295281662182627,0,0,0,
2023-06-08,AGG,98.1999969482422,98.90331390987885,-0.7111156682550704,-1.2240107301067225,0.005323470940231667,0,0,0,
2023-06-09,AGG,97.97000122070312,98.452245218858,-0.48982529253939244,-0.7680694947559913,-0.0023421154245075737,0,0,0,
2023-06-12,AGG,98.13999938964844,98.81889793913795,-0.6870128726872134,-1.129164136928736,0.0017352063573250476,0,0,0,
2023-06-13,AGG,97.68000030517578,99.20561725150448,-1.5378332281941023,-2.679897677646747,-0.004687172277699991,-1,-1,-1,
2023-06-14,AGG,97.7699966430664,98.64045413998784,-0.8824548756498044,-1.356043589130997,0.0009213384276152148,0,0,0,
2023-06-15,AGG,98.4499969482422,99.5704733233461,-1.1253098812388485,-1.7771293853401777,0.0069551020612008685,-1,0,0,
2023-06-16,AGG,98.13999938964844,99.5764988993349,-1.4426089745720623,-2.279126349072477,-0.003148781799929723,-1,-1,0,
2023-06-20,AGG,98.31999969482422,99.95535639784649,-1.636087111243096,-2.469627659232535,0.001834117651265954,-1,-1,0,
2023-06-21,AGG,98.4800033569336,99.75983356241278,-1.2829113279128372,-1.7509202910047748,0.0016273765521359618,-1,0,0,
2023-06-22,AGG,97.97000122070312,98.84589167225391,-0.886117203995693,-1.015275907888454,-0.005178738006151429,0,0,0,
2023-06-23,AGG,98.26000213623048,99.45013412041492,-1.1967122967812316,-1.5087097002105712,0.0029600991315092973,-1,0,0,
2023-06-26,AGG,98.37999725341795,99.08513671350484,-0.7116500854469487,-0.6499344521327881,0.0012212000262437073,0,0,0,
2023-06-27,AGG,98.19000244140624,98.83296016958528,-0.650549904683422,-0.5386269344161214,-0.0019312341666599675,0,0,0,
2023-06-28,AGG,98.4800033569336,99.0200166549872,-0.5453577128098882,-0.3460993641353421,0.0029534668328419222,0,0,0,
2023-06-29,AGG,97.72000122070312,97.65631810685186,0.06521146310430151,0.6945544604505033,-0.0077173244346459,0,0,0,
2023-06-30,AGG,97.9499969482422,98.35214519389235,-0.40888609481506905,-0.12123379366628305,0.0023536197775890777,0,0,0,
2023-07-03,AGG,97.58000183105467,98.23672637774102,-0.6685122467956671,-0.5455847966480786,-0.0037773877357345498,0,0,0,
2023-07-05,AGG,97.13999938964844,97.47205355264254,-0.3406660174803462,0.06269963260285051,-0.00450914565638183,0,0,0,
2023-07-06,AGG,96.51000213623048,97.02998086900908,-0.5358949142539465,-0.26750354222784767,-0.0064854566334812125,0,0,0,
2023-07-07,AGG,96.52999877929688,96.692924913464,-0.16849850628981833,0.4599342227743018,0.0002071976232904671,0,0,0,
2023-07-10,AGG,96.8000030517578,97.239057676751,-0.45152085538790493,-0.05297833671045961,0.002797102205276625,0,0,0,
2023-07-11,AGG,97.01000213623048,96.5940310766394,0.43063847212365314,1.7025382059109653,0.00216941196128273,1,0,0,
2023-07-12,AGG,97.8000030517578,97.51312079291807,0.29419862322831125,1.402393757138845,0.008143499619945649,0,0,0,
2023-07-13,AGG,98.41000366210938,98.01462898006707,0.4033833379328592,1.6131297838819278,0.006237224860092816,1,0,0,
2023-07-14,AGG,97.94000244140624,97.36255003662168,0.5930949883372512,1.996052050543763,-0.004775949631268039,1,0,0,
2023-07-17,AGG,98.0500030517578,98.1590533262959,-0.11109548313959987,0.6478556066672574,0.00112314281814907,0,0,0,
2023-07-18,AGG,98.12999725341795,98.50273672917474,-0.3784051977983158,0.1355318527200484,0.0008158510879181513,0,0,0,
2023-07-19,AGG,98.43000030517578,99.0522651119268,-0.6282186541093979,-0.3750436806928331,0.0030572002461497494,0,0,0,
2023-07-20,AGG,97.91999816894533,98.56159334817484,-0.6509586111935485,-0.4224111739935445,-0.005181368837236855,0,0,0,
2023-07-21,AGG,97.98999786376952,98.09559483013264,-0.10764700142343825,0.7035994888719075,0.0007148661778304533,0,0,0,
2023-07-24,AGG,97.80999755859376,97.98848043391924,-0.18214679372014086,0.5324674764138008,-0.0018369252893136734,0,0,0,
2023-07-25,AGG,97.6999969482422,98.65904628490983,-0.9720845404262962,-1.0789047028688314,-0.001124635651745809,0,0,0,
2023-07-26,AGG,98.0199966430664,99.0451969049318,-1.0350832689538982,-1.170982387823226,0.003275329629679913,0,0,0,
2023-07-27,AGG,97.18000030517578,98.13165776115169,-0.969776194235095,-1.0047902109942262,-0.008569642589862703,0,0,0,
2023-07-28,AGG,97.55999755859376,98.50772777436302,-0.962087175475288,-0.9612983223856828,0.003910241327687469,0,0,0,
2023-07-31,AGG,97.68000030517578,98.26540984559604,-0.5957432440775542,-0.22091256269544435,0.0012300404836516066,0,0,0,
2023-08-01,AGG,96.7699966430664,97.4419490048301,-0.6895924892988119,-0.40018001407832515,-0.009316171777910554,0,0,0,
2023-08-02,AGG,96.54000091552734,97.23299852003804,-0.7127185369768055,-0.42858013178659443,-0.002376725591790585,0,0,0,
2023-08-03,AGG,95.88999938964844,96.3704801555694,-0.4985767064201879,0.014719673001290276,-0.00673297617272306,0,0,0,
2023-08-04,AGG,96.68000030517578,97.02882865782344,-0.35951001106878955,0.28104867030891867,0.008238616337008953,0,0,0,
2023-08-07,AGG,96.6999969482422,97.48340939465538,-0.8036366919027063,-0.647829661136538,0.0002068332954416885,0,0,0,
2023-08-08,AGG,96.93000030517578,98.0747420606533,-1.1672136285299348,-1.3567665926998962,0.0023785249657937158,0,0,0,
2023-08-09,AGG,97.0,98.19381904606442,-1.2157782003614486,-1.4136749874990433,0.0007221674879174245,0,0,0,
2023-08-10,AGG,96.37000274658205,97.279661593641,-0.9350966400960552,-0.8050114725507042,-0.0064948170455458865,0,0,0,
2023-08-11,AGG,96.06999969482422,96.97459771173992,-0.9328195612676276,-0.7776779179554469,-0.0031130335499390815,0,0,0,
2023-08-14,AGG,96.0,96.70568466953472,-0.7297240818326283,-0.33689222207318104,-0.000728632195759138,0,0,0,
2023-08-15,AGG,95.73999786376952,96.04296980510024,-0.3154545740781913,0.5340845915018808,-0.0027083555857342345,0,0,0,
2023-08-16,AGG,95.51000213623048,95.85095825005833,-0.35571487239423183,0.45810721614277505,-0.002402295097878482,0,0,0,
2023-08-17,AGG,95.41000366210938,95.65530713170084,-0.2564452270836598,0.6634004294800917,-0.0010469947846768468,0,0,0,
2023-08-18,AGG,95.62000274658205,96.27740665881086,-0.6828226216754385,-0.22815416837112956,0.0022010174658033677,0,0,0,
2023-08-21,AGG,95.13999938964844,95.8032526009743,-0.6923076130706662,-0.25080252165967243,-0.005019905282849013,0,0,0,
2023-08-22,AGG,95.23999786376952,96.0760788140171,-0.8702280115595191,-0.6101249320606038,0.0010510665835883337,0,0,0,
2023-08-23,AGG,96.1500015258789,96.72646660770356,-0.595974506297886,-0.02407886639762259,0.009554847569516411,0,0,0,
2023-08-24,AGG,95.93000030517578,95.7304080985896,0.20849405173392907,1.631752070123249,-0.0022881041831696036,1,0,0,
2023-08-25,AGG,95.87000274658205,95.85734716104504,0.013202520111204721,1.2381550472623608,-0.0006254306098495421,0,0,0,
2023-08-28,AGG,96.08000183105467,96.5410691135671,-0.4775866755422501,0.22685794705375986,0.0021904566439590045,0,0,0,
2023-08-29,AGG,96.6999969482422,96.70133784121424,-0.0013866333206684362,1.2482242997151545,0.006452904926851577,0,0,0,
2023-08-30,AGG,96.66000366210938,96.1704544390193,0.5090432669219611,2.2149598513629343,-0.00041358104855193645,1,1,0,
2023-08-31,AGG,96.8000030517578,96.5930457645262,0.214256922528483,1.5790020993304241,0.0014483693807607612,1,0,0,
2023-09-01,AGG,96.04000091552734,95.46230815372874,0.6051527277847799,2.2294588098456503,-0.007851261490395722,1,1,0,
2023-09-05,AGG,95.5199966430664,95.00663281786674,0.5403452474563644,1.998110214793236,-0.005414455096874771,1,0,0,
2023-09-06,AGG,95.43000030517578,94.7249307716298,0.7443336488108045,2.245656330283471,-0.000942172749721859,1,1,0,
2023-09-07,AGG,95.7300033569336,94.7222612289884,1.0638915444691552,2.6157741047895517,0.0031436974829552877,1,1,1,
2023-09-08,AGG,95.77999877929688,94.6012960850844,1.2459688640548332,2.700079605030333,0.0005222544720580036,1,1,1,
2023-09-11,AGG,95.66999816894533,95.04340947030286,0.6592658051037698,1.689343250478383,-0.0011484716198945089,1,0,0,
2023-09-12,AGG,95.6999969482422,95.16618458380768,0.5609265168810303,1.4792908584849869,0.00031356517059721867,0,0,0,
2023-09-13,AGG,95.83999633789062,95.18781869413657,0.6851482182291371,1.622249673981372,0.0014628985800715366,1,0,0,
2023-09-14,AGG,95.70999908447266,95.59740858133132,0.11777568535819187,0.7218020870842675,-0.0013563987728010263,0,0,0,
2023-09-15,AGG,95.48999786376952,95.61401222692125,-0.12970312641771156,0.3181355255686141,-0.0022986231617134756,0,0,0,
2023-09-18,AGG,95.62999725341795,95.6471077336418,-0.017889176818078133,0.46851352122176104,0.001466115748040675,0,0,0,
2023-09-19,AGG,95.3499984741211,95.04247635623696,0.3235628212500302,0.9949637970571187,-0.0029279387988987438,0,0,0,
2023-09-20,AGG,95.3000030517578,95.27213529940433,0.0292506851724218,0.4850591123236316,-0.0005243358485932381,0,0,0,
2023-09-21,AGG,94.6500015258789,94.03460594903297,0.6544352163069491,1.483816519991462,-0.006820582424597377,0,0,0,
2023-09-22,AGG,95.0500030517578,94.5370571367842,0.5425871404389349,1.2615162907017892,0.004226112196834109,0,0,0,
2023-09-25,AGG,94.3000030517578,93.99811191275153,0.3211672371531102,0.8609064417025268,-0.007890583649866945,0,0,0,
2023-09-26,AGG,94.18000030517578,93.90701784882228,0.2906944151852085,0.7843484715583502,-0.001272563549294392,0,0,0,
2023-09-27,AGG,93.8499984741211,93.45927562909488,0.4180674870377253,0.9686230571741526,-0.0035039480779928134,0,0,0,
2023-09-28,AGG,94.12999725341795,93.93791811908874,0.20447454890975256,0.6058301263832772,0.0029834713249790035,0,0,0,
2023-09-29,AGG,94.04000091552734,93.8025886280068,0.2530977993177226,0.6681049460246274,-0.000956085631749426,0,0,0,
2023-10-02,AGG,93.12999725341795,93.46637417997304,-0.35989084791861453,-0.36509983737502544,-0.009676772152807711,0,0,0,
2023-10-03,AGG,92.4000015258789,92.50575754230364,-0.11432371263634242,0.040906956994914596,-0.007838459670009845,0,0,0,
2023-10-04,AGG,93.0500030517578,93.71587911273382,-0.7105263988133904,-0.9519611516061346,0.007034648432303836,0,0,0,
2023-10-05,AGG,93.11000061035156,93.58687448134144,-0.509552085837584,-0.6048964676642408,0.0006447883570770419,0,0,0,
2023-10-06,AGG,92.75,92.77307395592506,-0.024871393111344592,0.19252782185824108,-0.0038664011168693113,0,0,0,
2023-10-09,AGG,93.70999908447266,93.66306960365698,0.05010457271394528,0.3300716308721547,0.010350394441753785,0,0,0,
2023-10-10,AGG,93.62000274658205,93.17071777781132,0.48221692339234495,1.047072434233035,-0.0009603707050459542,0,0,0,
2023-10-11,AGG,94.0500030517578,93.42974514227004,0.6638762725331906,1.333748584933398,0.004593038801117277,0,0,0,
2023-10-12,AGG,93.23999786376952,92.53709768233928,0.759587450908768,1.479453904704815,-0.008612495073950344,0,0,0,
2023-10-13,AGG,93.63999938964844,93.1766567025614,0.49727335524188,1.0215294593565403,0.004290020753361157,0,0,0,
2023-10-16,AGG,93.12000274658205,92.78747513114794,0.3583755404100612,0.7722742710990629,-0.005553146587524149,0,0,0,
2023-10-17,AGG,92.4499969482422,92.02648495790254,0.4602066356586341,0.9092609812010732,-0.007195079237306334,0,0,0,
2023-10-18,AGG,92.0199966430664,91.90684812974942,0.12311216804785725,0.341856090058674,-0.004651166245213889,0,0,0,
2023-10-19,AGG,91.66999816894533,91.64819933505932,0.023785337894435404,0.17559500846369872,-0.0038035045304193327,0,0,0,
2023-10-20,AGG,92.0,91.80702325248689,0.21019824047926197,0.47009920721553494,0.0035998891419903867,0,0,0,
2023-10-23,AGG,92.36000061035156,91.97002244270423,0.42402747905196825,0.793682257522185,0.00391305011251708,0,0,0,
2023-10-24,AGG,92.69000244140624,92.14707954037355,0.5891916528887978,1.0382190476213145,0.0035729951155683004,0,0,0,
2023-10-25,AGG,92.0,91.79958034441452,0.2183230629525116,0.39151040689007793,-0.007444194877893273,0,0,0,
2023-10-26,AGG,92.62000274658205,92.96962956739712,-0.3760656274978678,-0.6542252780852476,0.006739160288935286,0,0,0,
2023-10-27,AGG,92.58999633789062,92.91498562812,-0.3497705865554292,-0.6187132379286756,-0.00032397330815803205,0,0,0,
2023-10-30,AGG,92.37000274658205,92.20726734268116,0.1764886961632738,0.2837883343597582,-0.0023759974080326263,0,0,0,
2023-10-31,AGG,92.30999755859376,92.3343443750664,-0.026368104563272345,-0.09695434118844552,-0.000649617691935167,0,0,0,
2023-11-01,AGG,93.0500030517578,93.2388216737463,-0.20251073383273935,-0.4249335120393156,0.008016525974819944,0,0,0,
2023-11-02,AGG,93.61000061035156,94.01382804571172,-0.42954046628524284,-0.8326319062247259,0.006018243312493787,0,0,0,
2023-11-03,AGG,94.18000030517578,94.72335620345832,-0.5736239931315947,-1.109421419336945,0.006089089745836329,0,0,0,
2023-11-06,AGG,93.70999908447266,94.2569269856171,-0.580252209185538,-1.1727118009000348,-0.004990456776174934,0,0,0,
2023-11-07,AGG,94.20999908447266,94.5333736346989,-0.3420744841666709,-0.7844337788208638,0.005335609912334727,0,0,0,
2023-11-08,AGG,94.52999877929688,94.61709150411784,-0.09204756079103547,-0.33050285426947906,0.0033966638141806893,0,0,0,
2023-11-09,AGG,93.73999786376952,93.4367409556698,0.3245585248350962,0.4878643570118127,-0.008357145093927376,0,0,0,
2023-11-10,AGG,93.95999908447266,93.38882575131376,0.6116077898654388,1.0598902167976283,0.0023469300801868265,0,0,0,
2023-11-13,AGG,93.9499969482422,93.70464635738216,0.2618339649074541,0.29938932201507046,-0.00010645100391559748,0,0,0,
2023-11-14,AGG,95.12999725341795,95.22639451877713,-0.1012295654438166,-0.4882601981883707,0.012559875928743525,0,0,0,
2023-11-15,AGG,94.54000091552734,95.01006815058332,-0.49475518143083497,-1.3149754473700357,-0.0062020009978441815,0,0,0,
2023-11-16,AGG,95.05999755859376,95.58460960361828,-0.5488457265244223,-1.4453692447468622,0.005500281764657888,0,0,0,
2023-11-17,AGG,95.25,95.88271711971862,-0.6598865141969363,-1.688232070496027,0.0019987633735116805,-1,0,0,
2023-11-20,AGG,95.4000015258789,96.1338918246686,-0.7634043362440546,-1.9292077763478397,0.001574819169332331,-1,0,0,
2023-11-21,AGG,95.5,96.25629254112566,-0.7857071170724061,-1.948305461511599,0.0010482020180468954,-1,0,0,
2023-11-22,AGG,95.58999633789062,96.19346622819472,-0.6273501870413086,-1.5494757160184078,0.0009423700302684246,-1,0,0,
2023-11-24,AGG,95.1500015258789,96.19721275189217,-1.0886086987927435,-2.3661647396313485,-0.00460293784776844,-1,-1,0,
2023-11-27,AGG,95.69000244140624,96.47830597226448,-0.8170785368939464,-1.7827742658873234,0.005675259136810995,-1,0,0,
2023-11-28,AGG,96.11000061035156,96.5408885652906,-0.4463268997649932,-1.0290939943134747,0.004389154125087558,0,0,0,
2023-11-29,AGG,96.58000183105467,97.04890067341988,-0.48315729401521196,-1.0664460505945674,0.0048902426149031175,0,0,0,
2023-11-30,AGG,96.26000213623048,96.37497946054066,-0.119302048056208,-0.3473025444154085,-0.003313312163567339,0,0,0,
2023-12-01,AGG,96.83000183105467,96.80784868625624,0.022883624725752862,-0.05292291260957436,0.005921459403434248,0,0,0,
2023-12-04,AGG,96.45999908447266,96.58515330581076,-0.12957915068151332,-0.33394164570190715,-0.0038211581078722023,0,0,0,
2023-12-05,AGG,97.0999984741211,97.60849361106553,-0.5209537798735031,-1.0757946142076658,0.006634868294866703,0,0,0,
2023-12-06,AGG,97.3499984741211,97.9232364192711,-0.5853952198798039,-1.181471812665217,0.0025746653339715486,0,0,0,
2023-12-07,AGG,97.37999725341795,98.37711541307104,-1.013567185281182,-2.02696577631486,0.000308153875367978,-1,-1,0,
2023-12-08,AGG,96.88999938964844,98.15302841981872,-1.2867957825693137,-2.4488911027754376,-0.005031812257032309,-1,-1,0,
2023-12-11,AGG,96.9000015258789,98.01662706496136,-1.1392205307599452,-2.0507111551810597,0.00010323187422311975,-1,-1,0,
2023-12-12,AGG,97.19000244140624,98.05982193438685,-0.8870294436824683,-1.5052189597931755,0.002992785458830749,-1,0,0,
2023-12-13,AGG,98.41000366210938,99.27741556874616,-0.8737253096965812,-1.4261709060262917,0.012552744007169325,0,0,0,
2023-12-14,AGG,98.91999816894533,99.56897690195652,-0.6517880902303803,-0.9701775953621464,0.005182344150570506,0,0,0,
2023-12-15,AGG,98.69000244140624,99.3306203294018,-0.6449349514491434,-0.9315010968691291,-0.0023250680529358636,0,0,0,
2023-12-18,AGG,98.48999786376952,98.71224176799127,-0.22514320436983667,-0.10956927944355035,-0.0020265941097271645,0,0,0,
2023-12-19,AGG,98.61000061035156,99.2664134092428,-0.6612637410249372,-0.926130654582625,0.0012184257202241255,0,0,0,
2023-12-20,AGG,98.97000122070312,100.46334481385954,-1.4864561755566739,-2.381128143788362,0.0036507515274650792,-1,-1,0,
2023-12-21,AGG,98.95999908447266,100.26584632642144,-1.302384899537495,-1.9514526842372797,-0.00010106230278972284,-1,0,0,
2023-12-22,AGG,98.83000183105467,99.5547839334952,-0.7280233794939466,-0.8654404372663079,-0.001313634343377612,0,0,0,
2023-12-26,AGG,99.02999877929688,99.18458295142784,-0.15585504070392597,0.2058876596163591,0.002023646104793997,0,0,0,
2023-12-27,AGG,99.66000366210938,100.18398231477342,-0.5230163949938873,-0.45520191507365615,0.006361757957975556,0,0,0,
2023-12-28,AGG,99.44000244140624,99.87607351595923,-0.4366121526426633,-0.2749855809795179,-0.0022075176863232127,0,0,0,
2023-12-29,AGG,99.25,99.18178834467209,0.06877437528235358,0.6919997011437405,-0.0019107244241892696,0,0,0,
2024-01-02,AGG,98.77999877929688,99.02814947874172,-0.25058602099610044,0.08032283173012934,-0.0047355286720718315,0,0,0,
2024-01-03,AGG,98.83000183105467,99.10198339364008,-0.27444613444826793,0.03974548675007028,0.000506206239883733,0,0,0,
2024-01-04,AGG,98.43000030517578,98.34496589921784,0.08646543844967423,0.7046083033531516,-0.0040473694067382215,0,0,0,
2024-01-05,AGG,98.1999969482422,97.92799930260657,0.27775268316790425,1.0382315879115875,-0.0023367200672607114,0,0,0,
2024-01-08,AGG,98.56999969482422,98.36791598820189,0.2054366046003962,0.8900219325993323,0.003767848860291023,0,0,0,
2024-01-09,AGG,98.5500030517578,97.9343568556698,0.6286314791399497,1.6384518978416478,-0.000202867435612597,1,0,0,
2024-01-10,AGG,98.36000061035156,97.57558981167536,0.8039006478876003,1.9227582416036622,-0.0019279800661847757,1,0,0,
2024-01-11,AGG,98.91999816894533,98.38358976607516,0.5452214176628173,1.4632119491174487,0.005693346432684265,0,0,0,
2024-01-12,AGG,99.0999984741211,98.35790148230848,0.754486401833305,1.8469584134628452,0.001819655362996997,1,0,0,
2024-01-16,AGG,98.36000061035156,97.82734839584758,0.5444819094438343,1.4581609717680277,-0.007467183402255828,0,0,0,
2024-01-17,AGG,98.08999633789062,97.74388949433592,0.35409563231547475,1.1105078381589017,-0.002745061720063946,0,0,0,
2024-01-18,AGG,98.0,98.15532217270774,-0.1582412132828076,0.1946908129006675,-0.0009174874222710461,0,0,0,
2024-01-19,AGG,98.0199966430664,98.31233637276544,-0.2973581347823827,-0.0509691695107749,0.00020404737822854457,0,0,0,
2024-01-22,AGG,98.1999969482422,98.84970435890044,-0.6572679350656426,-0.6995513665652479,0.0018363631028397442,0,0,0,
2024-01-23,AGG,97.95999908447266,98.84150211949914,-0.8918349237152916,-1.0994424393055806,-0.0024439701754374044,0,0,0,
2024-01-24,AGG,97.73999786376952,98.40178543890768,-0.6725361457481187,-0.6684524619759622,-0.002245827100441522,0,0,0,
2024-01-25,AGG,98.18000030517578,98.56334065469544,-0.3889279188117641,-0.11075284528918503,0.004501764385339335,0,0,0,
2024-01-26,AGG,98.06999969482422,97.96941953702544,0.10266485018905497,0.8388279914960945,-0.001120397331530243,0,0,0,
2024-01-29,AGG,98.45999908447266,98.0914491593446,0.37572074659571975,1.322260211274868,0.003976745088835054,0,0,0,
2024-01-30,AGG,98.6500015258789,98.55464901803616,0.09675089789553953,0.7756212011117704,0.001929742465701656,0,0,0,
2024-01-31,AGG,99.0999984741211,99.11371218167722,-0.01383633732836468,0.5750167538318667,0.00456155034244099,0,0,0,
2024-02-01,AGG,99.37000274658205,99.515764348036,-0.1464708656049548,0.32762454152996645,0.0027245638407498163,0,0,0,
2024-02-02,AGG,98.45999908447266,98.0353358226692,0.43317366971803917,1.3876479014757095,-0.009157730069004,0,0,0,
2024-02-05,AGG,97.6500015258789,97.34426280238172,0.3140798591467735,1.1312841122232946,-0.008226666322623255,0,0,0,
2024-02-06,AGG,98.16000366210938,97.91198866841248,0.2533040101318164,0.9886116245030003,0.005222756049781729,0,0,0,
2024-02-07,AGG,97.95999908447266,98.23272983793456,-0.2776373556062774,0.0027431398990061555,-0.002037536370976367,0,0,0,
2024-02-08,AGG,97.66000366210938,97.57730788041935,0.08474898876218623,0.6564799756355064,-0.003062427778348531,0,0,0,
2024-02-09,AGG,97.62999725341795,97.07540079275545,0.5713048374083021,1.5042799810428489,-0.000307253814931685,1,0,0,
2024-02-12,AGG,97.6500015258789,97.248779649387,0.41257265946003235,1.2116267994065941,0.00020489883256913366,0,0,0,
2024-02-13,AGG,96.75,96.46617734200612,0.29421986629327146,1.0198063895406075,-0.009216605343732587,0,0,0,
2024-02-14,AGG,97.18000030517578,97.28219090785676,-0.10504553991569712,0.30499231703469515,0.004444447598715984,0,0,0,
2024-02-15,AGG,97.41000366210938,97.18249237215817,0.23410728043479287,0.9119123421884439,0.00236677666403895,0,0,0,
2024-02-16,AGG,97.0999984741211,96.86388045850128,0.24376270546064613,0.9033392128541333,-0.003182477942035744,0,0,0,
2024-02-20,AGG,97.19000244140624,96.89841664896748,0.30091904751661325,0.9771214726372357,0.000926920377955831,0,0,0,
2024-02-21,AGG,96.9000015258789,96.89349531760826,0.006714803970404445,0.42868642767396303,-0.00298385541971935,0,0,0,
2024-02-22,AGG,96.9800033569336,98.01990830316728,-1.0609119761848302,-1.4791218969954436,0.0008256122785852416,0,0,0,
2024-02-23,AGG,97.33999633789062,97.97706825517557,-0.6502255360669961,-0.7501213522478772,0.0037120330840996196,0,0,0,
2024-02-26,AGG,97.12999725341795,97.69244584060507,-0.5757339601311762,-0.618363373151003,-0.002157377156084106,0,0,0,
2024-02-27,AGG,97.0,97.36300313985778,-0.37283478133510617,-0.2791830123132052,-0.0013383841974048405,0,0,0,
2024-02-28,AGG,97.19000244140624,97.425581681402,-0.24180429403659254,-0.05624256869779651,0.0019587880557343507,0,0,0,
2024-02-29,AGG,97.3499984741211,97.59788431592956,-0.2539869009926985,-0.0845793671217335,0.0016462190420389877,0,0,0,
2024-03-01,AGG,97.52999877929688,97.74818863593258,-0.22321626587717258,-0.03524475474426693,0.0018490016229804063,0,0,0,
2024-03-04,AGG,97.29000091552734,97.15595077319836,0.13797419639473826,0.6264790131281057,-0.0024607594255448006,0,0,0,
2024-03-05,AGG,97.81999969482422,97.25093708763043,0.5851487134576578,1.4165641945411778,0.0054476181962117565,0,0,0,
2024-03-06,AGG,97.97000122070312,97.7260939071275,0.2495825872334696,0.7893466131082268,0.0015334443503054462,0,0,0,
2024-03-07,AGG,98.18000030517578,98.04267147132612,0.1400704731814949,0.571700606278534,0.0021435039487196494,0,0,0,
2024-03-08,AGG,98.2699966430664,98.31425035509788,-0.04501251026340362,0.22092129312022393,0.0009166463394876256,0,0,0,
2024-03-11,AGG,98.16000366210938,98.18358503322672,-0.024017630960780925,0.23510714346117748,-0.0011192936268894504,0,0,0,
2024-03-12,AGG,97.91000366210938,97.9798352431516,-0.07127138034976838,0.11565493350861895,-0.00254686217067146,0,0,0,
2024-03-13,AGG,97.7300033569336,98.04460857802242,-0.3208796747232334,-0.40375111386847923,-0.0018384260897075233,0,0,0,
2024-03-14,AGG,97.11000061035156,97.53610281889506,-0.4368661410787383,-0.6594726922635632,-0.006344036890264193,0,0,0,
2024-03-15,AGG,97.0999984741211,97.66214423817276,-0.5756025207481984,-0.9615708945762445,-0.00010299800399138359,0,0,0,
2024-03-18,AGG,97.0,97.063712452881,-0.06563982694555916,0.06487978082267595,-0.0010298504190784374,0,0,0,
2024-03-19,AGG,97.23999786376952,97.5638454994562,-0.33193406228385575,-0.5009485681495901,0.00247420478112903,0,0,0,
2024-03-20,AGG,97.44000244140624,97.61825343360474,-0.1826000629275112,-0.19061736146390748,0.002056813883489772,0,0,0,
2024-03-21,AGG,97.51000213623048,97.48669639894672,0.02390658227702063,0.22048004645485708,0.000718387654663033,0,0,0,
2024-03-22,AGG,97.81999969482422,97.6864279061992,0.1367352573822007,0.43656328623150986,0.0031791360045365646,0,0,0,
2024-03-25,AGG,97.63999938964844,97.42928747664692,0.21627163500710597,0.6027037490948202,-0.0018401176215225856,0,0,0,
2024-03-26,AGG,97.73999786376952,97.37192678206836,0.37800533877177284,0.9706491583204861,0.0010241548007596801,0,0,0,
2024-03-27,AGG,98.05999755859376,97.39639239791416,0.681344703167692,1.6539882550111125,0.003273989173503633,1,0,0,
2024-03-28,AGG,97.94000244140624,97.68430272410129,0.26176131699188726,0.6110917393426697,-0.0012236908033352867,0,0,0,
2024-04-01,AGG,96.94000244140624,96.72560234008256,0.2216580679124185,0.49100533782915556,-0.010210332602332395,0,0,0,
2024-04-02,AGG,96.87000274658205,96.57211385485763,0.3084626398176621,0.6936350295035258,-0.0007220929756681649,0,0,0,
2024-04-03,AGG,96.93000030517578,96.56994758274324,0.3728413771003042,0.8264127060256253,0.0006193615865861535,0,0,0,
2024-04-04,AGG,97.16000366210938,96.58753879074398,0.5926901943382548,1.3204881518700702,0.002372881009073069,0,0,0,
2024-04-05,AGG,96.68000030517578,96.3770996665047,0.3142869413161512,0.631447925532747,-0.004940339016483497,0,0,0,
2024-04-08,AGG,96.58999633789062,96.2529109437774,0.3502079997457189,0.714603963085843,-0.000930947114202052,0,0,0,
2024-04-09,AGG,96.91999816894533,97.13092034522246,-0.21715245312973241,-0.6428619044829742,0.0034165218300692413,0,0,0,
2024-04-10,AGG,95.76000213623048,95.99436424989874,-0.24414153424481017,-0.6831437379765684,-0.01196859321739574,0,0,0,
2024-04-11,AGG,95.77999877929688,95.7814559734819,-0.0015213740177697271,-0.059459312238632475,0.00020882041165726228,0,0,0,
2024-04-12,AGG,95.95999908447266,96.15096010753427,-0.19860542510241105,-0.5333873109803461,0.0018793099547906866,0,0,0,
2024-04-15,AGG,95.37999725341795,95.3478209601536,0.033746228220363016,0.09202123720011218,-0.0060442042162185405,0,0,0,
2024-04-16,AGG,95.11000061035156,95.1647571045314,-0.05753862653134854,-0.12529189780339797,-0.0028307470207723506,0,0,0,
2024-04-17,AGG,95.5500030517578,95.76174483625898,-0.22111312284800014,-0.5419055687250368,0.004626247908554371,0,0,0,
2024-04-18,AGG,95.27999877929688,96.00817969643424,-0.7584571642122385,-1.9061571202655523,-0.0028257903070361134,-1,0,0,
2024-04-19,AGG,95.37999725341795,96.18240502788524,-0.8342563010715416,-2.019417008736755,0.0010495222019546446,-1,-1,0,
2024-04-22,AGG,95.44000244140624,96.60504620377948,-1.205986444968611,-2.8016229378799866,0.0006291171075298863,-1,-1,-1,
2024-04-23,AGG,95.63999938964844,96.29801301518944,-0.6833096602286193,-1.5695978785752593,0.0020955253890000414,-1,0,0,
2024-04-24,AGG,95.38999938964844,96.0612880298504,-0.6988128662124189,-1.6039745924633486,-0.002613969067288169,-1,0,0,
2024-04-25,AGG,95.12000274658205,95.40629561280016,-0.30007754140252835,-0.6327245156619452,-0.0028304502022640232,0,0,0,
2024-04-26,AGG,95.33000183105467,96.0405876371377,-0.7398807353905201,-1.64369709472121,0.0022077279058969612,-1,0,0,
2024-04-29,AGG,95.62000274658205,96.2509024714972,-0.6554740877385348,-1.3914737564204012,0.0030420739531853425,0,0,0,
2024-04-30,AGG,95.2300033569336,95.7484842460757,-0.5415029733625903,-1.086269908359727,-0.004078638134764057,0,0,0,
2024-05-01,AGG,95.2699966430664,96.11004413556542,-0.8740475566883565,-1.7917970334344306,0.0004199651866325649,-1,0,0,
2024-05-02,AGG,95.6999969482422,95.87265788127362,-0.18009402977566594,-0.1926593128957579,0.004513491343836273,0,0,0,
2024-05-03,AGG,96.19000244140624,96.21648682264528,-0.027525824433667162,0.17753585791237833,0.005120224752243718,0,0,0,
2024-05-06,AGG,96.26000213623048,96.04578954216386,0.22303173839034818,0.7670066409485307,0.0007277231837776732,0,0,0,
2024-05-07,AGG,96.45999908447266,96.89980794960522,-0.45388001734873823,-0.7892451768933368,0.0020776744629522614,0,0,0,
2024-05-08,AGG,96.26000213623048,96.69106460031792,-0.4458141668718528,-0.7613888940569171,-0.0020733666819447993,0,0,0,
2024-05-09,AGG,96.44000244140624,97.10836173696596,-0.6882613233349425,-1.2824974108704184,0.0018699387199370143,0,0,0,
2024-05-10,AGG,96.23999786376952,96.99590191820788,-0.7793154550753899,-1.4491902749411476,-0.0020738757006796282,0,0,0,
2024-05-13,AGG,96.29000091552734,97.0070749614649,-0.739197678336762,-1.3139295518939507,0.0005195662184926952,0,0,0,
2024-05-14,AGG,96.5500030517578,97.24092127948394,-0.7105220915589112,-1.2076850096509817,0.0027001987097139413,0,0,0,
2024-05-15,AGG,97.19000244140624,97.6352827824155,-0.4560649883112362,-0.6061857846874292,0.006628683266901136,0,0,0,
2024-05-16,AGG,97.08000183105467,97.50070717487807,-0.431489530705474,-0.5283283348416626,-0.0011318099350586808,0,0,0,
2024-05-17,AGG,96.7699966430664,96.97643782656075,-0.2128776722687648,-0.0058241067691528784,-0.0031932960665550514,0,0,0,
2024-05-20,AGG,96.68000030517578,96.91608585327998,-0.2435978981462441,-0.058035448334584766,-0.0009300024905712911,0,0,0,
2024-05-21,AGG,96.86000061035156,97.5226105156155,-0.6794423383055731,-1.0544427469688937,0.0018618153145180116,0,0,0,
2024-05-22,AGG,96.73999786376952,97.4179084780358,-0.695878842871201,-1.130705390415261,-0.0012389298557284878,0,0,0,
2024-05-23,AGG,96.47000122070312,96.78625568043086,-0.3267555475768587,-0.2603880459629532,-0.002790951509494599,0,0,0,
2024-05-24,AGG,96.58000183105467,96.63652596141104,-0.05849147596524375,0.3698025768116684,0.0011402571676131235,0,0,0,
2024-05-28,AGG,96.12999725341795,95.97334695969823,0.1632227057638232,0.8829684318035885,-0.004659397070875038,0,0,0,
2024-05-29,AGG,95.76000213623048,95.75964310627036,0.00037492825628473536,0.47939885193716,-0.003848903856847996,0,0,0,
2024-05-30,AGG,96.20999908447266,96.19707746654434,0.013432443342997898,0.49969853297786715,0.004699216146653695,0,0,0,
2024-05-31,AGG,96.5199966430664,96.23594024079232,0.2951666514228994,1.1455194697752649,0.00322209293777842,0,0,0,
2024-06-03,AGG,96.8000030517578,96.08980390924678,0.7390993774758581,2.109125378040952,0.002901019668772431,1,1,0,
2024-06-04,AGG,97.1500015258789,96.48892977382172,0.6851270437000296,1.9675243200270638,0.0036156866021375134,1,0,0,
2024-06-05,AGG,97.4499969482422,96.69446798609412,0.7813569668295101,2.1045235918351475,0.003087961066921663,1,1,0,
2024-06-06,AGG,97.4800033569336,97.158752924049,0.3306448706023684,1.09037361845259,0.0003079159531151898,0,0,0,
2024-06-07,AGG,96.62000274658205,96.23518848584996,0.39986855825472495,1.2133573954817627,-0.008822328485182385,0,0,0,
2024-06-10,AGG,96.54000091552734,95.83546654799368,0.7351499323904712,1.8643607130932378,-0.0008280048517959049,1,0,0,
2024-06-11,AGG,96.87000274658205,95.83935580294028,1.0753900994085674,2.422037350732185,0.003418291153150621,1,1,0,
2024-06-12,AGG,97.33000183105467,96.42907818487554,0.9342862787217261,2.028054405304382,0.004748622601735697,1,1,0,
2024-06-13,AGG,97.81999969482422,97.0166642271893,0.8280386406130272,1.7428390701568415,0.005034396943915498,1,0,0,
2024-06-14,AGG,97.91999816894533,97.353752608419,0.5816371175787199,1.2313575345206023,0.0010222702354638624,0,0,0,
2024-06-17,AGG,97.56999969482422,97.6219379294212,-0.053203445555982415,0.027069094051144747,-0.0035743308891533765,0,0,0,
2024-06-18,AGG,97.91999816894533,98.3908545811382,-0.47855709171077526,-0.7729451683069112,0.0035871525593504927,0,0,0,
2024-06-20,AGG,97.75,98.02856947923806,-0.2841717274034666,-0.4019332061293472,-0.0017360924440789072,0,0,0,
2024-06-21,AGG,97.76000213623048,97.63715570894136,0.12581934243898588,0.3692451778698319,0.00010232364430162733,0,0,0,
2024-06-24,AGG,97.83999633789062,97.59043154486542,0.25572670299184774,0.6097856744776157,0.0008182712756967803,0,0,0,
2024-06-25,AGG,97.83000183105467,97.41449850014378,0.42653130417776686,0.9210327421234984,-0.00010215154548287586,0,0,0,
2024-06-26,AGG,97.38999938964844,96.60284695277127,0.814833580693538,1.6102359638353405,-0.0044976227452809825,1,0,0,
2024-06-27,AGG,97.5500030517578,97.42972221173486,0.12345394946477203,0.35566922694180597,0.0016429167585185755,0,0,0,
2024-06-28,AGG,97.06999969482422,97.2667809577409,-0.20231086191922185,-0.24114877207529473,-0.004920587820780531,0,0,0,
2024-07-01,AGG,96.25,96.26583263618312,-0.016446786725417124,0.11516194974074334,-0.00844750898735136,0,0,0,
2024-07-02,AGG,96.56999969482422,96.75937390689307,-0.19571665712831243,-0.20797820694116873,0.0033246721540178825,0,0,0,
2024-07-03,AGG,97.08999633789062,97.64414580600564,-0.5675193976461935,-0.8820765267002352,0.005384660295222776,0,0,0,
2024-07-05,AGG,97.58000183105467,98.10024549208046,-0.5303184089052931,-0.7853031687558998,0.005046920503104513,0,0,0,
2024-07-08,AGG,97.61000061035156,97.81549397725809,-0.21008263471459881,-0.15978810493590467,0.00030742753365409214,0,0,0,
2024-07-09,AGG,97.5199966430664,97.78717816359573,-0.27322755963192985,-0.2635150456652797,-0.0009220773150534489,0,0,0,
2024-07-10,AGG,97.62000274658205,98.1423831521571,-0.5322679038322983,-0.7501983704044274,0.00102549330350854,0,0,0,
2024-07-11,AGG,98.12000274658205,98.62728017526123,-0.5143378462609468,-0.7048671755743285,0.005121901105636928,0,0,0,
2024-07-12,AGG,98.38999938964844,99.1831505226395,-0.7996833421922931,-1.212431084632886,0.0027516982828028613,0,0,0,
2024-07-15,AGG,98.0500030517578,98.48623624116196,-0.4429382277701877,-0.5292454059463038,-0.00345559853643429,0,0,0,
2024-07-16,AGG,98.4499969482422,98.70339312301928,-0.2567248873210055,-0.1693322178271193,0.004079488873378834,0,0,0,
2024-07-17,AGG,98.5199966430664,99.17511759667178,-0.6605698782931025,-0.9080654711889745,0.0007110177449878297,0,0,0,
2024-07-18,AGG,98.25,99.02436726329532,-0.7819966788945565,-1.1079551750086645,-0.002740526312080549,0,0,0,
2024-07-19,AGG,98.0500030517578,98.41189244024162,-0.36772932570478345,-0.3528843008265335,-0.0020355923485211314,0,0,0,
2024-07-22,AGG,98.01000213623048,98.1433856673676,-0.13590679619427767,0.06134425032181582,-0.0004079644495901258,0,0,0,
2024-07-23,AGG,98.0,97.6940223497746,0.31319997157032503,0.8904618054502862,-0.00010205219888248518,0,0,0,
2024-07-24,AGG,97.6999969482422,97.24924361864228,0.4635031727007818,1.1456506357906764,-0.0030612556301816696,0,0,0,
2024-07-25,AGG,97.97000122070312,97.08907597143772,0.9073371442164704,1.918352393853863,0.002763605740990549,1,0,0,
2024-07-26,AGG,98.31999969482422,97.73075463161612,0.6029269552140288,1.2949913884746542,0.0035725065811995638,0,0,0,
2024-07-29,AGG,98.4800033569336,98.13615775154216,0.35037606247227787,0.7936173511251968,0.0016273765521359618,0,0,0,
2024-07-30,AGG,98.58000183105467,97.6168426075412,0.9866731987898416,1.9092425885427682,0.0010154190770956806,1,0,0,
2024-07-31,AGG,99.11000061035156,97.69335913904466,1.4500898359842767,2.576563838850245,0.005376331603291984,1,1,1,
2024-08-01,AGG,99.22000122070312,97.8868298447397,1.361951733525339,2.298198246655515,0.0011098840649192976,1,1,0,
2024-08-02,AGG,100.33000183105467,99.3761754987532,0.9598138864917795,1.5465309796830224,0.011187266646797145,1,0,0,
2024-08-05,AGG,100.25,99.71503425534615,0.5364945704014177,0.8134239550997813,-0.000797386919113019,0,0,0,
2024-08-06,AGG,99.6500015258789,99.0386312728278,0.6173048286248293,0.9323636245465776,-0.005985022185746591,0,0,0,
2024-08-07,AGG,99.3499984741211,98.54523809092164,0.8166405589856587,1.2229867872694529,-0.003010567457742641,0,0,0,
2024-08-08,AGG,99.1999969482422,98.70137871639425,0.505178588518679,0.68401656716475,-0.0015098291714414902,0,0,0,
2024-08-09,AGG,99.5500030517578,99.12027125440348,0.4335458245986494,0.5418355066915368,0.0035282874423696597,0,0,0,
2024-08-12,AGG,99.72000122070312,99.35378301966855,0.36860015784408723,0.40923987187139366,0.0017076661349466615,0,0,0,
2024-08-13,AGG,100.12000274658205,99.69799768000578,0.4232833922409794,0.4789336869432024,0.004011246700585502,0,0,0,
2024-08-14,AGG,100.3000030517578,100.22109873461424,0.07873024556684674,-0.14360760287018384,0.0017978455876730415,0,0,0,
2024-08-15,AGG,99.87999725341795,99.7132118743409,0.16726507545182562,-0.004595583543330683,-0.004187495369497696,0,0,0,
2024-08-16,AGG,100.12000274658205,99.87238186907832,0.24793729043963764,0.12134051534561228,0.002402938523868192,0,0,0,
2024-08-19,AGG,100.2300033569336,99.94790098080937,0.2822494253064846,0.1696858643953796,0.001098687648161345,0,0,0,
2024-08-20,AGG,100.52999877929688,100.58609892553191,-0.05577325975885822,-0.44892827675496705,0.00299307006201488,0,0,0,
2024-08-21,AGG,100.72000122070312,101.10434563329662,-0.3801462837092102,-1.0588109504467207,0.0018900073979248866,0,0,0,
2024-08-22,AGG,100.30999755859376,100.30606093515146,0.003924611738910773,-0.38170354431133613,-0.004070727334593016,0,0,0,
2024-08-23,AGG,100.7699966430664,100.90030712604953,-0.1291477565279655,-0.6404664144455696,0.004585775054016361,0,0,0,
2024-08-26,AGG,100.68000030517578,100.42892609014206,0.25000189169439907,0.06547524854776982,-0.0008930866417451444,0,0,0,
2024-08-27,AGG,100.70999908447266,100.6755052949415,0.03426234557264022,-0.3380767369025846,0.00029796165282025555,0,0,0,
2024-08-28,AGG,100.62000274658205,100.41737284354352,0.201787695993837,-0.02782751689258746,-0.0008936186943574453,0,0,0,
2024-08-29,AGG,100.48999786376952,100.48617538021388,0.0038039894952459374,-0.40182030096117904,-0.0012920381560707073,0,0,0,
2024-08-30,AGG,100.25,100.17759176778026,0.07227986912241949,-0.2655741899163414,-0.002388276135649625,0,0,0,
2024-09-03,AGG,100.36000061035156,100.5550290785068,-0.19395197827746408,-0.7433821634701822,0.0010972629461503125,0,0,0,
2024-09-04,AGG,100.8000030517578,101.25643086987893,-0.45076427659954477,-1.1906337343721176,0.004384241119273602,0,0,0,
2024-09-05,AGG,101.05999755859376,101.056974487437,0.002991452269469005,-0.3138466802496189,0.0025793105056004517,0,0,0,
2024-09-06,AGG,101.19000244140624,101.25437252655892,-0.06357264733017283,-0.42850869732705926,0.0012864128829717103,0,0,0,
2024-09-09,AGG,101.33999633789062,101.67509242103009,-0.3295753907474704,-0.9085358990617886,0.0014822995638452685,0,0,0,
2024-09-10,AGG,101.6500015258789,101.21824199951789,0.4265629572612777,0.5380536222574849,0.0030590605801350534,0,0,0,
2024-09-11,AGG,101.62000274658205,101.33860292275394,0.2776827543622336,0.2851478258224501,-0.0002951183359227727,0,0,0,
2024-09-12,AGG,101.52999877929688,100.98703871431007,0.5376532195609991,0.8194357515011345,-0.000885691447082726,0,0,0,
2024-09-13,AGG,101.73999786376952,101.28335938249728,0.4508524243827043,0.6669501293704105,0.002068345188589449,0,0,0,
2024-09-16,AGG,101.9800033569336,101.93739023034723,0.041803234799387835,-0.141197807542961,0.0023590082386815148,0,0,0,
2024-09-17,AGG,101.87999725341795,101.5287736488364,0.3459350408351689,0.4628240355454833,-0.0009806442461628428,0,0,0,
2024-09-18,AGG,101.55999755859376,101.47680409242176,0.08198274168768227,-0.09158735748112115,-0.003140947226649593,0,0,0,
2024-09-19,AGG,101.56999969482422,101.79451194555632,-0.2205543761064272,-0.7157946824688208,9.848499872888716e-05,0,0,0,
2024-09-20,AGG,101.4800033569336,101.37691712000564,0.10168610355937469,-0.05251747651841523,-0.0008860523595650704,0,0,0,
2024-09-23,AGG,101.44000244140624,101.17430840484872,0.2626101831053251,0.2780742104469791,-0.00039417534690711076,0,0,0,
2024-09-24,AGG,101.58000183105467,101.21949509901228,0.3561633375959346,0.47328933561270115,0.0013801201328766943,0,0,0,
2024-09-25,AGG,101.19000244140624,101.31063649737575,-0.11907343605786407,-0.4814794507899171,-0.0038393323746643837,0,0,0,
2024-09-26,AGG,101.20999908447266,101.16354267530208,0.045922086101395226,-0.13419916536923074,0.00019761480960522881,0,0,0,
2024-09-27,AGG,101.5,101.48456718457808,0.015207056452089232,-0.20621787037592054,0.0028653385846324486,0,0,0,
2024-09-30,AGG,101.2699966430664,101.3377628270897,-0.06687160060847848,-0.3763195192187046,-0.0022660429254540704,0,0,0,
2024-10-01,AGG,101.2300033569336,101.29613256505664,-0.06528305321091432,-0.3781821955268761,-0.00039491742330921564,0,0,0,
2024-10-02,AGG,101.0199966430664,101.07314864805952,-0.05258766121770498,-0.3746188067818712,-0.0020745501027665814,0,0,0,
2024-10-03,AGG,100.61000061035156,100.72377009567332,-0.11295197272072818,-0.5247361135491768,-0.0040585631195720895,0,0,0,
2024-10-04,AGG,99.95999908447266,100.72060862900692,-0.7551677406317925,-1.8492107226140606,-0.006460605525650198,-1,0,0,
2024-10-07,AGG,99.62000274658205,100.5751615229709,-0.9496964876071339,-2.1620028068468713,-0.003401323939622003,-1,-1,0,
2024-10-08,AGG,99.79000091552734,101.30729135277332,-1.4977109909714699,-3.0361094877456964,0.0017064662141974551,-1,-1,-1,
2024-10-09,AGG,99.52999877929688,100.22064830099993,-0.6891289703383013,-1.4789381153805168,-0.0026054928734849936,0,0,0,
2024-10-10,AGG,99.47000122070312,100.07355992969222,-0.6031150579764875,-1.334138512826017,-0.0006028087946308158,0,0,0,
2024-10-11,AGG,99.5,100.03013498375438,-0.5299752757911177,-1.1882579849443793,0.00030158619612685733,0,0,0,
2024-10-14,AGG,99.41000366210938,99.65847699405622,-0.24932483361316038,-0.6540763556680865,-0.0009044858079459983,0,0,0,
2024-10-15,AGG,99.80999755859376,100.12177666456954,-0.31139989357190856,-0.7923674637474469,0.004023678520764795,0,0,0,
2024-10-16,AGG,99.94000244140624,99.94728365466922,-0.00728505367703884,-0.23530494560978785,0.0013025236548689367,0,0,0,
2024-10-17,AGG,99.4499969482422,99.35693097049278,0.09366832976861716,-0.050823011810113,-0.004902996609904231,0,0,0,
2024-10-18,AGG,99.5199966430664,99.3251540485918,0.19616641558822748,0.1428353212528639,0.0007038682450701828,0,0,0,
2024-10-21,AGG,98.83000183105467,98.4371766664398,0.39906179546980297,0.5437657777011026,-0.006933227846524503,0,0,0,
2024-10-22,AGG,98.8499984741211,98.76702457127536,0.08400972207668216,-0.07155788686838593,0.00020233373161926416,0,0,0,
2024-10-23,AGG,98.5999984741211,98.99675727784268,-0.4007795958488268,-1.0108251303559328,-0.002529084510461077,0,0,0,
2024-10-24,AGG,98.79000091552734,99.57530730081002,-0.7886557486690201,-1.7221849906060176,0.0019270024781605777,-1,0,0,
2024-10-25,AGG,98.58999633789062,99.21442489247336,-0.6293727502421937,-1.3567538225194309,-0.0020245427248020142,0,0,0,
2024-10-28,AGG,98.43000030517578,99.12843493955435,-0.704575467981974,-1.4661548436318144,-0.0016228424653399465,0,0,0,
2024-10-29,AGG,98.54000091552734,99.24606069386412,-0.7114234795824311,-1.4851928648804045,0.0011175516611856562,0,0,0,
2024-10-30,AGG,98.44000244140624,98.83321456131996,-0.39785422507912355,-0.8247212675795372,-0.0010148008239500017,0,0,0,
2024-10-31,AGG,98.41999816894533,98.7249085951398,-0.3088485272190755,-0.6042878804772888,-0.00020321283995106132,0,0,0,
2024-11-01,AGG,97.72000122070312,97.77904441466367,-0.0603843024995788,-0.007312671518510265,-0.007112344658253389,0,0,0,
2024-11-04,AGG,98.12999725341795,98.37674275112452,-0.25081690123730943,-0.43083175518193434,0.004195620421543422,0,0,0,
2024-11-05,AGG,98.36000061035156,98.93184379180153,-0.5780173092228899,-1.193436737939919,0.00234386388842589,0,0,0,
2024-11-06,AGG,97.58999633789062,98.28654464790765,-0.7086914211017084,-1.4678572945421668,-0.007828428910968355,0,0,0,
2024-11-07,AGG,98.33000183105467,98.77660270743738,-0.45213225008909586,-0.8093877473352233,0.007582800706354087,0,0,0,
2024-11-08,AGG,98.5,98.53909298819048,-0.03967256751100855,0.23480510003258398,0.0017288535114379222,0,0,0,
2024-11-11,AGG,98.27999877929688,98.08014970150975,0.20376098363973524,0.8647872266087903,-0.0022335149309962166,0,0,0,
2024-11-12,AGG,97.70999908447266,97.85662535532484,-0.14983785749791587,-0.024787514972889245,-0.005799752766625921,0,0,0,
2024-11-13,AGG,97.69000244140624,98.58585741751978,-0.9087053656383142,-1.8686268004368338,-0.00020465298591532122,-1,0,0,
2024-11-14,AGG,97.6500015258789,98.7144206396504,-1.078281275293176,-2.168100976849902,-0.000409467852673262,-1,-1,0,
2024-11-15,AGG,97.66000366210938,98.55317310143069,-0.9062817677134193,-1.6851782476028765,0.00010242842881891256,-1,0,0,
2024-11-18,AGG,97.75,98.61715310070342,-0.8793126483968982,-1.5594632655725658,0.0009215270788029972,-1,0,0,
2024-11-19,AGG,97.88999938964844,98.44201787324305,-0.5607549454191442,-0.8070644809977916,0.00143221881993294,0,0,0,
2024-11-20,AGG,97.79000091552734,97.85761954236048,-0.06909899009332342,0.3371848268555803,-0.0010215392250954025,0,0,0,
2024-11-21,AGG,97.73999786376952,98.3964052617997,-0.6671050596652426,-1.0240047283166718,-0.0005113309263696797,0,0,0,
2024-11-22,AGG,97.80999755859376,98.20182110408392,-0.39899824777675136,-0.3857347831150782,0.0007161826923898218,0,0,0,
2024-11-25,AGG,98.69000244140624,98.81742458444644,-0.12894703902277407,0.24863869716155002,0.008997085213966027,0,0,0,
2024-11-26,AGG,98.54000091552734,98.59705693695228,-0.0578678747596143,0.4269147946905074,-0.001519926255630133,0,0,0,
2024-11-27,AGG,98.80999755859376,99.18044842304712,-0.3735119878398096,-0.3004706070971695,0.0027399699670986877,0,0,0,
2024-11-29,AGG,99.1999969482422,99.40294346324823,-0.20416549846038276,0.108589784726246,0.003946962850770008,0,0,0,
2024-12-02,AGG,98.9000015258789,99.55825179372182,-0.6611709787821184,-0.9465974765408446,-0.0030241474958897507,0,0,0,
2024-12-03,AGG,98.70999908447266,99.41598523614078,-0.7101334357761615,-1.0440920036182832,-0.001921157112990901,0,0,0,
2024-12-04,AGG,99.02999877929688,99.80189481532597,-0.7734282374672463,-1.1536028648442647,0.0032418164096057467,0,0,0,
2024-12-05,AGG,99.0500030517578,99.05121354213335,-0.0012220853559161545,0.6269431999868654,0.00020200214790988547,0,0,0,
2024-12-06,AGG,99.33000183105467,99.34795084986646,-0.018066823380097057,0.5751938799726302,0.0028268427124689133,0,0,0,
2024-12-09,AGG,99.04000091552734,98.63604796486732,0.409538864334781,1.5612420827839713,-0.0029195702223038245,1,0,0,
2024-12-10,AGG,98.91999816894533,98.669792620869,0.2535786702600243,1.2042468049365143,-0.001211659384821373,0,0,0,
2024-12-11,AGG,98.69000244140624,97.90415331071824,0.8026719031969406,2.409836098771129,-0.0023250680529358636,1,1,0,
2024-12-12,AGG,98.29000091552734,97.21921670107494,1.1014120981295281,2.9044279285131585,-0.004053110912793589,1,1,1,
2024-12-13,AGG,97.91999816894533,96.76967251896394,1.1887253723587354,2.8512826555913744,-0.003764398648240963,1,1,1,
2024-12-16,AGG,98.01000213623048,97.08094367407126,0.9569936457131445,2.2896701494548446,0.0009191581798222437,1,1,0,
2024-12-17,AGG,98.01000213623048,97.49957656762376,0.5235156772734285,1.4175815788171238,0.0,0,0,0,
2024-12-18,AGG,96.9499969482422,96.7830600794419,0.1724856278188355,0.7324973384848205,-0.010815275633959343,0,0,0,
2024-12-19,AGG,96.6999969482422,96.40137070682458,0.3097738540728878,0.9821281922793472,-0.0025786488692048914,0,0,0,
2024-12-20,AGG,96.95999908447266,96.81124867059886,0.15364992799537538,0.6920612582571118,0.002688750200991352,0,0,0,
2024-12-23,AGG,96.66000366210938,96.50952000425688,0.15592623178091922,0.7062557224678103,-0.0030940122235554313,0,0,0,
2024-12-24,AGG,96.7699966430664,96.55783121973708,0.21972886160470861,0.8133862508416758,0.001137936858988109,0,0,0,
2024-12-26,AGG,96.83999633789062,97.00967587099244,-0.17490990623189046,0.071895368201861,0.0007233615506097024,0,0,0,
2024-12-27,AGG,96.63999938964844,97.0023015261456,-0.37349849518726114,-0.29387900787502835,-0.0020652308530079155,0,0,0,
2024-12-30,AGG,97.0199966430664,97.97166438432834,-0.9713703929012343,-1.3820875114306452,0.003932090809374289,0,0,0,
2024-12-31,AGG,96.9000015258789,98.0006604290341,-1.1231137610059478,-1.6013664493323252,-0.0012368080946133508,-1,0,0,
2025-01-02,AGG,96.91000366210938,97.86224134152155,-0.9730389028073052,-1.283027335352823,0.00010322121850325772,0,0,0,
2025-01-03,AGG,96.80999755859376,98.29039833662834,-1.5061499425045068,-2.126486399833588,-0.001031948196641208,-1,-1,0,
2025-01-06,AGG,96.70999908447266,97.8922181021481,-1.207674154897414,-1.5695402133806917,-0.0010329354058766782,-1,0,0,
2025-01-07,AGG,96.37000274658205,97.29712668432744,-0.9528790513551034,-1.1316540000561905,-0.0035156275577423735,0,0,0,
2025-01-08,AGG,96.4800033569336,97.77528619803984,-1.3247548449847544,-1.7916844704274613,0.001141440357128598,-1,0,0,
2025-01-10,AGG,95.94000244140624,96.92429536545662,-1.0155275520333336,-1.2357353399312128,-0.005597024219926583,0,0,0,
2025-01-13,AGG,95.8499984741211,96.7306975569102,-0.9104649351576936,-1.0398490187815783,-0.0009381276317989018,0,0,0,
2025-01-14,AGG,95.87999725341795,96.43571180370544,-0.5762539000268337,-0.4677952210540475,0.000312976314808866,0,0,0,
2025-01-15,AGG,96.70999908447266,97.17326769359896,-0.47674491156050647,-0.29166928448186946,0.008656673496359568,0,0,0,
2025-01-16,AGG,96.91999816894533,97.52964794126864,-0.62509173896581,-0.5348713600015876,0.002171430942618846,0,0,0,
2025-01-17,AGG,96.91999816894533,98.0182672100044,-1.1204738385203492,-1.3307301540141745,0.0,0,0,0,
2025-01-21,AGG,97.23999786376952,98.22342380918762,-1.001213261847341,-1.0948335444545165,0.00330168903084771,0,0,0,
2025-01-22,AGG,97.01000213623048,97.78214389757647,-0.7896551768744042,-0.7171539316971431,-0.002365237891729044,0,0,0,
2025-01-23,AGG,96.8499984741211,97.43392040215052,-0.5993004547280207,-0.37647989872340676,-0.0016493522171527886,0,0,0,
2025-01-24,AGG,97.01000213623048,97.3411144629031,-0.3401567040808966,0.07460327818175903,0.0016520770741379476,0,0,0,
2025-01-27,AGG,97.5500030517578,97.66130432516074,-0.1139666054759716,0.45144785917970015,0.005566445764726424,0,0,0,
2025-01-28,AGG,97.5199966430664,97.98253815772269,-0.4720652509651527,-0.16679156321873395,-0.00030760028449683396,0,0,0,
2025-01-29,AGG,97.45999908447266,97.6469682600385,-0.19147463448935922,0.300621856219697,-0.0006152333947810895,0,0,0,
2025-01-30,AGG,97.5999984741211,97.63707185557428,-0.03797059943381187,0.5449808902895164,0.0014364805147093485,0,0,0,
2025-01-31,AGG,97.4000015258789,97.16500859890633,0.2418493348182811,0.9922766946840319,-0.0020491490918949085,0,0,0,
2025-02-03,AGG,97.16999816894533,96.99997189280045,0.17528487155932973,0.8584540940549245,-0.002361430732344183,0,0,0,
2025-02-04,AGG,97.3499984741211,96.85926722088304,0.5066435740412565,1.3748608014691082,0.001852426763071513,0,0,0,
2025-02-05,AGG,97.87000274658205,97.0191418088024,0.8770031582596889,1.9095831529439327,0.0053415950756197095,1,0,0,
2025-02-06,AGG,97.7699966430664,97.3284273281881,0.4536899721900892,1.1934047205633105,-0.0010218258987341189,0,0,0,
2025-02-07,AGG,97.45999908447266,97.02550759808751,0.4478116086596034,1.1473938988516537,-0.0031706818987166097,0,0,0,
2025-02-10,AGG,97.48999786376952,97.6821744505082,-0.19673659786929795,0.11507693430229649,0.00030780606996372306,0,0,0,
2025-02-11,AGG,97.2699966430664,98.11882699209848,-0.8651044606357011,-0.9300200924413758,-0.0022566542776063514,0,0,0,
2025-02-12,AGG,96.76000213623048,97.38633480803672,-0.6431422571152675,-0.5638110715550947,-0.005243081365648217,0,0,0,
2025-02-13,AGG,97.33999633789062,98.26866796779656,-0.9450332940406481,-1.007244552811113,0.005994152427193589,0,0,0,
2025-02-14,AGG,97.6999969482422,98.61279205416652,-0.9256355964679843,-0.9507851268461102,0.00369838323295113,0,0,0,
2025-02-18,AGG,97.30999755859376,98.0126416496444,-0.7168912899647153,-0.6324178197699861,-0.003991805545859428,0,0,0,
2025-02-19,AGG,97.4499969482422,98.09698345880084,-0.6595376205735802,-0.5582444000798641,0.0014386948223295004,0,0,0,
2025-02-20,AGG,97.5999984741211,98.39930127805114,-0.8123053655344794,-0.8036364725124923,0.001539266604170031,0,0,0,
2025-02-21,AGG,98.0199966430664,98.19423176370432,-0.17743926247847042,0.18503324741612753,0.004303259994995479,0,0,0,
2025-02-24,AGG,98.19000244140624,98.48889737670684,-0.30348084226933325,-0.022363465578121272,0.00173439914468565,0,0,0,
2025-02-25,AGG,98.8000030517578,98.55365576672445,0.24996260475253534,0.8486264098454889,0.00621245132074999,0,0,0,
2025-02-26,AGG,98.95999908447266,98.76092678844994,0.2015698945891238,0.7486937533043442,0.0016193929936525464,0,0,0,
2025-02-27,AGG,98.80999755859376,98.6600877671505,0.1519457308785988,0.6540616281020711,-0.0015157793781995776,0,0,0,
2025-02-28,AGG,99.25,99.3086800895255,-0.05908858064833403,0.3186060534128291,0.004453015406111316,0,0,0,
2025-03-03,AGG,99.16000366210938,99.49970200825024,-0.3414063954811613,-0.12038190794164316,-0.00090676410972923,0,0,0,
2025-03-04,AGG,98.91000366210938,99.17217059871837,-0.26435534790279147,-0.0013066259751519506,-0.002521177801201757,0,0,0,
2025-03-05,AGG,98.56999969482422,98.63263773466385,-0.0635064024224232,0.31254578904734553,-0.003437508388399846,0,0,0,
2025-03-06,AGG,98.47000122070312,98.44836714115912,0.02197505166640361,0.4312445468804488,-0.0010144919796154506,0,0,0,
2025-03-07,AGG,98.3499984741211,98.0381945427627,0.3180433226178945,0.8724016830361864,-0.0012186731501411252,0,0,0,
2025-03-10,AGG,98.81999969482422,98.22346928480512,0.6073196297815766,1.2848430522180523,0.004778863528165589,0,0,0,
2025-03-11,AGG,98.47000122070312,98.43583281159496,0.03471135269771091,0.3861051228009149,-0.0035417777292244823,0,0,0,
2025-03-12,AGG,98.18000030517578,97.76723326353672,0.42219364081462946,0.9754831269935921,-0.0029450686699734607,0,0,0,
2025-03-13,AGG,98.4800033569336,97.86613779247551,0.6272502198459886,1.281371462822259,0.003055643214761705,0,0,0,
2025-03-14,AGG,98.27999877929688,97.91388543292273,0.3739136127173304,0.8844714982454696,-0.002030915625701346,0,0,0,
2025-03-17,AGG,98.41000366210938,98.4287637977648,-0.01905960710222066,0.3040175258922434,0.00132280102184823,0,0,0,
2025-03-18,AGG,98.51000213623048,98.75945977566526,-0.2525911340558463,-0.03060590332497635,0.0010161413514875317,0,0,0,
2025-03-19,AGG,98.8000030517578,99.42944801038313,-0.6330568772337918,-0.6304968731154625,0.002943872797061431,0,0,0,
2025-03-20,AGG,98.86000061035156,99.0145028155262,-0.15603997473227743,0.2195740776154163,0.0006072627200459646,0,0,0,
2025-03-21,AGG,98.73999786376952,98.8639615006039,-0.12538809385423247,0.29660031968895867,-0.0012138655254011477,0,0,0,
2025-03-24,AGG,98.36000061035156,98.538643450502,-0.18129216507853285,0.20748416448507584,-0.003848463253384282,0,0,0,
2025-03-25,AGG,98.4499969482422,98.9344773809671,-0.4896982786489127,-0.3288361657846486,0.0009149688626697294,0,0,0,
2025-03-26,AGG,98.20999908447266,98.81790481727444,-0.6151777189830825,-0.5368590690357594,-0.0024377640549416713,0,0,0,
2025-03-27,AGG,98.16000366210938,98.37556067267336,-0.21911642392688396,0.1985221415390745,-0.0005090665189833032,0,0,0,
2025-03-28,AGG,98.7300033569336,98.83348007361214,-0.10469804017977753,0.42108199792943257,0.005806842640168286,0,0,0,
2025-03-31,AGG,98.91999816894533,99.0412347452457,-0.12241020279302985,0.3865696290707629,0.001924387780326997,0,0,0,
2025-04-01,AGG,98.95999908447266,98.44517370551348,0.522956443247497,1.5237186057836258,0.0004043764281012052,1,0,0,
2025-04-02,AGG,98.8499984741211,98.4640065608807,0.3920132104331225,1.2455009172052922,-0.001111566404296993,0,0,0,
2025-04-03,AGG,99.37000274658205,98.87323296480712,0.5024310087561814,1.4020993931391739,0.005260539003418385,0,0,0,
2025-04-04,AGG,99.45999908447266,99.3617081517325,0.09892234601085803,0.6450874076686346,0.0009056690691668923,0,0,0,
2025-04-07,AGG,98.1999969482422,98.4779817309954,-0.2822811534791027,-0.09384586203829323,-0.01266843100571835,0,0,0,
2025-04-08,AGG,97.69000244140624,98.03526777658104,-0.35218482389587474,-0.26150044424831836,-0.0051934269112530185,0,0,0,
2025-04-09,AGG,97.91000366210938,98.1761326483076,-0.2710729981100076,-0.12480875932901599,0.0022520341407001876,0,0,0,
2025-04-10,AGG,97.13999938964844,97.2472761861107,-0.11031342025143558,0.16652135139483204,-0.007864408575841253,0,0,0,
2025-04-11,AGG,97.04000091552734,97.37565836627792,-0.34470365220844074,-0.3559940122334808,-0.0010294263408421322,0,0,0,
2025-04-14,AGG,97.61000061035156,98.07765330726842,-0.47681880749302197,-0.6659417212384009,0.005873863246563582,0,0,0,
2025-04-15,AGG,97.80999755859376,98.40659310603397,-0.6062556670337783,-0.9469204562200159,0.0020489391147591185,0,0,0,
2025-04-16,AGG,98.12000274658205,98.96351050950332,-0.8523422002499358,-1.4509498736397368,0.0031694632013723467,0,0,0,
2025-04-17,AGG,97.87000274658205,97.97325741215684,-0.10539066302595226,0.14095436057962124,-0.0025479004586422827,0,0,0,
2025-04-21,AGG,97.27999877929688,97.1472930027538,0.1366026498950566,0.6434164203584791,-0.006028445394171356,0,0,0,
2025-04-22,AGG,97.45999908447266,97.35400469561668,0.10887522212093258,0.5572417181881826,0.0018503321076734913,0,0,0,
2025-04-23,AGG,97.6999969482422,97.39029511721084,0.3180007111166777,1.0097131882034842,0.002462526842027968,0,0,0,
2025-04-24,AGG,98.23999786376952,97.8608815652524,0.38740331422860563,1.1348341086851415,0.0055271333919630905,0,0,0,
2025-04-25,AGG,98.5999984741211,98.20919765458304,0.3979269038655264,1.1231899370570777,0.0036645014065532777,0,0,0,
2025-04-28,AGG,98.87000274658205,98.08961377814023,0.7955877675356144,1.946018325643518,0.0027383800876206177,1,0,0,
2025-04-29,AGG,99.11000061035156,98.44969980114448,0.6706986517387131,1.6016680581140363,0.0024274082846409417,1,0,0,
2025-04-30,AGG,99.0199966430664,98.34351610761136,0.6878750752767575,1.5768178478187471,-0.000908121952687746,1,0,0,
2025-05-01,AGG,98.43000030517578,97.87531394626764,0.5667275399112984,1.2766781131259293,-0.005958355462456377,0,0,0,
2025-05-02,AGG,97.9499969482422,97.6800820871837,0.2763253831191346,0.6554763433057565,-0.004876596113434495,0,0,0,
2025-05-05,AGG,97.77999877929688,97.14863927109089,0.6498902227999261,1.4143200101793314,-0.001735560737537889,0,0,0,
2025-05-06,AGG,98.0199966430664,97.2742203794287,0.7666741102922509,1.6311567389257624,0.0024544678540161513,1,0,0,
2025-05-07,AGG,98.16999816894533,97.999544548065,0.17393307455293572,0.43634897527869526,0.0015303155582135908,0,0,0,
2025-05-08,AGG,97.66000366210938,97.7524195209717,-0.09454073803513117,-0.11876671811605613,-0.005195013918185887,0,0,0,
2025-05-09,AGG,97.76000213623048,97.90758333160998,-0.1507352039112728,-0.22114632498796732,0.0010239450171134479,0,0,0,
2025-05-12,AGG,97.43000030517578,98.0307186205884,-0.612785791908352,-1.1963826125318937,-0.0033756324042918395,0,0,0,
2025-05-13,AGG,97.33000183105467,97.86655896348842,-0.548253804074095,-1.0854960725108598,-0.0010263622478485779,0,0,0,
2025-05-14,AGG,97.0500030517578,97.1571062623416,-0.11023713519688781,-0.15092860313849898,-0.0028767982536659353,0,0,0,
2025-05-15,AGG,97.5999984741211,98.3903425464398,-0.8032740326578947,-1.7037875844617874,0.005667134518996031,-1,0,0,
2025-05-16,AGG,97.66000366210938,98.128268030933,-0.47719620270482543,-1.0167319921848483,0.0006148072635900892,0,0,0,
2025-05-19,AGG,97.62999725341795,98.40293339516508,-0.7854807931824329,-1.7121349105236146,-0.000307253814931685,-1,0,0,
2025-05-20,AGG,97.45999908447266,97.94415916337952,-0.4943225640430952,-1.0630616493239342,-0.0017412493467968693,0,0,0,
2025-05-21,AGG,96.81999969482422,97.01598905799976,-0.2020175901710102,-0.42527207597461053,-0.006566790433619074,0,0,0,
2025-05-22,AGG,97.0999984741211,97.4567135254458,-0.36602409256451585,-0.8009675136347999,0.0028919518713017567,0,0,0,
2025-05-23,AGG,97.23999786376952,97.483750601276,-0.250044480236989,-0.5316982208871491,0.0014418063012198168,0,0,0,
2025-05-27,AGG,97.68000030517578,98.2550722479014,-0.585284738557502,-1.2744958619249775,0.004524912084250543,0,0,0,
2025-05-28,AGG,97.5,98.07588820688213,-0.5871863282719836,-1.2371614683302679,-0.0018427549612348715,0,0,0,
2025-05-29,AGG,97.86000061035156,98.57181337928284,-0.7221260769469474,-1.4903889794064347,0.0036923139523237225,0,0,0,
2025-05-30,AGG,98.0999984741211,98.54753400429438,-0.4541316377878935,-0.8647280163190855,0.0024524612944274438,0,0,0,
2025-06-02,AGG,97.5199966430664,97.97457444329083,-0.46397527400085226,-0.8795670627181339,-0.005912353109849389,0,0,0,
2025-06-03,AGG,97.4499969482422,97.56244019625744,-0.11525259904226207,-0.1037383943144987,-0.0007177983719627301,0,0,0,
2025-06-04,AGG,98.02999877929688,97.78655565356006,0.24895357455813463,0.699464342147872,0.0059517891146032564,0,0,0,
2025-06-05,AGG,97.77999877929688,97.5791943478854,0.20578611327284588,0.5949284688244728,-0.002550239754290362,0,0,0,
2025-06-06,AGG,97.27999877929688,97.53675025170271,-0.2632356232325428,-0.43175074574537886,-0.005113520211107447,0,0,0,
2025-06-09,AGG,97.4000015258789,97.53157808770747,-0.134906626559701,-0.12038387938646328,0.0012335808808374704,0,0,0,
2025-06-10,AGG,97.62000274658205,97.71663730071064,-0.09889263159068627,-0.03338974481360423,0.0022587393968847014,0,0,0,
2025-06-11,AGG,97.9499969482422,97.90602691985984,0.044910440925513696,0.31178032485948676,0.003380395332673869,0,0,0,
2025-06-12,AGG,98.30999755859376,98.31053518205464,-0.0005468625105907919,0.2351470258142049,0.0036753509093194747,0,0,0,
2025-06-13,AGG,97.95999908447266,97.936589836443,0.02390245368839694,0.3088775267011203,-0.0035601513865617385,0,0,0,
2025-06-16,AGG,97.76000213623048,97.42346453015551,0.34543793704934506,1.0516562038110104,-0.0020416185188988356,0,0,0,
2025-06-17,AGG,98.05999755859376,98.18884050448185,-0.1312195410660749,-0.07835783079735746,0.0030686928785581546,0,0,0,
2025-06-18,AGG,98.12999725341795,97.9084954505501,0.2262334865310241,0.740667755361355,0.0007138455697224266,0,0,0,
2025-06-20,AGG,98.22000122070312,97.92664211386334,0.2995702706712711,0.8926032065540702,0.0009171911729777271,0,0,0,
2025-06-23,AGG,98.41999816894533,98.61009387922196,-0.19277510323584818,-0.2711601302967958,0.002036214067975939,0,0,0,
2025-06-24,AGG,98.81999969482422,99.01056654438467,-0.19247122424557253,-0.26999075050977955,0.004064230169891436,0,0,0,
2025-06-25,AGG,98.80999755859376,98.52266076869653,0.29164538153493935,0.8484940371052074,-0.00010121570796739476,0,0,0,
2025-06-26,AGG,99.08000183105467,98.86558578513272,0.21687632174450153,0.6466568555531158,0.0027325602583969655,0,0,0,
2025-06-27,AGG,98.8000030517578,98.23264308317869,0.5775676503977385,1.457043491870582,-0.0028259868199670413,0,0,0,
2025-06-30,AGG,99.1999969482422,98.48045346332997,0.7306459907601507,1.7421463941983855,0.004048521094426105,1,0,0,
2025-07-01,AGG,98.79000091552734,98.48091539317204,0.31385321828226354,0.7643635540174623,-0.004133024650482375,0,0,0,
2025-07-02,AGG,98.66999816894533,98.07929119000345,0.6022749265158719,1.4163096225341505,-0.0012147256348811197,0,0,0,
2025-07-03,AGG,98.47000122070312,97.88209741379508,0.6006244476175154,1.392537486971362,-0.0020269276573793293,0,0,0,
2025-07-07,AGG,98.12000274658205,97.4464151576966,0.691238962249539,1.575685310078307,-0.003554366505354456,1,0,0,
2025-07-08,AGG,98.08000183105467,97.71926829687224,0.3691529219053473,0.8403799969452156,-0.0004076734040732166,0,0,0,
2025-07-09,AGG,98.48999786376952,98.0883148178668,0.40951161883917714,0.9025105949980494,0.004180220483897212,0,0,0,
2025-07-10,AGG,98.45999908447266,98.35921291422326,0.10246744281828064,0.2060689036986498,-0.0003045870641438242,0,0,0,
2025-07-11,AGG,98.0500030517578,97.77820124622178,0.2779779153960631,0.5782753960849669,-0.004164087309843523,0,0,0,
2025-07-14,AGG,98.04000091552734,97.43883439861374,0.6169680914431801,1.29164218971094,-0.00010201056521308427,0,0,0,
2025-07-15,AGG,97.75,97.54233006281018,0.21290237485212393,0.3842112207586125,-0.0029579856468708865,0,0,0,
2025-07-16,AGG,97.88999938964844,97.78368154269748,0.10872759674581702,0.1347074353204525,0.00143221881993294,0,0,0,
2025-07-17,AGG,97.93000030517578,97.93336852003434,-0.0034392923570938515,-0.1398340138214154,0.0004086312777276113,0,0,0,
2025-07-18,AGG,98.11000061035156,98.1912091387846,-0.08270447950005061,-0.36048538537164715,0.0018380506955464337,0,0,0,
2025-07-21,AGG,98.37999725341795,98.3833976888806,-0.0034563102540990064,-0.17772067612630735,0.002751978813441136,0,0,0,
2025-07-22,AGG,98.56999969482422,98.48488572386476,0.0864233839881789,0.036248205896820776,0.0019313117169217353,0,0,0,
2025-07-23,AGG,98.3499984741211,98.18161410354288,0.17150295614475278,0.23460415536743687,-0.002231928795619953,0,0,0,
2025-07-24,AGG,98.29000091552734,98.29733794815844,-0.007464121393571025,-0.17585907872847062,-0.00061004127630504,0,0,0,
2025-07-25,AGG,98.4499969482422,98.30550115725744,0.1469864751043951,0.19933088239705926,0.0016277956173014196,0,0,0,
2025-07-28,AGG,98.31999969482422,98.399488711136,-0.0807819403870407,-0.3250974181900692,-0.001320439384943084,0,0,0,
2025-07-29,AGG,98.8499984741211,98.7097016051142,0.1421307801822187,0.23753180487830855,0.005390549033176706,0,0,0,
2025-07-30,AGG,98.56999969482422,99.06616335439836,-0.5008406935061829,-1.298268604868184,-0.002832562302670927,0,0,0,
2025-07-31,AGG,98.62000274658205,99.11894036693178,-0.5033726334267715,-1.269113371079319,0.0005072846901961192,0,0,0,
2025-08-01,AGG,99.13999938964844,99.48218564865044,-0.343967371415153,-0.8458436688551837,0.005272729959282074,0,0,0,
2025-08-04,AGG,99.22000122070312,99.46778272186286,-0.24910729321532746,-0.5876784630347142,0.0008069581556104932,0,0,0,
2025-08-05,AGG,99.25,99.8858578252588,-0.6365844365787712,-1.5162473506530725,0.0003023460887703333,-1,0,0,
2025-08-06,AGG,99.20999908447266,100.27957846876603,-1.066597407593329,-2.4815692574203916,-0.00040303189448209764,-1,-1,0,
2025-08-07,AGG,99.12999725341795,100.01805489146432,-0.8878973291472702,-1.9401745833014619,-0.0008063887893656752,-1,0,0,
2025-08-08,AGG,98.94000244140624,100.15387408777104,-1.2120066821389426,-2.532735814532915,-0.0019166227910408784,-1,-1,-1,
2025-08-11,AGG,99.01000213623048,99.89627136069448,-0.8871894940542455,-1.7234305631959883,0.0007074963927324873,-1,0,0,
2025-08-12,AGG,99.01000213623048,99.53977536112347,-0.532222644637293,-0.9409042637235417,0.0,0,0,0,
2025-08-13,AGG,99.37000274658205,100.01759336509872,-0.6474767055759324,-1.1894716376662158,0.003636002450098097,0,0,0,
2025-08-14,AGG,99.08999633789062,99.52980697956026,-0.441888369943246,-0.718654853130534,-0.002817816251907579,0,0,0,
2025-08-15,AGG,98.94000244140624,98.96171057544176,-0.02193589208320315,0.18509378514770367,-0.0015137138160034036,0,0,0,
2025-08-18,AGG,98.83000183105467,98.9465049616376,-0.11774355307253817,-0.04368868630336554,-0.0011117910616255111,0,0,0,
2025-08-19,AGG,99.0199966430664,98.8774288239636,0.1441864142287002,0.5253467833616823,0.0019224406404092509,0,0,0,
2025-08-20,AGG,99.08000183105467,98.94389078033716,0.13756387548948693,0.48960784900973875,0.0006059906081856692,0,0,0,
2025-08-21,AGG,98.8499984741211,98.82335868809812,0.026956972902578726,0.2248744202536875,-0.002321390317753247,0,0,0,
2025-08-22,AGG,99.4000015258789,99.29918446511378,0.10152858888840446,0.38159346789206067,0.005564016795627902,0,0,0,
2025-08-25,AGG,99.25,99.0919814007115,0.15946658554489432,0.5009283452862888,-0.0015090696536845805,0,0,0,
2025-08-26,AGG,99.37000274658205,99.09399791625049,0.27852830255655303,0.7516429410257609,0.001209095683446293,0,0,0,
2025-08-27,AGG,99.47000122070312,99.4915973397014,-0.021706475296137583,0.02780610449336081,0.0010063245582885294,0,0,0,
2025-08-28,AGG,99.58999633789062,99.57254963698809,0.017521597032660784,0.09516272669761315,0.0012063447845069852,0,0,0,
2025-08-29,AGG,99.45999908447266,99.57057341657762,-0.1110512155457272,-0.2321848369531441,-0.0013053244120715402,0,0,0,
2025-09-02,AGG,98.87000274658205,98.56899390534174,0.30537883092260215,0.7615695741616343,-0.005931996212764079,0,0,0,
2025-09-03,AGG,99.2300033569336,98.60034005983076,0.6386015471353924,1.5234505073143998,0.0036411510099203515,1,0,0,
2025-09-04,AGG,99.62999725341795,99.76993874597198,-0.14026418609952263,-0.3437217875111445,0.004030977355161225,0,0,0,
2025-09-05,AGG,100.0999984741211,100.7598425403929,-0.6548680998655607,-1.5289846191627772,0.0047174669643685885,-1,0,0,
2025-09-08,AGG,100.44000244140624,101.03879336646088,-0.5926346753596606,-1.3518724403269164,0.0033966430815983717,0,0,0,
2025-09-09,AGG,100.23999786376952,100.57940931419746,-0.3374561977866334,-0.7420051951964806,-0.001991284077809463,0,0,0,
2025-09-10,AGG,100.44000244140624,100.51540520679282,-0.07501612835510814,-0.12884279403106733,0.0019952572017063464,0,0,0,
2025-09-11,AGG,100.62999725341795,101.10821993209107,-0.47298100885795086,-1.0319808825837025,0.0018916249242681982,0,0,0,
2025-09-12,AGG,100.54000091552734,100.7413809765762,-0.19989805489729726,-0.390585428132254,-0.0008943291299509104,0,0,0,
2025-09-15,AGG,100.70999908447266,101.2614054800732,-0.5445375688658067,-1.1555991678353206,0.0016908510781508124,0,0,0,
2025-09-16,AGG,100.75,101.54388768712528,-0.7818173060020965,-1.6323289957853777,0.00039718911618491504,-1,0,0,
2025-09-17,AGG,100.56999969482422,100.55100636606656,0.018889247799780476,0.16866896960581196,-0.001786603525317898,0,0,0,
2025-09-18,AGG,100.29000091552734,101.06453789542468,-0.7663785893908476,-1.5416116357749083,-0.002784118327001317,-1,0,0,
2025-09-19,AGG,100.29000091552734,100.45598392013972,-0.16522958427675588,-0.19233077062614481,0.0,0,0,0,
2025-09-22,AGG,100.16999816894533,101.03350167094533,-0.8546704684277237,-1.6683406308236772,-0.0011965574382942767,-1,0,0,
2025-09-23,AGG,100.33000183105467,100.99673271865557,-0.6601509471184476,-1.2136133452050257,0.0015973212042939,0,0,0,
2025-09-24,AGG,100.13999938964844,100.68182994542975,-0.538161211486713,-0.9212372119040192,-0.0018937749221432654,0,0,0,
2025-09-25,AGG,100.0,100.60267926248544,-0.59906879906545,-1.0198256716556782,-0.0013980366537020839,0,0,0,
2025-09-26,AGG,100.06999969482422,100.13670978318903,-0.06661901365568326,0.14552460920584268,0.0006999969482421875,0,0,0,
2025-09-29,AGG,100.26000213623048,100.1101784791544,0.149658765324528,0.6548652985336476,0.0018986953331239231,0,0,0,
2025-09-30,AGG,100.25,99.90775212427862,0.3425638836270184,1.0850324644877056,-9.976197902816786e-05,0,0,0,
2025-10-01,AGG,100.18000030517578,100.0167565167574,0.16321643902842775,0.7125788766123199,-0.000698251319942278,0,0,0,
2025-10-02,AGG,100.29000091552734,100.3073755861109,-0.017321428740436105,0.33068887286804594,0.0010980296468003914,0,0,0,
2025-10-03,AGG,100.18000030517578,99.8419352682265,0.3386002445175552,1.2010089117463203,-0.0010968253001035766,0,0,0,
2025-10-06,AGG,99.95999908447266,99.82792767833448,0.13229905619571825,0.724036766216708,-0.002196059293600894,0,0,0,
2025-10-07,AGG,100.12999725341795,100.2521587828536,-0.12185426320868173,0.13409638076036307,0.0017006619698110015,0,0,0,
2025-10-08,AGG,100.13999938964844,100.26900835257032,-0.12866284911112305,0.12687860449048827,9.989150609057695e-05,0,0,0,
2025-10-09,AGG,100.0199966430664,100.09122008890051,-0.07115853495526073,0.28459846670460826,-0.001198349783437691,0,0,0,
2025-10-10,AGG,100.43000030517578,100.25801510558748,0.17154259378382733,0.9287743113557161,0.004099216915318671,0,0,0,
2025-10-13,AGG,100.62000274658205,100.09419230887202,0.5253156307885156,1.7853107428676582,0.0018918892843662327,1,0,0,
2025-10-14,AGG,100.77999877929688,99.8353837471939,0.9461725859590576,2.650958060473284,0.001590101653224929,1,1,1,
2025-10-15,AGG,100.73999786376952,99.5623354462801,1.1828392857707073,2.9376894679722794,-0.00039691323687107705,1,1,1,
2025-10-16,AGG,101.0999984741211,99.96921004811288,1.1311367024546723,2.621193228247336,0.0035735618223697863,1,1,1,
2025-10-17,AGG,100.95999908447266,100.40418698381596,0.5535746240804537,1.3871636480093197,-0.0013847615406668012,0,0,0,
2025-10-20,AGG,101.12999725341795,100.65438702760048,0.472518128481632,1.1972213694775866,0.0016838170610824488,0,0,0,
2025-10-21,AGG,101.2300033569336,100.5497169610694,0.6765671912608092,1.5644757098362172,0.0009888866432483656,1,0,0,
2025-10-22,AGG,101.22000122070312,100.801518817675,0.4151548587130449,1.025027844313272,-9.880604463874398e-05,0,0,0,
2025-10-23,AGG,101.04000091552734,100.80535369210251,0.23277258085074576,0.6631821812616574,-0.0017783076763978611,0,0,0,
2025-10-24,AGG,101.13999938964844,100.93472597298133,0.20337244163327897,0.594978484042251,0.000989691936015502,0,0,0,
2025-10-27,AGG,101.20999908447266,101.2352940844524,-0.024986345136359073,0.15401349420423774,0.0006921069334253627,0,0,0,
2025-10-28,AGG,101.2699966430664,101.03872571513487,0.2288933538053223,0.6295366498711827,0.0005928026789494556,0,0,0,
2025-10-29,AGG,100.79000091552734,100.6930784610482,0.09625532952260943,0.35222912624570374,-0.004739762451368867,0,0,0,
2025-10-30,AGG,100.5999984741211,100.5986980661704,0.0012926687677795087,0.1546616735534131,-0.0018851318551479368,0,0,0,
2025-10-31,AGG,100.54000091552734,100.93116668473957,-0.3875569678432784,-0.6072904989857174,-0.0005963972117671856,0,0,0,
2025-11-03,AGG,100.08999633789062,100.61855066661252,-0.5253050508282483,-0.8852107038616381,-0.004475876004962576,0,0,0,
2025-11-04,AGG,100.13999938964844,100.3760113169132,-0.23512782005216193,-0.3484513135893458,0.0004995809130514672,0,0,0,
2025-11-05,AGG,99.87000274658205,100.62505359451178,-0.7503606914559886,-1.4137223991981576,-0.0026961917786301193,0,0,0,
2025-11-06,AGG,100.23999786376952,100.79410159247138,-0.5497382485159715,-1.0634775584351137,0.0037047672675680765,0,0,0,
2025-11-07,AGG,100.1999969482422,100.62894555891543,-0.4262676194118458,-0.8328611667620348,-0.000399051440341025,0,0,0,
2025-11-10,AGG,100.16000366210938,99.86629195162595,0.2941049524755479,0.7128849629769924,-0.0003991346043002997,0,0,0,
2025-11-11,AGG,100.45999908447266,100.64355573054462,-0.18238291040054655,-0.35255550677370856,0.002995161854978834,0,0,0,
2025-11-12,AGG,100.41999816894533,100.08159333385316,0.33812894441369346,0.7786413674388165,-0.0003981775422244871,0,0,0,
2025-11-13,AGG,100.12000274658205,99.58731581527584,0.5348943557172291,1.1834656508711667,-0.0029874071682273184,0,0,0,
2025-11-14,AGG,100.0,99.93851162167064,0.06152620979801014,0.13490810836392947,-0.0011985891259490566,0,0,0,
2025-11-17,AGG,100.0199966430664,99.90150513915206,0.11860832702099533,0.2616119239200527,0.00019996643066400033,0,0,0,
2025-11-18,AGG,100.08000183105467,100.03113842224494,0.04884819825150646,0.11107900566078023,0.0005999319136391623,0,0,0,
2025-11-19,AGG,100.08000183105467,99.99315593299454,0.08685184225841285,0.1927217350553081,0.0,0,0,0,
2025-11-20,AGG,100.1999969482422,99.92769392098914,0.2725000613627329,0.5944685564027049,0.001198991956355977,0,0,0,
2025-11-21,AGG,100.44000244140624,100.43814154518104,0.0018527784331402873,0.004890048431297153,0.0023952644757865293,0,0,0,
2025-11-24,AGG,100.63999938964844,100.52468929263728,0.11470823518338051,0.25965684700717917,0.0019912081180888386,0,0,0,
2025-11-25,AGG,100.8000030517578,100.25610565597792,0.5425080021023624,1.1704903345872264,0.0015898615170879538,0,0,0,
2025-11-26,AGG,100.95999908447266,100.9366762758669,0.02310637665739284,0.03715577356638516,0.0015872621812591525,0,0,0,
2025-11-28,AGG,100.81999969482422,100.63685706905032,0.1819836500341386,0.373389991984472,-0.0013866817642430584,0,0,0,
2025-12-01,AGG,100.05999755859376,99.94116473938112,0.11890277597076747,0.2430150622073901,-0.007538208079061026,0,0,0,
2025-12-02,AGG,100.19000244140624,100.09484024137366,0.0950720334865381,0.21304104576067975,0.0012992692982662923,0,0,0,
2025-12-03,AGG,100.37999725341795,100.50527219441304,-0.1246451437420689,-0.27548646311384806,0.0018963450182849506,0,0,0,
2025-12-04,AGG,100.13999938964844,100.20838816161108,-0.06824655422293739,-0.17389494401323372,-0.00239089330878961,0,0,0,
2025-12-05,AGG,100.02999877929688,100.08280749203756,-0.05276501935148678,-0.16069066763362183,-0.0010984682546636426,0,0,0,
2025-12-08,AGG,99.87000274658205,100.2875230379318,-0.416323266047603,-0.98940105691149,-0.0015994805025224546,0,0,0,
2025-12-09,AGG,99.77999877929688,99.99335392511428,-0.21336932650262508,-0.5189545079763174,-0.0009012112226887137,0,0,0,
2025-12-10,AGG,100.0999984741211,100.33394493446716,-0.2331678082615637,-0.577186238929431,0.003207052502897101,0,0,0,
2025-12-11,AGG,100.12000274658205,100.4972666385412,-0.3753971670852164,-0.8940425934857712,0.00019984288477403744,0,0,0,
2025-12-12,AGG,99.80999755859376,100.70030668543112,-0.884117592231879,-2.0057218591172434,-0.0030963361914096987,-1,-1,0,
2025-12-15,AGG,99.91000366210938,100.21985619242028,-0.3091727947763111,-0.7482612653765945,0.001001964792724408,0,0,0,
2025-12-16,AGG,100.0999984741211,100.09435291615172,0.005640236242001097,-0.025472852245032897,0.001901659544065959,0,0,0,
2025-12-17,AGG,100.06999969482422,100.14346996843932,-0.07336501684858256,-0.23826103069056861,-0.0002996881094321502,0,0,0,
2025-12-18,AGG,100.31999969482422,100.44720686713676,-0.1266408258427703,-0.3654690681638409,0.002498251231761728,0,0,0,
2025-12-19,AGG,99.83999633789062,99.97190180118224,-0.13194253676792259,-0.41961659578955623,-0.004784722472027214,0,0,0,
2025-12-22,AGG,99.8000030517578,99.66402789038096,0.1364335400194652,0.2101342627178171,-0.00040057379406821525,0,0,0,
2025-12-23,AGG,99.8000030517578,99.54991223026732,0.25122153891205135,0.47376032650591327,0.0,0,0,0,
2025-12-24,AGG,100.0199966430664,100.04615497603773,-0.026146265168896957,-0.26105942960857886,0.0022043445348844948,0,0,0,
2025-12-26,AGG,100.04000091552734,100.26021321151968,-0.2196407617124817,-0.7559241986769775,0.00020000273077713793,0,0,0,
2025-12-29,AGG,100.16000366210938,100.0407355997101,0.1192194976219438,0.1246774867237332,0.001199547635783782,0,0,0,
2025-12-30,AGG,100.12000274658205,100.11799593171403,0.0020044496989130483,-0.1661609373407585,-0.0003993701484105161,0,0,0,
2025-12-31,AGG,99.87999725341795,99.92092273482685,-0.0409578697721801,-0.26963724691286006,-0.0023971782518981133,0,0,0,
2026-01-02,AGG,99.8499984741211,100.4213139625271,-0.5689185550979652,-1.588981334268448,-0.0003003482190808704,-1,0,0,
2026-01-05,AGG,100.04000091552734,100.77306080608211,-0.7274363651267867,-1.899971680187958,0.0019028787612400677,-1,0,0,
2026-01-06,AGG,100.0199966430664,100.62184451723913,-0.5981284452300089,-1.5207507285887958,-0.00019996273768363437,-1,0,0,
2026-01-07,AGG,100.12000274658205,100.69753643245592,-0.5735330836631357,-1.420689914166076,0.0009998610965018528,0,0,0,
2026-01-08,AGG,99.94000244140624,100.450945447776,-0.5086492756162204,-1.2359077166559325,-0.0017978455876735966,0,0,0,
2026-01-09,AGG,100.16000366210938,100.1344118786578,0.025557431228123803,0.028389993876044482,0.002201332953059687,0,0,0,
2026-01-12,AGG,100.11000061035156,99.98939308158006,0.12062032287074571,0.2561679106824061,-0.0004992317285300585,0,0,0,
2026-01-13,AGG,100.1999969482422,100.67547588283344,-0.4722887380682477,-1.1169797251272702,0.0008989745014678086,0,0,0,
2026-01-14,AGG,100.3499984741211,101.27565402039562,-0.9139961180483828,-2.110319942563464,0.0014970212619505041,-1,-1,0,
2026-01-15,AGG,100.22000122070312,100.7643929320888,-0.5402619869427187,-1.2239324214547702,-0.0012954385191296103,0,0,0,
2026-01-16,AGG,100.0500030517578,100.36052224874126,-0.3094037277066462,-0.6246564696245149,-0.0016962499189254743,0,0,0,
2026-01-20,AGG,99.66999816894533,99.7674709296792,-0.09769994149955209,-0.012943522061470977,-0.0037981496373956647,0,0,0,
2026-01-21,AGG,100.0,100.11520648539565,-0.11507391278511905,-0.03647930350378882,0.0033109444879821925,0,0,0,
2026-01-22,AGG,100.0199966430664,99.50247945275508,0.5201048186513251,1.8336496080191005,0.00019996643066400033,1,0,0,
2026-01-23,AGG,100.11000061035156,99.69772538942009,0.4135252026273685,1.5212364054849794,0.0008998597311129508,1,0,0,
2026-01-26,AGG,100.26000213623048,99.54034211491484,0.7229832709283158,2.316794423138887,0.0014983670458934562,1,1,0,
2026-01-27,AGG,100.19000244140624,99.61579389840578,0.5764231960908376,1.8436976032524606,-0.0006981816610091007,1,0,0,
2026-01-28,AGG,100.1500015258789,99.85048701053849,0.29996299898748413,1.056546023197909,-0.0003992505694440096,0,0,0,
2026-01-29,AGG,100.1500015258789,100.02102524822536,0.12894916577136173,0.5947825038854553,0.0,0,0,0,
2026-01-30,AGG,100.12999725341795,99.77866060790404,0.3521160169653342,1.1849799031506651,-0.0001997431069012956,0,0,0,
2026-02-02,AGG,99.69000244140624,99.3365351944586,0.3558280407663629,1.1670392560082472,-0.004394235734353824,0,0,0,
2026-02-03,AGG,99.6999969482422,99.39935138085868,0.3024623030300995,0.9916245052092524,0.00010025585907524892,0,0,0,
2026-02-04,AGG,99.63999938964844,99.49571049457028,0.1450202168122981,0.546039811545676,-0.0006017809471440261,0,0,0,
2026-02-05,AGG,100.06999969482422,99.8516140149668,0.2187102151645599,0.7245403091304365,0.004315539018564518,0,0,0,
2026-02-06,AGG,100.12999725341795,99.74217833339895,0.3888213857959612,1.157775671194121,0.0005995558986380267,0,0,0,
2026-02-09,AGG,100.16000366210938,99.88956633425654,0.27073631188654723,0.8056749197304939,0.00029967451827128677,0,0,0,
2026-02-10,AGG,100.4499969482422,100.33773007731202,0.11188898816395507,0.34208239705849014,0.0028953002748595136,0,0,0,
2026-02-11,AGG,100.22000122070312,100.39964741959824,-0.1789311053497249,-0.4579293434357842,-0.0022896539027033036,0,0,0,
2026-02-12,AGG,100.66999816894533,100.68912432736587,-0.018995257480205884,-0.012830199751099088,0.00449009122691213,0,0,0,
2026-02-13,AGG,100.98999786376952,101.15873260817582,-0.16680195575391227,-0.41182727107401423,0.0031786997183327337,0,0,0,
2026-02-17,AGG,101.0,101.45951387333012,-0.4529036812691776,-1.1946064682108053,9.904085990752876e-05,0,0,0,
2026-02-18,AGG,100.86000061035156,101.160184242083,-0.29674089067798015,-0.7257603134897467,-0.001386132570776577,0,0,0,
2026-02-19,AGG,100.87999725341795,101.48355360664786,-0.5947331678680673,-1.5215105987546425,0.00019826138157230666,-1,0,0,
2026-02-20,AGG,100.9000015258789,101.26119400339088,-0.35669387574067357,-0.8280064367717498,0.00019829771020618558,0,0,0,
2026-02-23,AGG,101.0999984741211,100.99090252398844,0.10802552250361513,0.4748480221818293,0.0019821302796600992,0,0,0,
2026-02-24,AGG,101.08999633789062,100.8018500381072,0.28585417794860857,0.9724661305202489,-9.893309971742426e-05,0,0,0,
2026-02-25,AGG,101.04000091552734,100.2757560831664,0.7621431761901623,2.1836636037331516,-0.0004945634995986437,1,1,0,
2026-02-26,AGG,101.1999969482422,100.73878085545418,0.4578337050254763,1.3321173528826182,0.0015834919958939153,0,0,0,
2026-02-27,AGG,101.4000015258789,100.87796033840478,0.5174977623684034,1.4941366906714642,0.0019763298781421135,0,0,0,
2026-03-02,AGG,100.68000030517578,100.26899332297444,0.4099043668240057,1.1781418559809698,-0.007100603647617998,0,0,0,
2026-03-03,AGG,100.56999969482422,100.55664564000509,0.013280131545894826,0.14183992559992464,-0.0010925765794411735,0,0,0,
2026-03-04,AGG,100.52999877929688,100.74169975877884,-0.21014235414815188,-0.43379611603947266,-0.00039774202693376726,0,0,0,
2026-03-05,AGG,100.23999786376952,100.82903225056404,-0.5841912529029835,-1.3720236378153157,-0.0028847201735675565,0,0,0,
2026-03-06,AGG,100.12000274658205,101.15194503304892,-1.0201902554910938,-2.3544498444902753,-0.001197078209743685,-1,-1,0,
2026-03-09,AGG,100.44000244140624,101.17936254611132,-0.730742007163892,-1.5774446723676572,0.0031961614666966565,-1,0,0,
2026-03-10,AGG,100.11000061035156,100.76362109609826,-0.6486671267235842,-1.335251434290967,-0.003285561758594957,0,0,0,
2026-03-11,AGG,99.66000366210938,100.29261481404636,-0.6307654388211095,-1.2734395366103541,-0.004495024927566149,0,0,0,
2026-03-12,AGG,99.29000091552734,99.48243064275418,-0.193430866117316,-0.2365361991039217,-0.0037126503410184197,0,0,0,
2026-03-13,AGG,99.20999908447266,99.74857271639496,-0.5399311661867846,-1.0389413637417617,-0.0008057390504281337,0,0,0,
2026-03-16,AGG,99.5999984741211,99.5334659727371,0.06684435303620667,0.3739290783931377,0.003931049221322702,0,0,0,
2026-03-17,AGG,99.8000030517578,99.48918990902771,0.3124089592188748,0.9291681968432107,0.002008078119485779,0,0,0,
2026-03-18,AGG,99.37999725341795,99.046216526216,0.3369949291436165,0.9590216403010574,-0.004208474804575091,0,0,0,
2026-03-19,AGG,99.48999786376952,99.24421492527486,0.2476546755694694,0.7321776172185661,0.0011068687199806693,0,0,0,
2026-03-20,AGG,98.66000366210938,98.54493204372211,0.11677071159398349,0.41140312134795687,-0.008342488888145705,0,0,0,
2026-03-23,AGG,99.02999877929688,98.95875196351426,0.0719964776929317,0.29680588313483974,0.003750203764989246,0,0,0,
2026-03-24,AGG,98.76000213623048,98.57074888861202,0.19199737219439103,0.5696110746669422,-0.0027264126668133937,0,0,0,
2026-03-25,AGG,99.11000061035156,98.86400910988884,0.24881805085336844,0.6989528778450101,0.0035439293899395263,0,0,0,
2026-03-26,AGG,98.5500030517578,98.49698873892304,0.0538232828368814,0.24407741451871903,-0.005650262891182756,0,0,0,
2026-03-27,AGG,98.54000091552734,98.38958584931656,0.15287701936376033,0.4725891018886823,-0.00010149300782058557,0,0,0,
2026-03-30,AGG,99.04000091552734,98.63055614003358,0.41512974428781135,1.0641807706377344,0.00507408154408906,0,0,0,
2026-03-31,AGG,99.2699966430664,99.1620865563436,0.10882192022199581,0.34148681940221276,0.0023222508624090032,0,0,0,
2026-04-01,AGG,99.0,98.8605804017382,0.14102648163225281,0.41176928912020855,-0.0027198212168496605,0,0,0,
2026-04-02,AGG,99.2300033569336,99.00165312894872,0.23065294443866724,0.6110656887010514,0.0023232662316523545,0,0,0,
2026-04-06,AGG,99.0500030517578,98.81781220971776,0.234968612285475,0.5974136895124749,-0.0018139705642086223,0,0,0,
2026-04-07,AGG,99.16999816894533,99.103911860347,0.06668385471146228,0.17174360123903373,0.0012114600049515367,0,0,0,
2026-04-08,AGG,99.43000030517578,99.26079842712744,0.17046193535563875,0.4008989871098031,0.0026217822025922377,0,0,0,
2026-04-09,AGG,99.48999786376952,99.460789569794,0.029366641972029154,0.028971843285401273,0.0006034150498801516,0,0,0,
2026-04-10,AGG,99.31999969482422,99.24933083284022,0.07120336368113864,0.11265613281158167,-0.001708696075941929,0,0,0,
2026-04-13,AGG,99.5199966430664,99.71993312146148,-0.2004980069045434,-0.5699084181768262,0.0020136623928384,0,0,0,
2026-04-14,AGG,99.77999877929688,100.346051541458,-0.5641006830520442,-1.4429727570829967,0.0026125617463892414,0,0,0,
2026-04-15,AGG,99.62000274658205,100.05336512765052,-0.43313124002934106,-1.118885207686729,-0.0016034880203669166,0,0,0,
2026-04-16,AGG,99.4800033569336,100.34887018627435,-0.8658461502634867,-2.2153052570032266,-0.001405334127570601,-1,-1,0,
2026-04-17,AGG,99.8499984741211,100.662244579787,-0.8069024380060421,-2.018850910650249,0.003719291362103805,-1,-1,0,
2026-04-20,AGG,99.83999633789062,100.86706212560938,-1.018237039996023,-2.403799162618207,-0.00010017162126507717,-1,-1,0,
2026-04-21,AGG,99.47000122070312,100.30700044226116,-0.8344374947587287,-1.885020861953079,-0.003705880716735166,-1,0,0,
2026-04-22,AGG,99.61000061035156,99.99730575072952,-0.387315575625032,-0.8442125871663156,0.0014074533822294732,0,0,0,
2026-04-23,AGG,99.4499969482422,99.4525350036644,-0.002552026876035916,0.053776636941394576,-0.0016063011859145382,0,0,0,
2026-04-24,AGG,99.58999633789062,99.05500853976042,0.5400916177958434,1.2964202596091035,0.0014077364901408096,0,0,0,
2026-04-27,AGG,99.44000244140624,99.05913612583,0.3844837846076568,0.9673610478968779,-0.0015061140877592472,0,0,0,
2026-04-28,AGG,99.4000015258789,99.30244200652932,0.09824483404262405,0.3207853691053126,-0.00040226181159741525,0,0,0,
2026-04-29,AGG,98.95999908447266,98.83131793061288,0.1302028107629984,0.4047041758666131,-0.004426583849615917,0,0,0,
2026-04-30,AGG,99.0999984741211,99.39766716296867,-0.29947251011387754,-0.6029651349611156,0.0014147068607885949,0,0,0,
2026-05-01,AGG,98.9000015258789,98.90809206954812,-0.008179860211561947,0.10508003951606465,-0.0020181327075844413,0,0,0,
2026-05-04,AGG,98.58999633789062,98.09038228352284,0.5093405110030929,1.3315504831438834,-0.003134531680539565,0,0,0,
2026-05-05,AGG,98.7699966430664,97.69680275778444,1.0984943774902143,2.5694227869457538,0.0018257461391810725,1,1,1,
2026-05-06,AGG,99.19000244140624,98.83078264568104,0.3634695447197226,0.8935616886443241,0.004252362180973135,0,0,0,
2026-05-07,AGG,98.9499969482422,98.68779673913843,0.26568655676531244,0.6710379478761441,-0.002419654070538124,0,0,0,
2026-05-08,AGG,99.18000030517578,99.234406359782,-0.054825797424499154,-0.03417653753076737,0.002324440263034022,0,0,0,
2026-05-11,AGG,98.91999816894533,98.75824457376706,0.1637874345340832,0.4660293198553187,-0.0026215178002665374,0,0,0,
2026-05-12,AGG,98.62999725341795,98.31584599381824,0.3195326820657823,0.8086525075689753,-0.002931671258546542,0,0,0,
2026-05-13,AGG,98.66999816894533,98.51088253649498,0.16152086790147732,0.43886360715856937,0.0004055654125649788,0,0,0,
2026-05-14,AGG,98.63999938964844,98.28173057336598,0.3645324661993189,0.8781510230412439,-0.0003040314163736957,0,0,0,
2026-05-15,AGG,98.0199966430664,98.126648810975,-0.10868828111519468,-0.18633127288967236,-0.006285510446253029,0,0,0,
2026-05-18,AGG,98.01000213623048,98.39925785185544,-0.3955880604414694,-0.8343173399163362,-0.0001019639581535392,0,0,0,
2026-05-19,AGG,97.62999725341795,98.4249201025751,-0.8076438856426853,-1.7064273780394585,-0.0038772051273331387,-1,0,0,
2026-05-20,AGG,98.22000122070312,99.28300398984254,-1.0706794984246952,-2.2047411123008493,0.0060432652246593666,-1,-1,0,
2026-05-21,AGG,98.33999633789062,99.34479750911494,-1.011428073153125,-1.99501816775235,0.001221697370150432,-1,0,0,
2026-05-22,AGG,98.44000244140624,99.24383598817886,-0.8099581588808892,-1.518180526157272,0.0010169423148236323,-1,0,0,
2026-05-26,AGG,98.72000122070312,99.21392465451548,-0.4978368062066939,-0.8548070295026093,0.0028443597353986494,0,0,0,
2026-05-27,AGG,98.8000030517578,99.51464637616166,-0.7181287885026904,-1.269481488436606,0.0008103913094148485,0,0,0,
2026-05-28,AGG,99.0,99.78597861106364,-0.787664381312683,-1.3656953542975179,0.0020242605472129416,0,0,0,
2026-05-29,AGG,99.05999755859376,99.65212349760225,-0.5941929968233242,-0.9396159424302373,0.0006060359453916586,0,0,0,
2026-06-01,AGG,98.68000030517578,99.14458138290028,-0.46858947936879447,-0.6563124461499018,-0.003836031322262179,0,0,0,
2026-06-02,AGG,98.70999908447266,98.53106815246748,0.18159849006030687,0.6871894182621195,0.00030400059996038564,0,0,0,
2026-06-03,AGG,98.5,98.12484326055316,0.38232595026997834,1.073449558182769,-0.0021274347727725518,0,0,0,
2026-06-04,AGG,98.66000366210938,97.88189011785715,0.794951490327081,1.8354356718774405,0.001624402661008828,1,0,0,
2026-06-05,AGG,98.16999816894533,97.66846040407096,0.5135104646878063,1.2394825704513959,-0.004966607287409164,0,0,0,
2026-06-08,AGG,98.16999816894533,97.6269230350933,0.5562759912619725,1.2853575776486161,0.0,0,0,0,
